{"stats":{"minecraft:killed":{"born_in_chaos_v1:restless_spirit":1,"born_in_chaos_v1:siamese_skeletonsright":1,"born_in_chaos_v1:maggot":5,"minecraft:skeleton":1,"undead_revamp2:sucker":1,"minecraft:creeper":1,"minecraft:zombie":11,"born_in_chaos_v1:siamese_skeletonsleft":1},"minecraft:used":{"minecraft:iron_sword":150,"minecraft:torch":24,"minecraft:dirt":14,"quark:cherry_chest":3,"minecraft:lantern":6,"quark:cherry_ladder":9,"minecraft:iron_axe":73,"minecraft:cherry_trapdoor":6,"iceandfire:ghost_chest":1,"minecraft:iron_boots":1,"minecraft:oak_sapling":5,"minecraft:furnace":12,"tombstone:gift":4,"minecraft:cooked_beef":55,"minecraft:cherry_log":16,"minecraft:brown_bed":2,"tombstone:scroll_of_reach":1,"minecraft:cherry_planks":211,"minecraft:stonecutter":1,"minecraft:dark_oak_trapdoor":2,"minecraft:crafting_table":2,"minecraft:stone_brick_wall":4,"minecraft:book":1,"minecraft:flower_pot":2,"minecraft:cherry_door":13,"minecraft:iron_pickaxe":8,"quark:dark_oak_chest":7,"minecraft:cobblestone":41,"minecraft:cherry_stairs":8,"minecraft:glass_pane":4,"minecraft:yellow_bed":6},"minecraft:crafted":{"minecraft:cherry_planks":248,"minecraft:cherry_slab":6,"quark:cherry_ladder":8,"minecraft:furnace":10,"minecraft:dark_oak_trapdoor":6,"minecraft:stone":17,"quark:cherry_chest":2,"minecraft:glass_pane":16,"quark:dark_oak_chest":4,"minecraft:glass":6,"minecraft:cherry_trapdoor":6,"minecraft:iron_boots":1,"minecraft:cherry_stairs":8,"minecraft:dark_oak_planks":44,"minecraft:crafting_table":2,"minecraft:air":0,"minecraft:dark_oak_slab":6,"minecraft:iron_ingot":12,"minecraft:cherry_door":9,"minecraft:acacia_planks":16},"minecraft:picked_up":{"luminousworld:groundpebbles_1":4,"minecraft:iron_chestplate":1,"minecraft:flower_pot":2,"born_in_chaos_v1:seedof_chaos":1,"minecraft:brown_mushroom":2,"minecraft:brown_bed":2,"minecraft:potion":1,"minecraft:stripped_cherry_log":1,"quark:dark_oak_chest":3,"minecraft:string":7,"minecraft:dark_oak_trapdoor":2,"minecraft:iron_leggings":1,"botania:magenta_mystical_flower":1,"iceandfire:graveyard_soil":2,"botania:light_gray_double_flower":1,"supplementaries:bomb":2,"minecraft:cracked_stone_bricks":2,"minecraft:gold_nugget":10,"minecraft:cobbled_deepslate":4,"minecraft:sugar_cane":25,"minecraft:cherry_trapdoor":5,"minecraft:furnace":6,"minecraft:stick":23,"minecraft:raw_iron":2,"iceandfire:ghost_chest":1,"minecraft:cherry_stairs":3,"quark:cherry_chest":1,"minecraft:torch":9,"minecraft:acacia_log":4,"botania:black_mushroom":1,"minecraft:cherry_log":85,"tombstone:grave_dust":3,"portablemobs:basic_capture_cell":2,"minecraft:tnt":1,"minecraft:rotten_flesh":16,"minecraft:cactus":4,"minecraft:arrow":1,"botania:lime_mystical_flower":1,"minecraft:red_tulip":1,"supplementaries:ash":12,"minecraft:snowball":4,"minecraft:rail":3,"minecraft:cobblestone":109,"born_in_chaos_v1:fused_bone":2,"born_in_chaos_v1:corpse_maggot":3,"minecraft:pink_petals":444,"minecraft:cooked_beef":9,"minecraft:cherry_planks":24,"artifacts:digging_claws":1,"minecraft:red_mushroom":10,"evilcraft:flesh_humanoid":2,"minecraft:chainmail_chestplate":1,"supplementaries:flax_seeds":2,"iceandfire:ectoplasm":6,"minecraft:yellow_bed":6,"minecraft:gunpowder":1,"quark:cherry_ladder":5,"minecraft:cherry_door":8,"minecraft:dirt":203,"minecraft:lantern":4,"tombstone:gift":1,"minecraft:name_tag":1,"minecraft:bone":13,"minecraft:stone_bricks":2,"minecraft:stonecutter":1,"minecraft:wheat_seeds":9,"quark:glow_shroom":4,"minecraft:iron_sword":1,"quark:light_gray_shard":4,"botania:red_mystical_flower":1,"minecraft:smooth_basalt":1,"quark:white_shard":2,"born_in_chaos_v1:ethereal_spirit":5,"minecraft:sand":20,"minecraft:spruce_sapling":5,"minecraft:iron_helmet":1,"minecraft:cherry_sapling":44,"minecraft:chainmail_helmet":1,"tombstone:magic_scroll":2,"minecraft:oak_sapling":7,"minecraft:coal":20,"iceandfire:raw_silver":1},"minecraft:mined":{"luminousworld:groundpebbles_1":1,"iceandfire:silver_ore":1,"quark:cherry_chest":1,"botania:red_mystical_flower":1,"minecraft:cherry_log":96,"minecraft:stripped_cherry_log":1,"minecraft:cherry_trapdoor":5,"botania:black_mushroom":1,"minecraft:acacia_log":4,"minecraft:grass_block":39,"minecraft:white_stained_glass":1,"minecraft:brown_mushroom_block":1,"minecraft:red_mushroom":3,"luminousworld:savanna_grass_2":1,"minecraft:dark_oak_trapdoor":2,"minecraft:furnace":6,"minecraft:cobbled_deepslate":1,"minecraft:brown_bed":1,"minecraft:deepslate_iron_ore":2,"quark:cherry_ladder":5,"minecraft:vine":1,"minecraft:lantern":3,"minecraft:stone":99,"minecraft:cherry_stairs":3,"luminousworld:savannah_soil":14,"botania:lime_mystical_flower":1,"minecraft:glass_pane":2,"minecraft:cherry_planks":24,"quark:dark_oak_chest":3,"minecraft:oak_fence":2,"iceandfire:dragon_ice_spikes":5,"minecraft:torch":3,"botania:green_double_flower":1,"iceandfire:ghost_chest":1,"minecraft:dead_bush":4,"minecraft:tall_grass":11,"minecraft:cobblestone":4,"minecraft:sugar_cane":10,"botania:light_gray_double_flower":1,"minecraft:wall_torch":6,"supplementaries:urn":3,"minecraft:pink_petals":27,"minecraft:cactus":2,"minecraft:light_gray_stained_glass":2,"minecraft:cherry_door":5,"minecraft:tnt":1,"minecraft:yellow_bed":6,"quark:glow_shroom":4,"minecraft:grass":20,"minecraft:coal_ore":20,"minecraft:mycelium":1,"minecraft:cherry_leaves":5,"minecraft:flower_pot":1,"minecraft:sand":23,"minecraft:dirt":160,"minecraft:cobweb":5,"minecraft:cracked_stone_bricks":2,"minecraft:smooth_basalt":1,"minecraft:stone_bricks":2,"minecraft:red_mushroom_block":4,"minecraft:stonecutter":1,"minecraft:potted_red_tulip":1,"luminousworld:savannah_grass_4":2,"minecraft:deepslate":3,"luminousworld:savannah_ground":2},"minecraft:dropped":{"minecraft:enchanted_book":2,"minecraft:bread":40,"minecraft:cooked_beef":11,"minecraft:diamond":2,"minecraft:golden_apple":1,"minecraft:emerald":4,"minecraft:dirt":68,"minecraft:snowball":4,"minecraft:pink_petals":214,"minecraft:acacia_planks":16,"minecraft:bone":4,"minecraft:carrot":61,"evilcraft:flesh_humanoid":2,"minecraft:potato":57,"luminousworld:groundpebbles_1":2},"minecraft:custom":{"minecraft:interact_with_smithing_table":1,"lootr:looted_stat":19,"minecraft:mob_kills":22,"minecraft:interact_with_crafting_table":22,"minecraft:damage_dealt_resisted":202,"minecraft:time_since_death":122340,"minecraft:climb_one_cm":31406,"minecraft:sprint_one_cm":470792,"minecraft:walk_one_cm":756733,"minecraft:drop":40,"minecraft:play_time":179333,"minecraft:sneak_time":2976,"minecraft:deaths":1,"minecraft:walk_under_water_one_cm":996,"minecraft:jump":2097,"minecraft:walk_on_water_one_cm":2781,"minecraft:total_world_time":179333,"minecraft:interact_with_furnace":15,"minecraft:interact_with_loom":1,"minecraft:pot_flower":1,"minecraft:interact_with_stonecutter":1,"minecraft:sleep_in_bed":13,"minecraft:time_since_rest":9929,"minecraft:damage_taken":5160,"minecraft:damage_dealt":4357,"minecraft:fly_one_cm":399178,"minecraft:open_chest":79,"minecraft:crouch_one_cm":4750,"tombstone:undead_killed":15,"minecraft:fall_one_cm":50495}},"DataVersion":3465}