{"stats":{"minecraft:dropped":{"evilcraft:broom":1},"minecraft:killed_by":{"undead_revamp2:bomber":1},"minecraft:picked_up":{"vampirism:weapon_table":1,"minecraft:pink_petals":3,"minecraft:crafting_table":1,"minecraft:iron_chestplate":1,"minecraft:wheat":3,"minecraft:andesite":4,"minecraft:black_bed":1,"minecraft:brown_mushroom":2,"minecraft:red_mushroom":3,"undead_revamp2:huntereye":1,"minecraft:cobblestone_wall":7,"minecraft:string":22,"minecraft:dirt":4,"tombstone:gift":1,"minecraft:raw_copper":3,"minecraft:iron_axe":1,"minecraft:iron_leggings":1,"minecraft:iron_shovel":1,"minecraft:bone":14,"minecraft:stone_bricks":5,"iceandfire:graveyard_soil":3,"ancient_elements:aetherial_shard":2,"minecraft:cracked_stone_bricks":1,"minecraft:tnt_minecart":1,"minecraft:gold_nugget":113,"minecraft:cobbled_deepslate":20,"minecraft:cobweb":15,"minecraft:calcite":1,"minecraft:iron_pickaxe":1,"sophisticatedbackpacks:netherite_backpack":1,"minecraft:iron_sword":1,"minecraft:acacia_sapling":3,"ancient_elements:aero_charge":2,"minecraft:iron_boots":1,"minecraft:stick":10,"minecraft:raw_iron":66,"iceandfire:ghost_chest":2,"minecraft:copper_ingot":1,"minecraft:torch":35,"minecraft:acacia_log":8,"earthmobsmod:harder_flesh":1,"minecraft:dripstone_block":5,"minecraft:gravel":3,"minecraft:sand":2,"minecraft:cherry_log":15,"tombstone:grave_dust":3,"minecraft:pointed_dripstone":3,"vampirism:vampire_fang":1,"minecraft:spider_eye":1,"minecraft:bundle":1,"iceandfire:silver_ingot":6,"minecraft:rotten_flesh":18,"minecraft:slime_ball":1,"minecraft:diamond":4,"evilcraft:broom":1,"minecraft:iron_helmet":1,"minecraft:granite":2,"minecraft:cherry_sapling":19,"minecraft:gold_ingot":1,"supplementaries:ash":11,"minecraft:iron_bars":1,"minecraft:coal":50,"minecraft:cobblestone":97},"minecraft:custom":{"minecraft:interact_with_smithing_table":1,"lootr:looted_stat":20,"minecraft:mob_kills":21,"minecraft:animals_bred":1,"minecraft:interact_with_crafting_table":1,"minecraft:leave_game":1,"minecraft:time_since_death":39353,"minecraft:climb_one_cm":21499,"minecraft:time_since_rest":38644,"minecraft:waystone_activated":1,"minecraft:sprint_one_cm":241496,"minecraft:walk_one_cm":410867,"minecraft:damage_taken":4433,"minecraft:drop":1,"minecraft:damage_dealt":4176,"minecraft:fly_one_cm":162928,"minecraft:open_chest":2,"minecraft:crouch_one_cm":2216,"minecraft:play_time":80219,"tombstone:undead_killed":10,"minecraft:deaths":2,"minecraft:sneak_time":1301,"minecraft:jump":1204,"minecraft:walk_on_water_one_cm":6984,"minecraft:total_world_time":80219,"minecraft:fall_one_cm":25054},"minecraft:crafted":{"minecraft:cherry_planks":36,"minecraft:crafting_table":1,"minecraft:iron_pickaxe":1,"minecraft:torch":32,"minecraft:shears":1},"minecraft:killed":{"vampirism:vampire":2,"minecraft:cave_spider":6,"earthmobsmod:bouldering_zombie":1,"undead_revamp2:thehunter":2,"ancient_elements:aetherial_glaze":2,"minecraft:spider":1,"undead_revamp2:bomber":1,"minecraft:skeleton":1,"minecraft:zombie":4,"undead_revamp2:sucker":1},"minecraft:used":{"minecraft:cherry_sapling":3,"minecraft:cherry_planks":8,"minecraft:iron_sword":98,"minecraft:torch":34,"minecraft:dirt":1,"minecraft:crafting_table":1,"minecraft:dripstone_block":5,"minecraft:shears":6,"vampirism:hunter_axe_ultimate":1,"minecraft:iron_axe":29,"minecraft:iron_pickaxe":299,"minecraft:golden_carrot":42,"minecraft:cobblestone":33,"tombstone:gift":1,"minecraft:cobbled_deepslate":20,"minecraft:cherry_log":6},"minecraft:broken":{"minecraft:iron_pickaxe":1},"minecraft:mined":{"minecraft:brown_mushroom":1,"minecraft:cherry_log":9,"luminousworld:savannah_grass_1":1,"minecraft:crafting_table":1,"minecraft:glow_lichen":2,"minecraft:torch":4,"minecraft:granite":3,"minecraft:allium":1,"minecraft:acacia_log":8,"iceandfire:ghost_chest":2,"minecraft:mushroom_stem":7,"minecraft:brown_mushroom_block":5,"vampirism:weapon_table":1,"minecraft:tall_grass":1,"minecraft:cobblestone":2,"minecraft:red_mushroom":4,"minecraft:wall_torch":2,"luminousworld:savanna_grass_2":1,"minecraft:pink_petals":2,"supplementaries:urn":6,"minecraft:cobblestone_wall":12,"minecraft:iron_ore":68,"minecraft:andesite":3,"minecraft:black_bed":1,"minecraft:iron_bars":1,"minecraft:pointed_dripstone":3,"minecraft:coal_ore":55,"minecraft:vine":1,"iceandfire:gold_pile":12,"minecraft:sand":2,"minecraft:gravel":3,"minecraft:dripstone_block":6,"minecraft:dirt":4,"minecraft:cobweb":23,"minecraft:cracked_stone_bricks":1,"luminousworld:elephant_grass":1,"minecraft:stone_bricks":5,"minecraft:stone":91,"minecraft:netherrack":1,"minecraft:deepslate":20}},"DataVersion":3465}