{"stats":{"minecraft:broken":{"minecraft:iron_boots":1},"minecraft:dropped":{"minecraft:diamond_axe":1,"minecraft:cooked_beef":11,"minecraft:diamond":2,"minecraft:crafting_table":7,"iceandfire:podium_acacia":1,"minecraft:cracked_stone_bricks":3,"minecraft:emerald":4,"minecraft:dirt":112,"evilcraft:broom":1,"minecraft:snowball":4,"born_in_chaos_v1:fired_black_argillite":1,"botania:black_double_flower":1,"minecraft:bone":4,"botania:brown_mystical_flower":1,"minecraft:netherite_sword":1,"born_in_chaos_v1:ethereal_spirit":1,"minecraft:cherry_sapling":5,"minecraft:rotten_flesh":54,"luminousworld:tall_deadbush":2,"iceandfire:crackled_gravel":3,"born_in_chaos_v1:black_argillite_wall":1,"minecraft:carrot":61,"evilcraft:flesh_humanoid":2,"minecraft:chainmail_chestplate":1,"supplementaries:ash":13,"alexsmobs:blood_sac":2,"minecraft:brick_stairs":1,"minecraft:iron_bars":2,"minecraft:arrow":7,"minecraft:end_stone_bricks":5,"minecraft:polished_granite":3,"born_in_chaos_v1:black_argillitepressureplate":2,"minecraft:enchanted_book":2,"minecraft:bread":40,"minecraft:purple_terracotta":4,"minecraft:wheat_seeds":3,"minecraft:lilac":1,"tombstone:tablet_of_home":1,"minecraft:oak_fence":2,"minecraft:yellow_terracotta":2,"minecraft:dark_prismarine_slab":2,"born_in_chaos_v1:black_argillite_column_slab":1,"minecraft:chainmail_helmet":1,"minecraft:coal":4,"minecraft:golden_apple":1,"iceandfire:crackled_dirt":1,"iceandfire:copper_nugget":24,"minecraft:torch":1,"minecraft:cactus":1,"minecraft:pink_petals":214,"minecraft:acacia_planks":16,"born_in_chaos_v1:black_argillite_brick_stairs":2,"minecraft:raw_copper":3,"evilcraft:box_of_eternal_closure":3,"minecraft:spruce_fence":1,"minecraft:potato":57,"minecraft:stone":21,"undead_revamp2:heavytooth":2,"luminousworld:groundpebbles_1":3,"minecraft:spider_eye":3,"tombstone:essence_of_undeath":1,"minecraft:dead_brain_coral_block":1,"minecraft:calcite":6,"aether:netherite_gloves":2},"minecraft:mined":{"minecraft:dark_oak_planks":5,"minecraft:spruce_planks":1,"quark:cherry_chest":1,"botania:red_mystical_flower":1,"minecraft:cherry_log":166,"minecraft:cherry_trapdoor":9,"botania:black_mushroom":1,"minecraft:smooth_red_sandstone_stairs":2,"minecraft:acacia_log":4,"minecraft:grass_block":55,"minecraft:stone_brick_wall":5,"minecraft:dead_tube_coral_block":2,"botania:black_double_flower":1,"luminousworld:savanna_grass_2":2,"minecraft:spawner":3,"iceandfire:crackled_cobblestone":1,"ironchest:crystal_chest":1,"minecraft:dark_oak_trapdoor":4,"minecraft:iron_ore":44,"minecraft:fire":12,"minecraft:cobbled_deepslate":4,"born_in_chaos_v1:black_argillite_brick_stairs":2,"iceandfire:crackled_dirt":1,"minecraft:brown_bed":1,"minecraft:smooth_red_sandstone":2,"minecraft:pointed_dripstone":2,"supplementaries:stick":2,"minecraft:iron_bars":2,"botania:brown_mystical_flower":1,"minecraft:end_stone_bricks":7,"minecraft:player_head":1,"minecraft:spruce_slab":1,"ecologics:pot":4,"luminousworld:tall_deadbush":2,"minecraft:powder_snow":10,"iceandfire:dragon_ice_spikes":5,"iceandfire:podium_acacia":1,"minecraft:torch":12,"botania:green_double_flower":1,"iceandfire:ghost_chest":1,"minecraft:dead_bush":4,"born_in_chaos_v1:black_argillite_column_slab":1,"minecraft:mushroom_stem":4,"minecraft:cobblestone":8,"minecraft:sugar_cane":10,"minecraft:oak_planks":5,"botania:light_gray_double_flower":1,"minecraft:wall_torch":11,"minecraft:cherry_slab":2,"minecraft:pink_petals":69,"minecraft:warped_planks":1,"evilcraft:dark_ore_deepslate":1,"minecraft:light_gray_stained_glass":2,"born_in_chaos_v1:fired_black_argillite":1,"minecraft:lilac":1,"minecraft:cherry_door":7,"minecraft:tnt":1,"quark:glow_shroom":4,"minecraft:grass":42,"minecraft:sand":110,"minecraft:dirt":173,"minecraft:smooth_basalt":1,"quark:glow_shroom_ring":2,"minecraft:stonecutter":1,"minecraft:red_mushroom_block":5,"minecraft:potted_red_tulip":1,"born_in_chaos_v1:black_argillite_wall":1,"luminousworld:savannah_grass_4":3,"minecraft:oak_leaves":1,"minecraft:deepslate":52,"luminousworld:savannah_ground":2,"minecraft:yellow_terracotta":12,"luminousworld:groundpebbles_1":1,"iceandfire:silver_ore":1,"minecraft:stripped_cherry_log":1,"iceandfire:crackled_gravel":4,"minecraft:purple_terracotta":2,"minecraft:spruce_fence":1,"minecraft:white_stained_glass":1,"minecraft:brick_stairs":4,"minecraft:brown_mushroom_block":8,"minecraft:red_mushroom":3,"born_in_chaos_v1:gnawed_bones":1,"minecraft:pink_wool":9,"minecraft:crimson_stem":1,"minecraft:hay_block":10,"minecraft:furnace":6,"evilcraft:box_of_eternal_closure":5,"quark:cherry_ladder":5,"minecraft:deepslate_iron_ore":7,"minecraft:vine":1,"minecraft:lantern":3,"minecraft:packed_ice":1,"minecraft:bamboo":16,"luminousworld:groundpebbles_2":2,"minecraft:stone":168,"minecraft:cherry_stairs":6,"luminousworld:savannah_soil":14,"botania:lime_mystical_flower":1,"minecraft:glass_pane":3,"minecraft:cherry_planks":35,"quark:dark_oak_chest":3,"minecraft:snow_block":4,"minecraft:polished_granite":6,"minecraft:oak_fence":5,"minecraft:smooth_sandstone":13,"minecraft:crafting_table":2,"luminousworld:savannah_grass_1":1,"minecraft:emerald_ore":4,"quark:glow_shroom_block":4,"minecraft:tall_grass":22,"minecraft:smooth_red_sandstone_slab":2,"supplementaries:urn":6,"minecraft:spruce_stairs":2,"minecraft:cactus":2,"minecraft:ice":1,"minecraft:dark_prismarine_slab":2,"minecraft:yellow_bed":6,"minecraft:dead_brain_coral_block":2,"minecraft:coal_ore":108,"minecraft:mycelium":1,"minecraft:cherry_leaves":5,"minecraft:sunflower":1,"minecraft:flower_pot":1,"minecraft:cobweb":19,"minecraft:cracked_stone_bricks":5,"minecraft:stripped_acacia_wood":1,"minecraft:stone_bricks":14,"minecraft:mossy_stone_bricks":6},"minecraft:crafted":{"minecraft:brick":31,"minecraft:cherry_slab":18,"quark:cherry_ladder":8,"minecraft:stone":17,"quark:cherry_chest":2,"minecraft:bamboo_block":15,"minecraft:glass":20,"minecraft:iron_boots":2,"minecraft:flower_pot":4,"minecraft:crafting_table":5,"tombstone:decorative_grave_simple":1,"minecraft:gold_block":14,"sophisticatedbackpacks:upgrade_base":1,"minecraft:iron_chestplate":1,"minecraft:dark_oak_slab":6,"minecraft:emerald_block":8,"minecraft:stick":60,"minecraft:iron_ingot":12,"minecraft:iron_block":11,"minecraft:netherite_ingot":4,"minecraft:cherry_planks":464,"minecraft:furnace":10,"minecraft:dark_oak_trapdoor":6,"minecraft:diamond_block":28,"minecraft:glass_pane":16,"minecraft:flint_and_steel":1,"quark:dark_oak_chest":12,"minecraft:cherry_trapdoor":6,"minecraft:cherry_stairs":12,"minecraft:diamond_boots":1,"minecraft:dark_oak_planks":148,"minecraft:coal_block":1,"minecraft:iron_sword":1,"minecraft:mangrove_planks":8,"minecraft:air":0,"minecraft:jungle_planks":8,"minecraft:cherry_door":12,"minecraft:acacia_planks":16,"minecraft:torch":168},"minecraft:used":{"minecraft:iron_sword":275,"earthmobsmod:fancy_egg":1,"minecraft:iron_chestplate":1,"quark:cherry_chest":3,"tombstone:decorative_grave_simple":1,"minecraft:lantern":6,"iceandfire:ghost_chest":2,"minecraft:stone_bricks":8,"minecraft:netherite_boots":1,"minecraft:hay_block":1,"minecraft:furnace":12,"minecraft:oak_sapling":5,"minecraft:mossy_stone_bricks":1,"minecraft:end_stone_bricks":2,"minecraft:diamond_boots":3,"minecraft:mangrove_planks":8,"minecraft:dark_oak_trapdoor":4,"minecraft:yellow_terracotta":5,"minecraft:stone_brick_wall":13,"ironchest:crystal_chest":1,"minecraft:experience_bottle":1,"minecraft:netherite_sword":145,"minecraft:flint_and_steel":57,"endrem:lost_eye":1,"minecraft:stick":2,"minecraft:torch":195,"minecraft:dirt":150,"minecraft:diamond_helmet":1,"minecraft:dark_oak_planks":5,"quark:cherry_ladder":9,"minecraft:iron_axe":187,"minecraft:cherry_slab":5,"minecraft:cherry_trapdoor":10,"evilcraft:box_of_eternal_closure":13,"minecraft:iron_boots":1,"minecraft:bamboo":15,"minecraft:diamond_chestplate":1,"minecraft:golden_carrot":104,"tombstone:gift":6,"minecraft:cooked_beef":60,"minecraft:cobbled_deepslate":11,"minecraft:cherry_log":24,"minecraft:brown_bed":2,"minecraft:water_bucket":26,"tombstone:scroll_of_knowledge":4,"tombstone:scroll_of_reach":1,"minecraft:cherry_planks":309,"minecraft:stonecutter":1,"minecraft:crafting_table":5,"minecraft:bamboo_block":1,"minecraft:warped_planks":1,"minecraft:book":1,"minecraft:flower_pot":6,"minecraft:cherry_door":18,"minecraft:iron_pickaxe":132,"tombstone:magic_scroll":2,"minecraft:pink_petals":26,"quark:dark_oak_chest":15,"minecraft:cobblestone":87,"minecraft:cherry_stairs":12,"minecraft:bucket":27,"minecraft:glass_pane":5,"minecraft:yellow_bed":6},"minecraft:custom":{"lootr:looted_stat":95,"minecraft:animals_bred":1,"minecraft:interact_with_crafting_table":51,"minecraft:leave_game":2,"minecraft:time_since_death":428069,"minecraft:sprint_one_cm":1220013,"minecraft:drop":118,"minecraft:talked_to_villager":1,"minecraft:play_time":485062,"minecraft:deaths":1,"minecraft:jump":5470,"minecraft:walk_on_water_one_cm":39782,"minecraft:enchant_item":1,"minecraft:interact_with_furnace":25,"minecraft:interact_with_loom":1,"minecraft:sleep_in_bed":18,"minecraft:damage_dealt":18646,"minecraft:crouch_one_cm":11268,"tombstone:undead_killed":48,"minecraft:interact_with_smithing_table":1,"minecraft:mob_kills":73,"minecraft:damage_dealt_resisted":304,"minecraft:climb_one_cm":79976,"minecraft:walk_one_cm":2039211,"minecraft:sneak_time":6523,"minecraft:walk_under_water_one_cm":15772,"minecraft:total_world_time":485062,"minecraft:pot_flower":6,"minecraft:interact_with_stonecutter":1,"minecraft:time_since_rest":14874,"minecraft:damage_taken":13993,"minecraft:swim_one_cm":6167,"minecraft:fly_one_cm":1121133,"minecraft:open_chest":407,"minecraft:fall_one_cm":121826},"minecraft:picked_up":{"minecraft:iron_chestplate":1,"minecraft:creeper_head":1,"minecraft:flower_pot":2,"minecraft:lead":1,"tombstone:tablet_of_home":1,"botania:black_double_flower":1,"earthmobsmod:fancy_egg":1,"minecraft:brown_bed":2,"minecraft:potion":1,"minecraft:enchanted_book":1,"born_in_chaos_v1:black_argillite_wall":1,"sophisticatedbackpacks:magnet_upgrade":1,"minecraft:string":42,"minecraft:dark_oak_trapdoor":4,"minecraft:iron_leggings":1,"minecraft:experience_bottle":1,"botania:light_gray_double_flower":1,"minecraft:diamond_leggings":2,"minecraft:gold_nugget":13,"minecraft:cobbled_deepslate":53,"minecraft:calcite":6,"minecraft:iron_pickaxe":1,"hangglider:hang_glider":1,"minecraft:mangrove_log":2,"minecraft:furnace":6,"minecraft:iron_boots":1,"minecraft:stick":38,"iceandfire:ghost_chest":2,"aether:netherite_gloves":1,"quark:glow_shroom_ring":2,"iceandfire:crackled_dirt":1,"minecraft:acacia_log":4,"minecraft:oak_fence":2,"minecraft:torch":32,"quark:cherry_chest":1,"botania:black_mushroom":1,"minecraft:spruce_stairs":1,"iceandfire:crackled_gravel":3,"minecraft:cherry_log":107,"tombstone:grave_dust":11,"minecraft:pointed_dripstone":3,"minecraft:warped_planks":1,"born_in_chaos_v1:black_argillite_brick_stairs":2,"portablemobs:basic_capture_cell":2,"evilcraft:box_of_eternal_closure":11,"minecraft:cactus":5,"minecraft:rotten_flesh":78,"minecraft:red_tulip":1,"luminousworld:tall_deadbush":2,"supplementaries:ash":26,"minecraft:iron_bars":2,"minecraft:snowball":20,"minecraft:cobblestone":178,"minecraft:pink_petals":531,"minecraft:lilac":1,"minecraft:cooked_beef":9,"minecraft:cherry_planks":28,"minecraft:jungle_log":2,"evilcraft:flesh_humanoid":2,"supplementaries:flax_seeds":2,"quark:cherry_ladder":5,"minecraft:cherry_door":9,"minecraft:dirt":271,"minecraft:lantern":4,"minecraft:polished_granite":8,"minecraft:name_tag":1,"born_in_chaos_v1:monster_skin":2,"minecraft:bone":35,"minecraft:stonecutter":1,"minecraft:wheat_seeds":14,"minecraft:bamboo":158,"minecraft:mossy_stone_bricks":6,"minecraft:diamond_helmet":2,"minecraft:oak_planks":4,"botania:red_mystical_flower":1,"evilcraft:dark_gem_crushed":5,"minecraft:sand":107,"undead_revamp2:heavytooth":1,"artifacts:plastic_drinking_hat":1,"minecraft:bundle":1,"minecraft:dark_prismarine_slab":2,"minecraft:soul_lantern":1,"evilcraft:broom":1,"minecraft:dead_brain_coral_block":1,"minecraft:bread":4,"minecraft:chainmail_helmet":1,"minecraft:emerald":4,"alexsmobs:maggot":1,"minecraft:oak_sapling":7,"minecraft:cherry_slab":1,"iceandfire:raw_silver":1,"minecraft:end_stone_bricks":7,"luminousworld:groundpebbles_1":6,"minecraft:crafting_table":1,"iceandfire:witherbone":1,"minecraft:clay_ball":79,"born_in_chaos_v1:seedof_chaos":3,"minecraft:brown_mushroom":6,"minecraft:stone_brick_wall":5,"minecraft:stripped_cherry_log":1,"quark:dark_oak_chest":3,"born_in_chaos_v1:fired_black_argillite":1,"botania:magenta_mystical_flower":1,"minecraft:cracked_stone_bricks":5,"supplementaries:bomb":2,"iceandfire:graveyard_soil":2,"iceandfire:bestiary":1,"minecraft:netherite_sword":1,"minecraft:beef":4,"minecraft:player_head":1,"tombstone:dark_marble":4,"minecraft:iron_nugget":1,"minecraft:spruce_slab":1,"minecraft:sugar_cane":25,"iceandfire:podium_acacia":1,"minecraft:cherry_trapdoor":9,"minecraft:raw_iron":42,"minecraft:cherry_stairs":3,"sophisticatedbackpacks:backpack":1,"minecraft:spruce_fence":1,"minecraft:carrot":1,"minecraft:purple_terracotta":4,"minecraft:dark_oak_planks":5,"minecraft:tnt":1,"minecraft:arrow":10,"minecraft:diamond_chestplate":2,"botania:lime_mystical_flower":1,"minecraft:diamond_boots":1,"minecraft:hay_block":7,"minecraft:yellow_terracotta":10,"tombstone:essence_of_undeath":2,"minecraft:brick_stairs":4,"minecraft:glow_berries":1,"minecraft:rail":3,"born_in_chaos_v1:fused_bone":2,"born_in_chaos_v1:corpse_maggot":4,"minecraft:netherite_boots":1,"minecraft:air":0,"born_in_chaos_v1:black_argillite_column_slab":1,"minecraft:crimson_stem":1,"born_in_chaos_v1:monster_flesh":3,"artifacts:digging_claws":1,"minecraft:leather":2,"minecraft:red_mushroom":10,"minecraft:chainmail_chestplate":1,"iceandfire:ectoplasm":6,"minecraft:yellow_bed":6,"minecraft:gunpowder":5,"tombstone:gift":1,"minecraft:smooth_sandstone":4,"minecraft:stone_bricks":14,"minecraft:iron_ingot":1,"quark:glow_shroom":4,"minecraft:iron_sword":3,"quark:light_gray_shard":4,"minecraft:book":6,"iceandfire:copper_nugget":24,"minecraft:smooth_basalt":1,"quark:white_shard":2,"born_in_chaos_v1:ethereal_spirit":6,"born_in_chaos_v1:orbofthe_summoner":1,"born_in_chaos_v1:black_argillitepressureplate":2,"minecraft:spruce_sapling":5,"minecraft:spider_eye":3,"minecraft:iron_helmet":1,"evilcraft:dark_gem":5,"minecraft:diamond_axe":1,"minecraft:cherry_sapling":57,"tombstone:magic_scroll":2,"minecraft:coal":99,"botania:brown_mystical_flower":2,"minecraft:sunflower":1},"minecraft:killed":{"undead_revamp2:thewolf":1,"minecraft:cave_spider":6,"born_in_chaos_v1:zombie_lumberjack":1,"born_in_chaos_v1:restless_spirit":1,"enemyexpansion:equestrian":1,"minecraft:spider":1,"born_in_chaos_v1:siamese_skeletonsright":1,"minecraft:skeleton":7,"born_in_chaos_v1:supreme_bonescaller_stage_2":1,"luminousworld:hollow":3,"minecraft:creeper":1,"alexsmobs:crimson_mosquito":2,"minecraft:zombie":15,"creeperoverhaul:desert_creeper":1,"born_in_chaos_v1:corpse_fly":1,"alexsmobs:fly":1,"born_in_chaos_v1:siamese_skeletonsleft":1,"undead_revamp2:thehunter":3,"alexsmobs:tiger":1,"enemyexpansion:direwolf":1,"born_in_chaos_v1:maggot":6,"earthmobsmod:wither_skeleton_wolf":1,"undead_revamp2:sucker":3,"minecraft:husk":1,"earthmobsmod:bouldering_zombie":1,"undead_revamp2:the_moonflower":2,"enemyexpansion:sprinter":1,"born_in_chaos_v1:decrepit_skeleton":2,"undead_revamp2:thesomnolence":2,"iceandfire:ghost":1,"minecraft:wither_skeleton":1,"enemyexpansion:slugger":1}},"DataVersion":3465}