{"stats":{"minecraft:killed_by":{"undead_revamp2:bomber":1},"minecraft:dropped":{"evilcraft:broom":1},"minecraft:picked_up":{"minecraft:raw_iron":66,"minecraft:pink_petals":3,"minecraft:stick":10,"minecraft:iron_chestplate":1,"minecraft:andesite":3,"minecraft:torch":2,"minecraft:acacia_log":8,"minecraft:sand":2,"minecraft:cherry_log":15,"minecraft:pointed_dripstone":3,"minecraft:cobblestone_wall":7,"minecraft:dirt":4,"minecraft:spider_eye":1,"minecraft:string":19,"minecraft:iron_axe":1,"minecraft:iron_leggings":1,"minecraft:iron_shovel":1,"minecraft:gold_nugget":104,"evilcraft:broom":1,"minecraft:iron_helmet":1,"minecraft:granite":1,"minecraft:cobweb":5,"minecraft:cherry_sapling":19,"minecraft:iron_pickaxe":1,"sophisticatedbackpacks:netherite_backpack":1,"minecraft:acacia_sapling":3,"minecraft:iron_sword":1,"minecraft:coal":50,"minecraft:cobblestone":43,"minecraft:iron_boots":1,"ancient_elements:aero_charge":2},"minecraft:custom":{"minecraft:time_since_rest":1,"minecraft:sprint_one_cm":102837,"lootr:looted_stat":11,"minecraft:damage_taken":2523,"minecraft:walk_one_cm":206849,"minecraft:mob_kills":4,"minecraft:drop":1,"minecraft:animals_bred":1,"minecraft:damage_dealt":498,"minecraft:fly_one_cm":90650,"minecraft:open_chest":2,"minecraft:crouch_one_cm":937,"minecraft:play_time":40902,"minecraft:deaths":2,"minecraft:sneak_time":557,"minecraft:jump":672,"minecraft:walk_on_water_one_cm":1637,"minecraft:time_since_death":36,"minecraft:climb_one_cm":40,"minecraft:total_world_time":40902,"minecraft:fall_one_cm":15607},"minecraft:crafted":{"minecraft:cherry_planks":36,"minecraft:torch":32,"minecraft:shears":1},"minecraft:killed":{"minecraft:cave_spider":4},"minecraft:used":{"minecraft:cherry_sapling":3,"vampirism:hunter_axe_ultimate":1,"minecraft:iron_axe":19,"minecraft:iron_pickaxe":190,"minecraft:cherry_planks":1,"minecraft:iron_sword":30,"minecraft:torch":23,"minecraft:dirt":1,"minecraft:cobblestone":3,"minecraft:golden_carrot":22,"tombstone:gift":1,"minecraft:shears":6,"minecraft:cherry_log":6},"minecraft:mined":{"minecraft:pink_petals":2,"minecraft:cobblestone_wall":12,"minecraft:iron_ore":68,"minecraft:cherry_log":9,"minecraft:andesite":3,"minecraft:torch":1,"minecraft:granite":2,"minecraft:acacia_log":8,"minecraft:pointed_dripstone":3,"minecraft:coal_ore":55,"iceandfire:gold_pile":12,"minecraft:dirt":4,"minecraft:dripstone_block":1,"minecraft:sand":2,"minecraft:cobweb":23,"minecraft:stone":43,"minecraft:wall_torch":1}},"DataVersion":3465}