{"stats":{"minecraft:broken":{"minecraft:iron_boots":1},"minecraft:dropped":{"minecraft:diamond_axe":1,"minecraft:cooked_beef":11,"minecraft:diamond":2,"iceandfire:podium_acacia":1,"minecraft:cracked_stone_bricks":3,"minecraft:emerald":4,"minecraft:dirt":112,"minecraft:snowball":4,"born_in_chaos_v1:fired_black_argillite":1,"botania:black_double_flower":1,"minecraft:bone":4,"botania:brown_mystical_flower":1,"born_in_chaos_v1:ethereal_spirit":1,"minecraft:cherry_sapling":5,"minecraft:rotten_flesh":54,"luminousworld:tall_deadbush":2,"iceandfire:crackled_gravel":3,"born_in_chaos_v1:black_argillite_wall":1,"minecraft:carrot":61,"evilcraft:flesh_humanoid":2,"minecraft:chainmail_chestplate":1,"supplementaries:ash":13,"minecraft:brick_stairs":1,"minecraft:iron_bars":2,"minecraft:arrow":7,"minecraft:end_stone_bricks":5,"minecraft:polished_granite":3,"born_in_chaos_v1:black_argillitepressureplate":2,"minecraft:enchanted_book":2,"minecraft:bread":40,"minecraft:purple_terracotta":4,"minecraft:wheat_seeds":2,"minecraft:lilac":1,"minecraft:oak_fence":2,"minecraft:yellow_terracotta":2,"minecraft:dark_prismarine_slab":2,"born_in_chaos_v1:black_argillite_column_slab":1,"minecraft:chainmail_helmet":1,"minecraft:coal":4,"minecraft:golden_apple":1,"iceandfire:crackled_dirt":1,"iceandfire:copper_nugget":24,"minecraft:cactus":1,"minecraft:pink_petals":214,"minecraft:acacia_planks":16,"born_in_chaos_v1:black_argillite_brick_stairs":2,"minecraft:raw_copper":3,"minecraft:spruce_fence":1,"minecraft:potato":57,"luminousworld:groundpebbles_1":3,"minecraft:spider_eye":3,"minecraft:dead_brain_coral_block":1,"minecraft:calcite":6,"aether:netherite_gloves":2},"minecraft:mined":{"minecraft:spruce_planks":1,"quark:cherry_chest":1,"botania:red_mystical_flower":1,"minecraft:cherry_log":107,"minecraft:cherry_trapdoor":9,"botania:black_mushroom":1,"minecraft:smooth_red_sandstone_stairs":2,"minecraft:acacia_log":4,"minecraft:grass_block":44,"minecraft:stone_brick_wall":5,"minecraft:dead_tube_coral_block":2,"botania:black_double_flower":1,"luminousworld:savanna_grass_2":2,"minecraft:spawner":3,"iceandfire:crackled_cobblestone":1,"minecraft:dark_oak_trapdoor":4,"minecraft:iron_ore":35,"minecraft:cobbled_deepslate":4,"born_in_chaos_v1:black_argillite_brick_stairs":2,"iceandfire:crackled_dirt":1,"minecraft:brown_bed":1,"minecraft:smooth_red_sandstone":2,"minecraft:pointed_dripstone":2,"supplementaries:stick":2,"minecraft:iron_bars":2,"botania:brown_mystical_flower":1,"minecraft:end_stone_bricks":7,"minecraft:player_head":1,"minecraft:spruce_slab":1,"ecologics:pot":4,"luminousworld:tall_deadbush":2,"iceandfire:dragon_ice_spikes":5,"iceandfire:podium_acacia":1,"minecraft:torch":7,"botania:green_double_flower":1,"iceandfire:ghost_chest":1,"minecraft:dead_bush":4,"born_in_chaos_v1:black_argillite_column_slab":1,"minecraft:mushroom_stem":1,"minecraft:cobblestone":5,"minecraft:sugar_cane":10,"minecraft:oak_planks":5,"botania:light_gray_double_flower":1,"minecraft:wall_torch":9,"minecraft:pink_petals":54,"minecraft:warped_planks":1,"evilcraft:dark_ore_deepslate":1,"minecraft:light_gray_stained_glass":2,"born_in_chaos_v1:fired_black_argillite":1,"minecraft:lilac":1,"minecraft:cherry_door":6,"minecraft:tnt":1,"quark:glow_shroom":4,"minecraft:grass":31,"minecraft:sand":110,"minecraft:dirt":169,"minecraft:smooth_basalt":1,"minecraft:stonecutter":1,"minecraft:red_mushroom_block":4,"minecraft:potted_red_tulip":1,"born_in_chaos_v1:black_argillite_wall":1,"luminousworld:savannah_grass_4":3,"minecraft:deepslate":51,"luminousworld:savannah_ground":2,"minecraft:yellow_terracotta":12,"luminousworld:groundpebbles_1":1,"iceandfire:silver_ore":1,"minecraft:stripped_cherry_log":1,"iceandfire:crackled_gravel":4,"minecraft:purple_terracotta":2,"minecraft:spruce_fence":1,"minecraft:white_stained_glass":1,"minecraft:brick_stairs":4,"minecraft:brown_mushroom_block":1,"minecraft:red_mushroom":3,"minecraft:pink_wool":9,"minecraft:crimson_stem":1,"minecraft:hay_block":10,"minecraft:furnace":6,"quark:cherry_ladder":5,"minecraft:deepslate_iron_ore":7,"minecraft:vine":1,"minecraft:lantern":3,"minecraft:bamboo":1,"luminousworld:groundpebbles_2":2,"minecraft:stone":154,"minecraft:cherry_stairs":3,"luminousworld:savannah_soil":14,"botania:lime_mystical_flower":1,"minecraft:glass_pane":2,"minecraft:cherry_planks":28,"quark:dark_oak_chest":3,"minecraft:polished_granite":6,"minecraft:oak_fence":5,"minecraft:smooth_sandstone":11,"minecraft:crafting_table":1,"luminousworld:savannah_grass_1":1,"minecraft:emerald_ore":4,"minecraft:tall_grass":19,"minecraft:smooth_red_sandstone_slab":2,"supplementaries:urn":5,"minecraft:spruce_stairs":2,"minecraft:cactus":2,"minecraft:dark_prismarine_slab":2,"minecraft:yellow_bed":6,"minecraft:dead_brain_coral_block":2,"minecraft:coal_ore":100,"minecraft:mycelium":1,"minecraft:cherry_leaves":5,"minecraft:sunflower":1,"minecraft:flower_pot":1,"minecraft:cobweb":19,"minecraft:cracked_stone_bricks":5,"minecraft:stripped_acacia_wood":1,"minecraft:stone_bricks":6,"minecraft:mossy_stone_bricks":6},"minecraft:crafted":{"minecraft:cherry_slab":6,"quark:cherry_ladder":8,"minecraft:stone":17,"quark:cherry_chest":2,"minecraft:glass":20,"minecraft:iron_boots":2,"minecraft:crafting_table":4,"minecraft:gold_block":14,"minecraft:iron_chestplate":1,"minecraft:dark_oak_slab":6,"minecraft:emerald_block":8,"minecraft:stick":40,"minecraft:iron_ingot":12,"minecraft:iron_block":11,"minecraft:cherry_planks":328,"minecraft:furnace":10,"minecraft:dark_oak_trapdoor":6,"minecraft:diamond_block":21,"minecraft:glass_pane":16,"quark:dark_oak_chest":4,"minecraft:cherry_trapdoor":6,"minecraft:cherry_stairs":8,"minecraft:diamond_boots":1,"minecraft:dark_oak_planks":44,"minecraft:iron_sword":1,"minecraft:air":0,"minecraft:cherry_door":12,"minecraft:acacia_planks":16,"minecraft:torch":88},"minecraft:used":{"minecraft:iron_sword":275,"earthmobsmod:fancy_egg":1,"minecraft:iron_chestplate":1,"quark:cherry_chest":3,"minecraft:lantern":6,"iceandfire:ghost_chest":2,"minecraft:hay_block":1,"minecraft:furnace":12,"minecraft:oak_sapling":5,"minecraft:mossy_stone_bricks":1,"minecraft:end_stone_bricks":2,"minecraft:diamond_boots":3,"minecraft:dark_oak_trapdoor":4,"minecraft:yellow_terracotta":5,"minecraft:stone_brick_wall":13,"minecraft:experience_bottle":1,"minecraft:netherite_sword":11,"endrem:lost_eye":1,"minecraft:stick":2,"minecraft:torch":155,"minecraft:dirt":136,"minecraft:diamond_helmet":1,"quark:cherry_ladder":9,"minecraft:iron_axe":115,"minecraft:cherry_trapdoor":10,"minecraft:iron_boots":1,"minecraft:bamboo":15,"minecraft:diamond_chestplate":1,"minecraft:golden_carrot":82,"tombstone:gift":4,"minecraft:cooked_beef":60,"minecraft:cobbled_deepslate":11,"minecraft:cherry_log":16,"minecraft:brown_bed":2,"minecraft:water_bucket":17,"tombstone:scroll_of_reach":1,"minecraft:cherry_planks":265,"minecraft:stonecutter":1,"minecraft:crafting_table":4,"minecraft:warped_planks":1,"minecraft:book":1,"minecraft:flower_pot":2,"minecraft:cherry_door":15,"minecraft:iron_pickaxe":132,"minecraft:pink_petals":26,"quark:dark_oak_chest":7,"minecraft:cobblestone":87,"minecraft:cherry_stairs":8,"minecraft:bucket":18,"minecraft:glass_pane":4,"minecraft:yellow_bed":6},"minecraft:custom":{"lootr:looted_stat":82,"minecraft:interact_with_crafting_table":36,"minecraft:leave_game":2,"minecraft:time_since_death":308069,"minecraft:sprint_one_cm":1025183,"minecraft:drop":93,"minecraft:play_time":365062,"minecraft:deaths":1,"minecraft:jump":4427,"minecraft:walk_on_water_one_cm":37504,"minecraft:interact_with_furnace":18,"minecraft:interact_with_loom":1,"minecraft:sleep_in_bed":15,"minecraft:damage_dealt":10989,"minecraft:crouch_one_cm":8532,"tombstone:undead_killed":31,"minecraft:interact_with_smithing_table":1,"minecraft:mob_kills":48,"minecraft:damage_dealt_resisted":202,"minecraft:climb_one_cm":39801,"minecraft:walk_one_cm":1576757,"minecraft:sneak_time":5137,"minecraft:walk_under_water_one_cm":11235,"minecraft:total_world_time":365062,"minecraft:pot_flower":1,"minecraft:interact_with_stonecutter":1,"minecraft:time_since_rest":164971,"minecraft:damage_taken":12142,"minecraft:swim_one_cm":6167,"minecraft:fly_one_cm":926456,"minecraft:open_chest":114,"minecraft:fall_one_cm":104228},"minecraft:killed":{"minecraft:cave_spider":6,"born_in_chaos_v1:restless_spirit":1,"minecraft:spider":1,"born_in_chaos_v1:siamese_skeletonsright":1,"minecraft:skeleton":5,"born_in_chaos_v1:supreme_bonescaller_stage_2":1,"luminousworld:hollow":3,"minecraft:creeper":1,"minecraft:zombie":14,"creeperoverhaul:desert_creeper":1,"born_in_chaos_v1:siamese_skeletonsleft":1,"born_in_chaos_v1:maggot":6,"undead_revamp2:sucker":1,"minecraft:husk":1,"earthmobsmod:bouldering_zombie":1,"iceandfire:ghost":1,"minecraft:wither_skeleton":1,"enemyexpansion:slugger":1},"minecraft:picked_up":{"minecraft:iron_chestplate":1,"minecraft:creeper_head":1,"minecraft:flower_pot":2,"botania:black_double_flower":1,"earthmobsmod:fancy_egg":1,"minecraft:brown_bed":2,"minecraft:potion":1,"minecraft:enchanted_book":1,"born_in_chaos_v1:black_argillite_wall":1,"minecraft:string":39,"minecraft:dark_oak_trapdoor":4,"minecraft:iron_leggings":1,"minecraft:experience_bottle":1,"botania:light_gray_double_flower":1,"minecraft:diamond_leggings":2,"minecraft:gold_nugget":13,"minecraft:cobbled_deepslate":52,"minecraft:calcite":6,"hangglider:hang_glider":1,"minecraft:furnace":6,"minecraft:iron_boots":1,"minecraft:stick":38,"iceandfire:ghost_chest":2,"aether:netherite_gloves":1,"iceandfire:crackled_dirt":1,"minecraft:acacia_log":4,"minecraft:oak_fence":2,"minecraft:torch":26,"quark:cherry_chest":1,"botania:black_mushroom":1,"minecraft:spruce_stairs":1,"iceandfire:crackled_gravel":3,"minecraft:cherry_log":96,"tombstone:grave_dust":9,"minecraft:pointed_dripstone":3,"minecraft:warped_planks":1,"born_in_chaos_v1:black_argillite_brick_stairs":2,"portablemobs:basic_capture_cell":2,"minecraft:cactus":5,"minecraft:rotten_flesh":76,"minecraft:red_tulip":1,"luminousworld:tall_deadbush":2,"supplementaries:ash":26,"minecraft:iron_bars":2,"minecraft:snowball":4,"minecraft:cobblestone":164,"minecraft:pink_petals":493,"minecraft:lilac":1,"minecraft:cooked_beef":9,"minecraft:cherry_planks":26,"evilcraft:flesh_humanoid":2,"supplementaries:flax_seeds":2,"quark:cherry_ladder":5,"minecraft:cherry_door":9,"minecraft:dirt":257,"minecraft:lantern":4,"minecraft:polished_granite":8,"minecraft:name_tag":1,"born_in_chaos_v1:monster_skin":2,"minecraft:bone":35,"minecraft:stonecutter":1,"minecraft:wheat_seeds":12,"minecraft:bamboo":15,"minecraft:mossy_stone_bricks":6,"minecraft:diamond_helmet":2,"minecraft:oak_planks":4,"botania:red_mystical_flower":1,"evilcraft:dark_gem_crushed":5,"minecraft:sand":107,"artifacts:plastic_drinking_hat":1,"minecraft:bundle":1,"minecraft:dark_prismarine_slab":2,"minecraft:soul_lantern":1,"minecraft:dead_brain_coral_block":1,"minecraft:bread":4,"minecraft:chainmail_helmet":1,"minecraft:emerald":4,"minecraft:oak_sapling":7,"iceandfire:raw_silver":1,"minecraft:end_stone_bricks":7,"luminousworld:groundpebbles_1":6,"minecraft:crafting_table":1,"iceandfire:witherbone":1,"born_in_chaos_v1:seedof_chaos":3,"minecraft:brown_mushroom":2,"minecraft:stone_brick_wall":5,"minecraft:stripped_cherry_log":1,"quark:dark_oak_chest":3,"born_in_chaos_v1:fired_black_argillite":1,"botania:magenta_mystical_flower":1,"minecraft:cracked_stone_bricks":5,"supplementaries:bomb":2,"iceandfire:graveyard_soil":2,"iceandfire:bestiary":1,"minecraft:netherite_sword":1,"minecraft:beef":4,"minecraft:player_head":1,"minecraft:iron_nugget":1,"minecraft:spruce_slab":1,"minecraft:sugar_cane":25,"iceandfire:podium_acacia":1,"minecraft:cherry_trapdoor":9,"minecraft:raw_iron":42,"minecraft:cherry_stairs":3,"sophisticatedbackpacks:backpack":1,"minecraft:spruce_fence":1,"minecraft:carrot":1,"minecraft:purple_terracotta":4,"minecraft:tnt":1,"minecraft:arrow":8,"minecraft:diamond_chestplate":2,"botania:lime_mystical_flower":1,"minecraft:diamond_boots":1,"minecraft:hay_block":7,"minecraft:yellow_terracotta":10,"minecraft:brick_stairs":4,"minecraft:glow_berries":1,"minecraft:rail":3,"born_in_chaos_v1:fused_bone":2,"born_in_chaos_v1:corpse_maggot":3,"minecraft:netherite_boots":1,"born_in_chaos_v1:black_argillite_column_slab":1,"minecraft:crimson_stem":1,"born_in_chaos_v1:monster_flesh":3,"artifacts:digging_claws":1,"minecraft:leather":1,"minecraft:red_mushroom":10,"minecraft:chainmail_chestplate":1,"iceandfire:ectoplasm":6,"minecraft:yellow_bed":6,"minecraft:gunpowder":5,"tombstone:gift":1,"minecraft:smooth_sandstone":4,"minecraft:stone_bricks":6,"quark:glow_shroom":4,"minecraft:iron_sword":3,"quark:light_gray_shard":4,"minecraft:book":6,"iceandfire:copper_nugget":24,"minecraft:smooth_basalt":1,"quark:white_shard":2,"born_in_chaos_v1:ethereal_spirit":6,"born_in_chaos_v1:orbofthe_summoner":1,"born_in_chaos_v1:black_argillitepressureplate":2,"minecraft:spruce_sapling":5,"minecraft:spider_eye":3,"minecraft:iron_helmet":1,"evilcraft:dark_gem":5,"minecraft:diamond_axe":1,"minecraft:cherry_sapling":49,"tombstone:magic_scroll":2,"minecraft:coal":99,"botania:brown_mystical_flower":2,"minecraft:sunflower":1}},"DataVersion":3465}