{"stats":{"minecraft:mined":{"botania:orange_double_flower":1,"minecraft:cherry_log":69,"torchmaster:megatorch":1,"minecraft:grass_block":77,"iceandfire:ghost_chest":1,"minecraft:tall_grass":3,"minecraft:pink_petals":4,"minecraft:grass":4,"minecraft:vine":1,"minecraft:dirt_path":1,"minecraft:iron_bars":1,"minecraft:dirt":106,"minecraft:stone":48},"minecraft:custom":{"minecraft:interact_with_furnace":1,"lootr:looted_stat":21,"minecraft:mob_kills":4,"minecraft:interact_with_crafting_table":6,"minecraft:leave_game":1,"minecraft:time_since_death":48598,"minecraft:sleep_in_bed":3,"minecraft:time_since_rest":234,"minecraft:waystone_activated":1,"minecraft:sprint_one_cm":221407,"minecraft:damage_taken":2661,"minecraft:walk_one_cm":245297,"minecraft:drop":6,"minecraft:damage_dealt":2071,"minecraft:swim_one_cm":7958,"minecraft:talked_to_villager":1,"minecraft:fly_one_cm":246310,"minecraft:crouch_one_cm":3575,"minecraft:play_time":49073,"tombstone:undead_killed":3,"minecraft:deaths":1,"minecraft:sneak_time":816,"minecraft:walk_under_water_one_cm":669,"minecraft:jump":1007,"minecraft:walk_on_water_one_cm":1558,"minecraft:total_world_time":49073,"minecraft:fall_one_cm":29055},"minecraft:used":{"minecraft:cherry_sapling":4,"minecraft:iron_shovel":184,"minecraft:dirt":46,"minecraft:crafting_table":1,"minecraft:black_bed":1,"minecraft:iron_axe":110,"minecraft:iron_pickaxe":52,"evilcraft:box_of_eternal_closure":1,"minecraft:iron_boots":1,"minecraft:golden_carrot":30,"torchmaster:megatorch":2},"minecraft:broken":{"minecraft:iron_boots":1,"minecraft:iron_helmet":1,"minecraft:iron_chestplate":1},"minecraft:crafted":{"minecraft:cherry_planks":76,"minecraft:crafting_table":1,"minecraft:iron_shovel":2,"torchmaster:megatorch":1},"minecraft:killed":{"luminousworld:frostbitten_zombie":1,"ancient_elements:aetherial_glaze":1,"minecraft:zombie":1,"undead_revamp2:sucker":1},"minecraft:picked_up":{"minecraft:pink_petals":28,"minecraft:golden_carrot":2,"iceandfire:ectoplasm":2,"iceandfire:manuscript":5,"minecraft:dirt":183,"minecraft:iron_axe":1,"minecraft:bone":3,"ancient_elements:aetherial_shard":3,"minecraft:wheat_seeds":5,"minecraft:gold_nugget":12,"minecraft:netherite_sword":1,"minecraft:cobweb":3,"ancient_elements:aero_charge":12,"minecraft:stick":19,"iceandfire:ghost_chest":1,"torchmaster:megatorch":1,"minecraft:cherry_log":45,"botania:orange_double_flower":1,"iceandfire:silver_ingot":2,"minecraft:rotten_flesh":11,"iceandfire:silver_sword":1,"minecraft:chainmail_leggings":1,"minecraft:cherry_sapling":27,"farmersdelight:rope":13,"minecraft:gold_ingot":2,"supplementaries:ash":1,"minecraft:iron_bars":1,"minecraft:skeleton_skull":2,"minecraft:cobblestone":56},"minecraft:dropped":{"minecraft:wheat_seeds":1,"minecraft:dirt":64,"minecraft:beetroot_seeds":5,"farmersdelight:rope":13,"minecraft:iron_axe":1,"minecraft:string":10}},"DataVersion":3465}