{"stats":{"minecraft:killed":{"born_in_chaos_v1:restless_spirit":1,"born_in_chaos_v1:maggot":5,"undead_revamp2:sucker":1,"minecraft:creeper":1,"minecraft:zombie":11},"minecraft:used":{"minecraft:iron_sword":113,"minecraft:torch":24,"minecraft:dirt":3,"quark:cherry_chest":3,"minecraft:lantern":4,"quark:cherry_ladder":9,"minecraft:iron_axe":18,"minecraft:cherry_trapdoor":6,"minecraft:iron_boots":1,"minecraft:oak_sapling":5,"minecraft:furnace":12,"tombstone:gift":4,"minecraft:cooked_beef":39,"tombstone:scroll_of_reach":1,"minecraft:cherry_planks":162,"minecraft:stonecutter":1,"minecraft:crafting_table":2,"minecraft:stone_brick_wall":4,"minecraft:book":1,"minecraft:cherry_door":5,"minecraft:iron_pickaxe":8,"quark:dark_oak_chest":7,"minecraft:cobblestone":41,"minecraft:yellow_bed":4},"minecraft:crafted":{"minecraft:cherry_planks":200,"minecraft:cherry_slab":6,"quark:cherry_ladder":8,"minecraft:furnace":10,"minecraft:stone":10,"quark:cherry_chest":2,"quark:dark_oak_chest":4,"minecraft:cherry_trapdoor":6,"minecraft:iron_boots":1,"minecraft:dark_oak_planks":44,"minecraft:crafting_table":2,"minecraft:air":0,"minecraft:iron_ingot":12,"minecraft:cherry_door":3,"minecraft:acacia_planks":16},"minecraft:picked_up":{"luminousworld:groundpebbles_1":4,"minecraft:flower_pot":1,"minecraft:brown_mushroom":2,"minecraft:brown_bed":1,"minecraft:potion":1,"quark:dark_oak_chest":3,"minecraft:string":5,"botania:light_gray_double_flower":1,"supplementaries:bomb":2,"minecraft:cobbled_deepslate":4,"minecraft:sugar_cane":25,"minecraft:cherry_trapdoor":5,"minecraft:furnace":6,"minecraft:stick":21,"minecraft:raw_iron":2,"quark:cherry_chest":1,"minecraft:torch":7,"minecraft:acacia_log":4,"botania:black_mushroom":1,"minecraft:cherry_log":49,"tombstone:grave_dust":3,"portablemobs:basic_capture_cell":2,"minecraft:tnt":1,"minecraft:rotten_flesh":13,"minecraft:cactus":4,"minecraft:arrow":1,"botania:lime_mystical_flower":1,"minecraft:red_tulip":1,"supplementaries:ash":8,"minecraft:snowball":4,"minecraft:rail":3,"minecraft:cobblestone":109,"born_in_chaos_v1:corpse_maggot":3,"minecraft:pink_petals":399,"minecraft:cherry_planks":10,"artifacts:digging_claws":1,"minecraft:red_mushroom":10,"evilcraft:flesh_humanoid":2,"minecraft:chainmail_chestplate":1,"supplementaries:flax_seeds":2,"minecraft:yellow_bed":4,"minecraft:gunpowder":1,"quark:cherry_ladder":5,"minecraft:cherry_door":2,"minecraft:dirt":188,"minecraft:lantern":3,"tombstone:gift":1,"minecraft:bone":10,"minecraft:stonecutter":1,"minecraft:wheat_seeds":7,"quark:glow_shroom":4,"minecraft:iron_sword":1,"quark:light_gray_shard":4,"botania:red_mystical_flower":1,"minecraft:smooth_basalt":1,"quark:white_shard":2,"born_in_chaos_v1:ethereal_spirit":4,"minecraft:spruce_sapling":5,"minecraft:iron_helmet":1,"minecraft:cherry_sapling":26,"tombstone:magic_scroll":1,"minecraft:oak_sapling":7,"minecraft:coal":20},"minecraft:mined":{"luminousworld:groundpebbles_1":1,"quark:cherry_chest":1,"botania:red_mystical_flower":1,"minecraft:cherry_log":58,"minecraft:cherry_trapdoor":5,"botania:black_mushroom":1,"minecraft:acacia_log":4,"minecraft:grass_block":29,"minecraft:white_stained_glass":1,"minecraft:brown_mushroom_block":1,"minecraft:red_mushroom":3,"luminousworld:savanna_grass_2":1,"minecraft:furnace":6,"minecraft:cobbled_deepslate":1,"minecraft:deepslate_iron_ore":2,"quark:cherry_ladder":5,"minecraft:vine":1,"minecraft:lantern":2,"minecraft:stone":99,"luminousworld:savannah_soil":14,"botania:lime_mystical_flower":1,"minecraft:cherry_planks":10,"quark:dark_oak_chest":3,"minecraft:oak_fence":2,"iceandfire:dragon_ice_spikes":5,"minecraft:torch":3,"botania:green_double_flower":1,"minecraft:dead_bush":4,"minecraft:tall_grass":5,"minecraft:cobblestone":4,"minecraft:sugar_cane":10,"botania:light_gray_double_flower":1,"minecraft:wall_torch":4,"supplementaries:urn":3,"minecraft:pink_petals":22,"minecraft:cactus":2,"minecraft:light_gray_stained_glass":2,"minecraft:tnt":1,"minecraft:yellow_bed":4,"quark:glow_shroom":4,"minecraft:grass":12,"minecraft:coal_ore":20,"minecraft:mycelium":1,"minecraft:cherry_leaves":4,"minecraft:sand":3,"minecraft:dirt":156,"minecraft:cobweb":3,"minecraft:smooth_basalt":1,"minecraft:red_mushroom_block":4,"minecraft:stonecutter":1,"minecraft:potted_red_tulip":1,"luminousworld:savannah_grass_4":2,"minecraft:deepslate":3,"luminousworld:savannah_ground":2},"minecraft:dropped":{"minecraft:enchanted_book":2,"minecraft:bread":40,"minecraft:diamond":2,"minecraft:golden_apple":1,"minecraft:emerald":4,"minecraft:dirt":68,"minecraft:snowball":4,"minecraft:pink_petals":214,"minecraft:acacia_planks":16,"minecraft:carrot":61,"evilcraft:flesh_humanoid":2,"minecraft:potato":57,"luminousworld:groundpebbles_1":2},"minecraft:custom":{"minecraft:interact_with_smithing_table":1,"lootr:looted_stat":19,"minecraft:mob_kills":19,"minecraft:interact_with_crafting_table":14,"minecraft:damage_dealt_resisted":79,"minecraft:time_since_death":62340,"minecraft:climb_one_cm":12534,"minecraft:sprint_one_cm":268676,"minecraft:walk_one_cm":479920,"minecraft:drop":25,"minecraft:play_time":119333,"minecraft:sneak_time":1146,"minecraft:deaths":1,"minecraft:jump":1166,"minecraft:walk_on_water_one_cm":331,"minecraft:total_world_time":119333,"minecraft:interact_with_furnace":12,"minecraft:interact_with_loom":1,"minecraft:interact_with_stonecutter":1,"minecraft:sleep_in_bed":6,"minecraft:time_since_rest":12964,"minecraft:damage_taken":4214,"minecraft:damage_dealt":3334,"minecraft:fly_one_cm":191234,"minecraft:open_chest":45,"minecraft:crouch_one_cm":2339,"tombstone:undead_killed":12,"minecraft:fall_one_cm":22890}},"DataVersion":3465}