{"stats":{"minecraft:mined":{"luminousworld:groundpebbles_1":1,"iceandfire:silver_ore":1,"quark:cherry_chest":1,"botania:red_mystical_flower":1,"minecraft:cherry_log":96,"minecraft:stripped_cherry_log":1,"minecraft:cherry_trapdoor":9,"botania:black_mushroom":1,"minecraft:acacia_log":4,"minecraft:grass_block":40,"minecraft:stone_brick_wall":5,"minecraft:white_stained_glass":1,"minecraft:brown_mushroom_block":1,"minecraft:red_mushroom":3,"luminousworld:savanna_grass_2":1,"minecraft:furnace":6,"minecraft:dark_oak_trapdoor":4,"minecraft:iron_ore":2,"minecraft:cobbled_deepslate":1,"minecraft:brown_bed":1,"supplementaries:stick":2,"minecraft:deepslate_iron_ore":2,"quark:cherry_ladder":5,"minecraft:vine":1,"minecraft:lantern":3,"luminousworld:groundpebbles_2":1,"botania:brown_mystical_flower":1,"minecraft:stone":102,"minecraft:cherry_stairs":3,"luminousworld:savannah_soil":14,"botania:lime_mystical_flower":1,"minecraft:glass_pane":2,"minecraft:cherry_planks":26,"quark:dark_oak_chest":3,"minecraft:oak_fence":2,"iceandfire:dragon_ice_spikes":5,"minecraft:torch":3,"botania:green_double_flower":1,"minecraft:emerald_ore":1,"iceandfire:ghost_chest":1,"minecraft:dead_bush":4,"minecraft:tall_grass":16,"minecraft:cobblestone":4,"minecraft:sugar_cane":10,"botania:light_gray_double_flower":1,"minecraft:wall_torch":6,"supplementaries:urn":3,"minecraft:pink_petals":32,"minecraft:cactus":2,"minecraft:light_gray_stained_glass":2,"minecraft:cherry_door":6,"minecraft:tnt":1,"minecraft:yellow_bed":6,"quark:glow_shroom":4,"minecraft:grass":22,"minecraft:coal_ore":46,"minecraft:mycelium":1,"minecraft:cherry_leaves":5,"minecraft:flower_pot":1,"minecraft:sand":23,"minecraft:dirt":160,"minecraft:cobweb":6,"minecraft:cracked_stone_bricks":2,"minecraft:smooth_basalt":1,"minecraft:stone_bricks":2,"minecraft:red_mushroom_block":4,"minecraft:stonecutter":1,"minecraft:potted_red_tulip":1,"luminousworld:savannah_grass_4":2,"minecraft:deepslate":3,"luminousworld:savannah_ground":2},"minecraft:dropped":{"minecraft:enchanted_book":2,"minecraft:bread":40,"minecraft:diamond_axe":1,"minecraft:cooked_beef":11,"minecraft:diamond":2,"minecraft:coal":4,"minecraft:golden_apple":1,"minecraft:emerald":4,"minecraft:dirt":68,"minecraft:snowball":4,"minecraft:pink_petals":214,"minecraft:acacia_planks":16,"minecraft:bone":4,"botania:brown_mystical_flower":1,"minecraft:rotten_flesh":2,"minecraft:carrot":61,"evilcraft:flesh_humanoid":2,"minecraft:potato":57,"luminousworld:groundpebbles_1":2},"minecraft:crafted":{"minecraft:cherry_planks":284,"minecraft:cherry_slab":6,"quark:cherry_ladder":8,"minecraft:furnace":10,"minecraft:dark_oak_trapdoor":6,"minecraft:stone":17,"quark:cherry_chest":2,"minecraft:glass_pane":16,"quark:dark_oak_chest":4,"minecraft:glass":20,"minecraft:cherry_trapdoor":6,"minecraft:iron_boots":1,"minecraft:cherry_stairs":8,"minecraft:dark_oak_planks":44,"minecraft:crafting_table":3,"minecraft:air":0,"minecraft:dark_oak_slab":6,"minecraft:iron_ingot":12,"minecraft:cherry_door":12,"minecraft:acacia_planks":16},"minecraft:used":{"minecraft:iron_sword":169,"minecraft:stick":2,"minecraft:torch":36,"quark:cherry_chest":3,"minecraft:dirt":15,"minecraft:lantern":6,"quark:cherry_ladder":9,"minecraft:iron_axe":83,"minecraft:cherry_trapdoor":10,"iceandfire:ghost_chest":1,"minecraft:iron_boots":1,"minecraft:golden_carrot":13,"minecraft:oak_sapling":5,"minecraft:furnace":12,"tombstone:gift":4,"minecraft:cooked_beef":58,"minecraft:cherry_log":16,"minecraft:brown_bed":2,"tombstone:scroll_of_reach":1,"minecraft:cherry_planks":217,"minecraft:stonecutter":1,"minecraft:dark_oak_trapdoor":4,"minecraft:crafting_table":3,"minecraft:stone_brick_wall":13,"minecraft:book":1,"minecraft:flower_pot":2,"minecraft:cherry_door":15,"minecraft:iron_pickaxe":10,"quark:dark_oak_chest":7,"minecraft:cobblestone":44,"minecraft:cherry_stairs":8,"minecraft:glass_pane":4,"minecraft:yellow_bed":6},"minecraft:custom":{"minecraft:interact_with_smithing_table":1,"lootr:looted_stat":19,"minecraft:mob_kills":25,"minecraft:interact_with_crafting_table":23,"minecraft:damage_dealt_resisted":202,"minecraft:leave_game":1,"minecraft:time_since_death":152212,"minecraft:climb_one_cm":35940,"minecraft:sprint_one_cm":577392,"minecraft:walk_one_cm":914378,"minecraft:drop":45,"minecraft:play_time":209205,"minecraft:sneak_time":3611,"minecraft:deaths":1,"minecraft:walk_under_water_one_cm":996,"minecraft:jump":2494,"minecraft:walk_on_water_one_cm":4247,"minecraft:total_world_time":209205,"minecraft:interact_with_furnace":16,"minecraft:interact_with_loom":1,"minecraft:pot_flower":1,"minecraft:interact_with_stonecutter":1,"minecraft:sleep_in_bed":15,"minecraft:time_since_rest":9114,"minecraft:damage_taken":6241,"minecraft:damage_dealt":5883,"minecraft:fly_one_cm":496128,"minecraft:open_chest":100,"minecraft:crouch_one_cm":5018,"tombstone:undead_killed":18,"minecraft:fall_one_cm":56804},"minecraft:killed":{"born_in_chaos_v1:restless_spirit":1,"born_in_chaos_v1:siamese_skeletonsright":1,"born_in_chaos_v1:maggot":5,"minecraft:skeleton":1,"undead_revamp2:sucker":1,"earthmobsmod:bouldering_zombie":1,"minecraft:creeper":1,"minecraft:zombie":13,"born_in_chaos_v1:siamese_skeletonsleft":1},"minecraft:picked_up":{"luminousworld:groundpebbles_1":5,"minecraft:iron_chestplate":1,"minecraft:flower_pot":2,"born_in_chaos_v1:seedof_chaos":1,"minecraft:brown_mushroom":2,"minecraft:brown_bed":2,"minecraft:stone_brick_wall":5,"minecraft:potion":1,"minecraft:stripped_cherry_log":1,"quark:dark_oak_chest":3,"minecraft:string":8,"minecraft:dark_oak_trapdoor":4,"minecraft:iron_leggings":1,"botania:magenta_mystical_flower":1,"minecraft:cracked_stone_bricks":2,"supplementaries:bomb":2,"botania:light_gray_double_flower":1,"iceandfire:graveyard_soil":2,"minecraft:gold_nugget":10,"minecraft:cobbled_deepslate":4,"minecraft:sugar_cane":25,"minecraft:cherry_trapdoor":9,"minecraft:furnace":6,"minecraft:stick":25,"minecraft:raw_iron":4,"iceandfire:ghost_chest":1,"minecraft:cherry_stairs":3,"minecraft:torch":9,"quark:cherry_chest":1,"minecraft:acacia_log":4,"botania:black_mushroom":1,"minecraft:cherry_log":85,"tombstone:grave_dust":3,"portablemobs:basic_capture_cell":2,"minecraft:tnt":1,"minecraft:rotten_flesh":24,"minecraft:arrow":3,"minecraft:cactus":4,"botania:lime_mystical_flower":1,"minecraft:red_tulip":1,"supplementaries:ash":13,"minecraft:snowball":4,"minecraft:rail":3,"minecraft:cobblestone":112,"born_in_chaos_v1:fused_bone":2,"born_in_chaos_v1:corpse_maggot":3,"minecraft:pink_petals":466,"minecraft:cooked_beef":9,"born_in_chaos_v1:monster_flesh":3,"minecraft:cherry_planks":26,"artifacts:digging_claws":1,"minecraft:red_mushroom":10,"evilcraft:flesh_humanoid":2,"minecraft:chainmail_chestplate":1,"supplementaries:flax_seeds":2,"iceandfire:ectoplasm":6,"minecraft:yellow_bed":6,"quark:cherry_ladder":5,"minecraft:gunpowder":1,"minecraft:cherry_door":9,"minecraft:dirt":204,"minecraft:lantern":4,"tombstone:gift":1,"minecraft:name_tag":1,"born_in_chaos_v1:monster_skin":2,"minecraft:bone":14,"minecraft:stone_bricks":2,"minecraft:stonecutter":1,"minecraft:wheat_seeds":10,"quark:glow_shroom":4,"minecraft:iron_sword":3,"quark:light_gray_shard":4,"botania:red_mystical_flower":1,"minecraft:smooth_basalt":1,"quark:white_shard":2,"born_in_chaos_v1:ethereal_spirit":5,"minecraft:sand":20,"minecraft:spruce_sapling":5,"minecraft:iron_helmet":1,"minecraft:diamond_axe":1,"minecraft:emerald":1,"minecraft:cherry_sapling":44,"minecraft:chainmail_helmet":1,"tombstone:magic_scroll":2,"minecraft:oak_sapling":7,"botania:brown_mystical_flower":2,"minecraft:coal":43,"iceandfire:raw_silver":1}},"DataVersion":3465}