{"stats":{"minecraft:picked_up":{"minecraft:raw_iron":9,"minecraft:pink_petals":3,"minecraft:stick":9,"minecraft:iron_chestplate":1,"minecraft:torch":1,"minecraft:sand":2,"minecraft:cherry_log":15,"minecraft:cobblestone_wall":6,"minecraft:spider_eye":1,"minecraft:string":6,"minecraft:iron_axe":1,"minecraft:iron_leggings":1,"minecraft:iron_shovel":1,"minecraft:gold_nugget":104,"minecraft:iron_helmet":1,"minecraft:cherry_sapling":19,"minecraft:iron_pickaxe":1,"sophisticatedbackpacks:netherite_backpack":1,"minecraft:iron_sword":1,"minecraft:coal":36,"minecraft:cobblestone":5,"minecraft:iron_boots":1,"ancient_elements:aero_charge":2},"minecraft:custom":{"minecraft:time_since_rest":16902,"minecraft:sprint_one_cm":42640,"lootr:looted_stat":10,"minecraft:damage_taken":389,"minecraft:walk_one_cm":77789,"minecraft:mob_kills":2,"minecraft:animals_bred":1,"minecraft:damage_dealt":239,"minecraft:fly_one_cm":34724,"minecraft:open_chest":1,"minecraft:crouch_one_cm":7,"minecraft:play_time":16902,"minecraft:sneak_time":80,"minecraft:jump":205,"minecraft:walk_on_water_one_cm":1567,"minecraft:time_since_death":16902,"minecraft:total_world_time":16902,"minecraft:fall_one_cm":5381},"minecraft:crafted":{"minecraft:cherry_planks":36,"minecraft:torch":32},"minecraft:killed":{"minecraft:cave_spider":2},"minecraft:used":{"minecraft:cherry_sapling":3,"minecraft:iron_axe":10,"minecraft:iron_pickaxe":61,"minecraft:cherry_planks":1,"minecraft:iron_sword":13,"minecraft:torch":15,"minecraft:cobblestone":2,"minecraft:golden_carrot":5,"minecraft:cherry_log":6},"minecraft:mined":{"minecraft:pink_petals":2,"minecraft:cobblestone_wall":8,"minecraft:iron_ore":9,"minecraft:cherry_log":9,"minecraft:coal_ore":39,"iceandfire:gold_pile":12,"minecraft:sand":2,"minecraft:cobweb":5,"minecraft:stone":5}},"DataVersion":3465}