{"stats":{"minecraft:broken":{"minecraft:iron_boots":1},"minecraft:dropped":{"minecraft:enchanted_book":2,"minecraft:bread":40,"minecraft:wheat_seeds":2,"minecraft:diamond_axe":1,"minecraft:cooked_beef":11,"minecraft:diamond":2,"minecraft:yellow_terracotta":2,"minecraft:coal":4,"minecraft:golden_apple":1,"minecraft:emerald":4,"minecraft:dirt":68,"minecraft:snowball":4,"minecraft:pink_petals":214,"minecraft:acacia_planks":16,"minecraft:bone":4,"botania:brown_mystical_flower":1,"born_in_chaos_v1:ethereal_spirit":1,"minecraft:rotten_flesh":2,"evilcraft:flesh_humanoid":2,"minecraft:carrot":61,"minecraft:potato":57,"luminousworld:groundpebbles_1":3},"minecraft:mined":{"minecraft:yellow_terracotta":2,"luminousworld:groundpebbles_1":1,"iceandfire:silver_ore":1,"quark:cherry_chest":1,"botania:red_mystical_flower":1,"minecraft:cherry_log":107,"minecraft:stripped_cherry_log":1,"iceandfire:crackled_gravel":4,"minecraft:cherry_trapdoor":9,"botania:black_mushroom":1,"minecraft:acacia_log":4,"minecraft:stone_brick_wall":5,"minecraft:grass_block":41,"minecraft:white_stained_glass":1,"minecraft:brown_mushroom_block":1,"botania:black_double_flower":1,"minecraft:red_mushroom":3,"minecraft:spawner":2,"luminousworld:savanna_grass_2":2,"iceandfire:crackled_cobblestone":1,"minecraft:hay_block":9,"minecraft:furnace":6,"minecraft:dark_oak_trapdoor":4,"minecraft:iron_ore":35,"minecraft:cobbled_deepslate":4,"born_in_chaos_v1:black_argillite_brick_stairs":2,"iceandfire:crackled_dirt":1,"minecraft:brown_bed":1,"supplementaries:stick":2,"minecraft:pointed_dripstone":2,"minecraft:vine":1,"minecraft:deepslate_iron_ore":7,"quark:cherry_ladder":5,"minecraft:iron_bars":2,"minecraft:lantern":3,"luminousworld:groundpebbles_2":2,"botania:brown_mystical_flower":1,"minecraft:bamboo":1,"minecraft:stone":154,"minecraft:cherry_stairs":3,"luminousworld:savannah_soil":14,"botania:lime_mystical_flower":1,"minecraft:glass_pane":2,"minecraft:cherry_planks":26,"ecologics:pot":4,"luminousworld:tall_deadbush":2,"quark:dark_oak_chest":3,"iceandfire:podium_acacia":1,"minecraft:oak_fence":5,"minecraft:crafting_table":1,"iceandfire:dragon_ice_spikes":5,"luminousworld:savannah_grass_1":1,"minecraft:torch":6,"botania:green_double_flower":1,"minecraft:emerald_ore":4,"iceandfire:ghost_chest":1,"minecraft:dead_bush":4,"born_in_chaos_v1:black_argillite_column_slab":1,"minecraft:tall_grass":18,"minecraft:cobblestone":5,"botania:light_gray_double_flower":1,"minecraft:oak_planks":5,"minecraft:sugar_cane":10,"minecraft:wall_torch":9,"minecraft:pink_petals":54,"supplementaries:urn":5,"minecraft:cactus":2,"minecraft:light_gray_stained_glass":2,"evilcraft:dark_ore_deepslate":1,"born_in_chaos_v1:fired_black_argillite":1,"minecraft:cherry_door":6,"minecraft:tnt":1,"minecraft:yellow_bed":6,"quark:glow_shroom":4,"minecraft:grass":31,"minecraft:coal_ore":100,"minecraft:mycelium":1,"minecraft:cherry_leaves":5,"minecraft:flower_pot":1,"minecraft:sand":98,"minecraft:dirt":166,"minecraft:cobweb":19,"minecraft:smooth_basalt":1,"minecraft:cracked_stone_bricks":5,"minecraft:red_mushroom_block":4,"minecraft:potted_red_tulip":1,"minecraft:stonecutter":1,"minecraft:stone_bricks":6,"born_in_chaos_v1:black_argillite_wall":1,"luminousworld:savannah_grass_4":3,"minecraft:mossy_stone_bricks":6,"minecraft:deepslate":51,"luminousworld:savannah_ground":2},"minecraft:crafted":{"minecraft:cherry_planks":328,"minecraft:cherry_slab":6,"quark:cherry_ladder":8,"minecraft:furnace":10,"minecraft:dark_oak_trapdoor":6,"minecraft:stone":17,"quark:cherry_chest":2,"minecraft:glass_pane":16,"quark:dark_oak_chest":4,"minecraft:glass":20,"minecraft:cherry_trapdoor":6,"minecraft:iron_boots":2,"minecraft:cherry_stairs":8,"minecraft:diamond_boots":1,"minecraft:dark_oak_planks":44,"minecraft:crafting_table":4,"minecraft:iron_sword":1,"minecraft:air":0,"minecraft:dark_oak_slab":6,"minecraft:iron_chestplate":1,"minecraft:stick":40,"minecraft:iron_ingot":12,"minecraft:cherry_door":12,"minecraft:acacia_planks":16,"minecraft:torch":32},"minecraft:used":{"minecraft:iron_sword":229,"earthmobsmod:fancy_egg":1,"minecraft:stick":2,"endrem:lost_eye":1,"minecraft:iron_chestplate":1,"minecraft:torch":91,"quark:cherry_chest":3,"minecraft:dirt":65,"minecraft:diamond_helmet":1,"minecraft:lantern":6,"quark:cherry_ladder":9,"minecraft:iron_axe":115,"minecraft:cherry_trapdoor":10,"iceandfire:ghost_chest":2,"minecraft:iron_boots":1,"minecraft:diamond_chestplate":1,"minecraft:bamboo":15,"minecraft:golden_carrot":46,"minecraft:oak_sapling":5,"minecraft:furnace":12,"tombstone:gift":4,"minecraft:cooked_beef":60,"minecraft:cobbled_deepslate":11,"minecraft:cherry_log":16,"minecraft:brown_bed":2,"minecraft:water_bucket":7,"minecraft:mossy_stone_bricks":1,"tombstone:scroll_of_reach":1,"minecraft:diamond_boots":1,"minecraft:cherry_planks":226,"minecraft:stonecutter":1,"minecraft:dark_oak_trapdoor":4,"minecraft:crafting_table":4,"minecraft:stone_brick_wall":13,"minecraft:book":1,"minecraft:flower_pot":2,"minecraft:cherry_door":15,"minecraft:iron_pickaxe":131,"minecraft:pink_petals":26,"quark:dark_oak_chest":7,"minecraft:cobblestone":45,"minecraft:cherry_stairs":8,"minecraft:glass_pane":4,"minecraft:bucket":8,"minecraft:yellow_bed":6,"minecraft:experience_bottle":1},"minecraft:custom":{"minecraft:interact_with_smithing_table":1,"lootr:looted_stat":52,"minecraft:mob_kills":39,"minecraft:interact_with_crafting_table":29,"minecraft:damage_dealt_resisted":202,"minecraft:leave_game":2,"minecraft:time_since_death":230069,"minecraft:climb_one_cm":38378,"minecraft:sprint_one_cm":802360,"minecraft:walk_one_cm":1284122,"minecraft:drop":51,"minecraft:play_time":287062,"minecraft:sneak_time":4559,"minecraft:deaths":1,"minecraft:walk_under_water_one_cm":6772,"minecraft:jump":3650,"minecraft:walk_on_water_one_cm":27139,"minecraft:total_world_time":287062,"minecraft:interact_with_furnace":18,"minecraft:interact_with_loom":1,"minecraft:pot_flower":1,"minecraft:interact_with_stonecutter":1,"minecraft:sleep_in_bed":15,"minecraft:time_since_rest":86971,"minecraft:damage_taken":9340,"minecraft:damage_dealt":8326,"minecraft:swim_one_cm":5497,"minecraft:fly_one_cm":796455,"minecraft:open_chest":114,"minecraft:crouch_one_cm":6798,"tombstone:undead_killed":24,"minecraft:fall_one_cm":84252},"minecraft:killed":{"minecraft:cave_spider":6,"born_in_chaos_v1:restless_spirit":1,"minecraft:spider":1,"born_in_chaos_v1:siamese_skeletonsright":1,"born_in_chaos_v1:maggot":5,"minecraft:skeleton":4,"undead_revamp2:sucker":1,"earthmobsmod:bouldering_zombie":1,"minecraft:creeper":1,"minecraft:zombie":14,"iceandfire:ghost":1,"born_in_chaos_v1:siamese_skeletonsleft":1,"enemyexpansion:slugger":1},"minecraft:picked_up":{"minecraft:iron_chestplate":1,"luminousworld:groundpebbles_1":6,"minecraft:crafting_table":1,"minecraft:creeper_head":1,"minecraft:flower_pot":2,"born_in_chaos_v1:seedof_chaos":1,"minecraft:brown_mushroom":2,"botania:black_double_flower":1,"minecraft:brown_bed":2,"earthmobsmod:fancy_egg":1,"minecraft:stone_brick_wall":5,"minecraft:enchanted_book":1,"minecraft:potion":1,"minecraft:stripped_cherry_log":1,"born_in_chaos_v1:black_argillite_wall":1,"quark:dark_oak_chest":3,"born_in_chaos_v1:fired_black_argillite":1,"minecraft:string":38,"minecraft:dark_oak_trapdoor":4,"minecraft:iron_leggings":1,"minecraft:experience_bottle":1,"botania:magenta_mystical_flower":1,"iceandfire:bestiary":1,"iceandfire:graveyard_soil":2,"supplementaries:bomb":2,"botania:light_gray_double_flower":1,"minecraft:cracked_stone_bricks":5,"minecraft:diamond_leggings":1,"minecraft:gold_nugget":13,"minecraft:cobbled_deepslate":52,"minecraft:calcite":6,"minecraft:iron_nugget":1,"iceandfire:podium_acacia":1,"hangglider:hang_glider":1,"minecraft:sugar_cane":25,"minecraft:iron_boots":1,"minecraft:cherry_trapdoor":9,"minecraft:furnace":6,"minecraft:stick":36,"minecraft:raw_iron":42,"iceandfire:ghost_chest":2,"minecraft:cherry_stairs":3,"iceandfire:crackled_dirt":1,"minecraft:oak_fence":2,"quark:cherry_chest":1,"minecraft:torch":25,"minecraft:acacia_log":4,"botania:black_mushroom":1,"sophisticatedbackpacks:backpack":1,"minecraft:cherry_log":96,"iceandfire:crackled_gravel":3,"minecraft:pointed_dripstone":3,"tombstone:grave_dust":6,"born_in_chaos_v1:black_argillite_brick_stairs":2,"portablemobs:basic_capture_cell":2,"minecraft:diamond_chestplate":1,"minecraft:tnt":1,"minecraft:arrow":5,"minecraft:cactus":4,"minecraft:rotten_flesh":42,"botania:lime_mystical_flower":1,"minecraft:diamond_boots":1,"minecraft:hay_block":6,"minecraft:red_tulip":1,"minecraft:yellow_terracotta":2,"luminousworld:tall_deadbush":2,"supplementaries:ash":21,"minecraft:glow_berries":1,"minecraft:iron_bars":2,"minecraft:snowball":4,"minecraft:rail":3,"minecraft:cobblestone":164,"born_in_chaos_v1:fused_bone":2,"minecraft:pink_petals":493,"born_in_chaos_v1:corpse_maggot":3,"born_in_chaos_v1:black_argillite_column_slab":1,"minecraft:cooked_beef":9,"minecraft:cherry_planks":26,"born_in_chaos_v1:monster_flesh":3,"artifacts:digging_claws":1,"minecraft:red_mushroom":10,"minecraft:chainmail_chestplate":1,"evilcraft:flesh_humanoid":2,"supplementaries:flax_seeds":2,"iceandfire:ectoplasm":6,"minecraft:yellow_bed":6,"minecraft:gunpowder":4,"quark:cherry_ladder":5,"minecraft:cherry_door":9,"minecraft:dirt":212,"minecraft:lantern":4,"tombstone:gift":1,"minecraft:name_tag":1,"born_in_chaos_v1:monster_skin":2,"minecraft:bone":20,"minecraft:stone_bricks":6,"minecraft:stonecutter":1,"minecraft:wheat_seeds":12,"quark:glow_shroom":4,"minecraft:diamond_helmet":1,"minecraft:mossy_stone_bricks":6,"minecraft:bamboo":15,"minecraft:iron_sword":3,"minecraft:oak_planks":4,"minecraft:book":6,"quark:light_gray_shard":4,"iceandfire:copper_nugget":12,"botania:red_mystical_flower":1,"minecraft:smooth_basalt":1,"quark:white_shard":2,"born_in_chaos_v1:black_argillitepressureplate":2,"born_in_chaos_v1:ethereal_spirit":6,"minecraft:sand":96,"minecraft:spruce_sapling":5,"minecraft:spider_eye":1,"artifacts:plastic_drinking_hat":1,"evilcraft:dark_gem":5,"minecraft:iron_helmet":1,"minecraft:diamond_axe":1,"minecraft:cherry_sapling":49,"minecraft:emerald":4,"minecraft:chainmail_helmet":1,"minecraft:bread":4,"tombstone:magic_scroll":2,"minecraft:oak_sapling":7,"botania:brown_mystical_flower":2,"minecraft:coal":97,"iceandfire:raw_silver":1}},"DataVersion":3465}