{"stats":{"minecraft:picked_up":{"minecraft:iron_axe":1,"minecraft:iron_chestplate":1,"minecraft:pink_petals":2,"minecraft:stick":6,"minecraft:iron_leggings":1,"minecraft:iron_shovel":1,"minecraft:iron_helmet":1,"minecraft:sand":2,"minecraft:cherry_sapling":15,"minecraft:cherry_log":6,"minecraft:iron_pickaxe":1,"sophisticatedbackpacks:netherite_backpack":1,"minecraft:iron_sword":1,"ancient_elements:aero_charge":2,"minecraft:iron_boots":1},"minecraft:custom":{"minecraft:time_since_rest":4902,"minecraft:play_time":4902,"minecraft:sprint_one_cm":11104,"minecraft:damage_taken":30,"minecraft:walk_one_cm":23952,"minecraft:animals_bred":1,"minecraft:jump":103,"minecraft:damage_dealt":18,"minecraft:time_since_death":4902,"minecraft:total_world_time":4902,"minecraft:fall_one_cm":3254,"minecraft:fly_one_cm":13465,"minecraft:open_chest":1},"minecraft:used":{"minecraft:golden_carrot":1,"minecraft:cherry_log":6},"minecraft:mined":{"minecraft:pink_petals":1,"minecraft:sand":2}},"DataVersion":3465}