{"stats":{"minecraft:killed":{"born_in_chaos_v1:restless_spirit":1,"minecraft:creeper":1,"born_in_chaos_v1:maggot":4,"minecraft:zombie":11},"minecraft:used":{"tombstone:scroll_of_reach":1,"minecraft:cherry_planks":142,"minecraft:iron_sword":103,"minecraft:torch":18,"quark:cherry_chest":3,"minecraft:dirt":3,"minecraft:crafting_table":2,"minecraft:book":1,"minecraft:cherry_door":4,"minecraft:iron_axe":18,"quark:cherry_ladder":9,"minecraft:iron_pickaxe":8,"minecraft:cherry_trapdoor":1,"minecraft:iron_boots":1,"quark:dark_oak_chest":5,"minecraft:cobblestone":41,"minecraft:furnace":2,"minecraft:yellow_bed":4,"minecraft:cooked_beef":38},"minecraft:crafted":{"minecraft:cherry_slab":6,"minecraft:crafting_table":2,"quark:cherry_ladder":8,"minecraft:furnace":2,"quark:cherry_chest":2,"minecraft:air":0,"quark:dark_oak_chest":4,"minecraft:cherry_trapdoor":6,"minecraft:iron_boots":1,"minecraft:iron_ingot":3,"minecraft:cherry_door":3,"minecraft:acacia_planks":16,"minecraft:dark_oak_planks":32,"minecraft:cherry_planks":200},"minecraft:picked_up":{"minecraft:pink_petals":398,"born_in_chaos_v1:corpse_maggot":3,"luminousworld:groundpebbles_1":4,"minecraft:cherry_planks":10,"artifacts:digging_claws":1,"minecraft:flower_pot":1,"minecraft:brown_mushroom":2,"minecraft:red_mushroom":10,"minecraft:brown_bed":1,"minecraft:potion":1,"quark:dark_oak_chest":2,"minecraft:chainmail_chestplate":1,"evilcraft:flesh_humanoid":2,"supplementaries:flax_seeds":2,"quark:cherry_ladder":5,"minecraft:yellow_bed":4,"minecraft:gunpowder":1,"minecraft:cherry_door":2,"minecraft:string":5,"minecraft:dirt":167,"tombstone:gift":1,"minecraft:bone":8,"supplementaries:bomb":2,"botania:light_gray_double_flower":1,"minecraft:wheat_seeds":7,"minecraft:cobbled_deepslate":4,"quark:glow_shroom":4,"minecraft:sugar_cane":25,"minecraft:iron_sword":1,"quark:light_gray_shard":4,"minecraft:smooth_basalt":1,"minecraft:stick":21,"minecraft:raw_iron":2,"botania:red_mystical_flower":1,"quark:white_shard":2,"minecraft:torch":1,"quark:cherry_chest":1,"born_in_chaos_v1:ethereal_spirit":4,"minecraft:acacia_log":4,"botania:black_mushroom":1,"minecraft:spruce_sapling":5,"minecraft:cherry_log":49,"tombstone:grave_dust":1,"portablemobs:basic_capture_cell":2,"minecraft:tnt":1,"minecraft:cactus":4,"minecraft:rotten_flesh":12,"botania:lime_mystical_flower":1,"minecraft:iron_helmet":1,"minecraft:red_tulip":1,"minecraft:cherry_sapling":25,"minecraft:oak_sapling":2,"supplementaries:ash":8,"tombstone:magic_scroll":1,"minecraft:snowball":4,"minecraft:coal":20,"minecraft:rail":3,"minecraft:cobblestone":109},"minecraft:custom":{"minecraft:interact_with_smithing_table":1,"minecraft:interact_with_furnace":6,"lootr:looted_stat":19,"minecraft:mob_kills":17,"minecraft:interact_with_crafting_table":12,"minecraft:interact_with_loom":1,"minecraft:damage_dealt_resisted":79,"minecraft:sleep_in_bed":2,"minecraft:time_since_death":44340,"minecraft:climb_one_cm":9245,"minecraft:time_since_rest":9891,"minecraft:sprint_one_cm":252352,"minecraft:damage_taken":4120,"minecraft:walk_one_cm":414625,"minecraft:drop":25,"minecraft:damage_dealt":3214,"minecraft:fly_one_cm":183939,"minecraft:open_chest":11,"minecraft:crouch_one_cm":2339,"minecraft:deaths":1,"minecraft:play_time":101333,"tombstone:undead_killed":11,"minecraft:sneak_time":1050,"minecraft:jump":1116,"minecraft:walk_on_water_one_cm":331,"minecraft:total_world_time":101333,"minecraft:fall_one_cm":22263},"minecraft:dropped":{"minecraft:enchanted_book":2,"minecraft:bread":40,"minecraft:diamond":2,"evilcraft:flesh_humanoid":2,"minecraft:carrot":61,"minecraft:golden_apple":1,"minecraft:emerald":4,"minecraft:dirt":68,"minecraft:potato":57,"luminousworld:groundpebbles_1":2,"minecraft:snowball":4,"minecraft:pink_petals":214,"minecraft:acacia_planks":16},"minecraft:mined":{"luminousworld:savannah_soil":14,"luminousworld:groundpebbles_1":1,"botania:lime_mystical_flower":1,"minecraft:cherry_planks":10,"quark:cherry_chest":1,"quark:dark_oak_chest":2,"botania:red_mystical_flower":1,"minecraft:cherry_log":58,"minecraft:oak_fence":2,"iceandfire:dragon_ice_spikes":5,"botania:green_double_flower":1,"botania:black_mushroom":1,"minecraft:acacia_log":4,"minecraft:grass_block":29,"minecraft:dead_bush":4,"minecraft:white_stained_glass":1,"minecraft:brown_mushroom_block":1,"minecraft:cobblestone":4,"minecraft:tall_grass":5,"botania:light_gray_double_flower":1,"minecraft:red_mushroom":3,"minecraft:sugar_cane":10,"minecraft:wall_torch":1,"luminousworld:savanna_grass_2":1,"minecraft:pink_petals":20,"supplementaries:urn":3,"minecraft:cactus":2,"minecraft:light_gray_stained_glass":2,"minecraft:cobbled_deepslate":1,"minecraft:tnt":1,"minecraft:yellow_bed":4,"quark:glow_shroom":4,"quark:cherry_ladder":5,"minecraft:grass":9,"minecraft:coal_ore":20,"minecraft:vine":1,"minecraft:mycelium":1,"minecraft:deepslate_iron_ore":2,"minecraft:cherry_leaves":4,"minecraft:sand":3,"minecraft:dirt":135,"minecraft:cobweb":3,"minecraft:smooth_basalt":1,"minecraft:stone":99,"minecraft:red_mushroom_block":4,"minecraft:potted_red_tulip":1,"luminousworld:savannah_grass_4":2,"minecraft:deepslate":3,"luminousworld:savannah_ground":2}},"DataVersion":3465}