{"stats":{"minecraft:killed":{"born_in_chaos_v1:restless_spirit":1,"minecraft:creeper":1,"born_in_chaos_v1:maggot":4,"minecraft:zombie":11},"minecraft:used":{"tombstone:scroll_of_reach":1,"minecraft:iron_sword":97,"minecraft:torch":14,"minecraft:book":1,"minecraft:iron_pickaxe":8,"minecraft:iron_boots":1,"minecraft:cobblestone":38,"minecraft:furnace":1,"minecraft:cooked_beef":22},"minecraft:crafted":{"minecraft:furnace":1,"minecraft:air":0,"minecraft:iron_boots":1,"minecraft:iron_ingot":3,"minecraft:acacia_planks":16},"minecraft:picked_up":{"born_in_chaos_v1:corpse_maggot":3,"luminousworld:groundpebbles_1":4,"artifacts:digging_claws":1,"minecraft:flower_pot":1,"minecraft:brown_mushroom":2,"minecraft:red_mushroom":10,"minecraft:chainmail_chestplate":1,"evilcraft:flesh_humanoid":1,"supplementaries:flax_seeds":2,"minecraft:yellow_bed":1,"minecraft:gunpowder":1,"minecraft:string":5,"minecraft:dirt":12,"tombstone:gift":1,"minecraft:bone":8,"minecraft:cobbled_deepslate":4,"quark:glow_shroom":4,"minecraft:sugar_cane":25,"minecraft:iron_sword":1,"minecraft:smooth_basalt":1,"minecraft:stick":2,"minecraft:raw_iron":2,"botania:red_mystical_flower":1,"born_in_chaos_v1:ethereal_spirit":4,"minecraft:acacia_log":4,"botania:black_mushroom":1,"tombstone:grave_dust":1,"portablemobs:basic_capture_cell":2,"minecraft:tnt":1,"minecraft:cactus":4,"minecraft:rotten_flesh":10,"minecraft:iron_helmet":1,"minecraft:red_tulip":1,"minecraft:oak_sapling":2,"supplementaries:ash":7,"tombstone:magic_scroll":1,"minecraft:coal":20,"minecraft:rail":3,"minecraft:cobblestone":34},"minecraft:custom":{"minecraft:interact_with_smithing_table":1,"minecraft:interact_with_furnace":3,"lootr:looted_stat":19,"minecraft:mob_kills":17,"minecraft:interact_with_crafting_table":2,"minecraft:interact_with_loom":1,"minecraft:damage_dealt_resisted":79,"minecraft:time_since_death":53333,"minecraft:climb_one_cm":4091,"minecraft:time_since_rest":53333,"minecraft:sprint_one_cm":103308,"minecraft:damage_taken":2524,"minecraft:walk_one_cm":209601,"minecraft:drop":12,"minecraft:damage_dealt":2964,"minecraft:fly_one_cm":62292,"minecraft:crouch_one_cm":1848,"minecraft:play_time":53333,"tombstone:undead_killed":11,"minecraft:sneak_time":829,"minecraft:jump":572,"minecraft:walk_on_water_one_cm":331,"minecraft:total_world_time":53333,"minecraft:fall_one_cm":11157},"minecraft:dropped":{"minecraft:enchanted_book":2,"minecraft:bread":40,"minecraft:diamond":2,"minecraft:carrot":61,"minecraft:golden_apple":1,"minecraft:emerald":4,"minecraft:dirt":4,"minecraft:potato":57,"luminousworld:groundpebbles_1":2,"minecraft:acacia_planks":16},"minecraft:mined":{"luminousworld:savannah_soil":13,"luminousworld:groundpebbles_1":1,"botania:red_mystical_flower":1,"minecraft:oak_fence":2,"botania:green_double_flower":1,"botania:black_mushroom":1,"minecraft:acacia_log":4,"minecraft:dead_bush":4,"minecraft:brown_mushroom_block":1,"minecraft:cobblestone":2,"minecraft:tall_grass":1,"minecraft:red_mushroom":3,"minecraft:sugar_cane":10,"luminousworld:savanna_grass_2":1,"supplementaries:urn":3,"minecraft:cactus":2,"minecraft:cobbled_deepslate":1,"minecraft:tnt":1,"minecraft:yellow_bed":1,"quark:glow_shroom":4,"minecraft:grass":1,"minecraft:coal_ore":20,"minecraft:vine":1,"minecraft:mycelium":1,"minecraft:deepslate_iron_ore":2,"minecraft:sand":3,"minecraft:dirt":4,"minecraft:cobweb":3,"minecraft:smooth_basalt":1,"minecraft:stone":26,"minecraft:red_mushroom_block":4,"minecraft:potted_red_tulip":1,"luminousworld:savannah_grass_4":1,"minecraft:deepslate":3,"luminousworld:savannah_ground":2}},"DataVersion":3465}