{"stats":{"minecraft:used":{"comforts:sleeping_bag_pink":1,"minecraft:torch":11,"minecraft:iron_axe":2,"minecraft:diamond_sword":80,"minecraft:golden_carrot":33,"minecraft:bow":10},"minecraft:mined":{"minecraft:red_wool":2,"minecraft:torch":1,"luminousworld:savannah_grass_1":3,"minecraft:tall_grass":2,"minecraft:cyan_bed":1,"minecraft:kelp":1,"minecraft:sugar_cane":1,"luminousworld:savanna_grass_2":1,"minecraft:pink_petals":3,"minecraft:weeping_vines_plant":1,"minecraft:peony":1,"minecraft:grass":10,"minecraft:sunflower":1,"minecraft:blue_orchid":1,"luminousworld:elephant_grass":3,"luminousworld:savannah_grass_4":2,"minecraft:redstone_wall_torch":2},"minecraft:custom":{"lootr:looted_stat":10,"minecraft:mob_kills":8,"minecraft:leave_game":1,"minecraft:time_since_death":79802,"minecraft:sleep_in_bed":3,"minecraft:time_since_rest":37840,"minecraft:sprint_one_cm":191626,"minecraft:damage_taken":2817,"minecraft:walk_one_cm":390858,"minecraft:drop":48,"minecraft:damage_dealt":2789,"minecraft:fly_one_cm":70210,"minecraft:swim_one_cm":2010,"minecraft:play_time":79802,"tombstone:undead_killed":2,"minecraft:walk_under_water_one_cm":17842,"minecraft:boat_one_cm":53228,"minecraft:jump":661,"minecraft:interact_with_brewingstand":1,"minecraft:walk_on_water_one_cm":29522,"minecraft:total_world_time":79802,"minecraft:fall_one_cm":20505},"minecraft:picked_up":{"minecraft:pink_petals":10,"luminousworld:savannah_ground":17,"minecraft:feather":2,"minecraft:chainmail_boots":1,"minecraft:golden_carrot":3,"minecraft:leather":4,"minecraft:diamond_sword":3,"minecraft:potato":1,"minecraft:string":1,"minecraft:polished_granite":1,"aether:diamond_gloves":1,"minecraft:bone":2,"minecraft:smooth_red_sandstone_slab":1,"mowziesmobs:umvuthana_mask_rage":1,"minecraft:bow":1,"minecraft:cherry_boat":1,"minecraft:wheat_seeds":4,"minecraft:diamond_leggings":1,"comforts:sleeping_bag_pink":2,"minecraft:beef":8,"minecraft:redstone_torch":2,"minecraft:diamond_helmet":2,"minecraft:bamboo":2,"minecraft:sugar_cane":1,"iceandfire:fire_dragon_flesh":3,"sophisticatedbackpacks:diamond_backpack":4,"iceandfire:dragonbone":8,"iceandfire:dragonscales_gray":20,"minecraft:red_wool":2,"minecraft:torch":57,"iceandfire:dragon_skull_fire":2,"luminousworld:savannah_soil":7,"minecraft:cyan_bed":1,"minecraft:spider_eye":5,"portablemobs:basic_capture_cell":2,"quark:clear_shard":25,"luminousworld:grassflowers":1,"luminousworld:yellow_grassflowers":1,"minecraft:arrow":99,"minecraft:diamond_chestplate":1,"minecraft:rotten_flesh":23,"minecraft:chainmail_leggings":2,"minecraft:diamond_boots":1,"iceandfire:fire_dragon_heart":1,"supplementaries:ash":1,"minecraft:baked_potato":20,"minecraft:sunflower":1},"minecraft:dropped":{"iceandfire:dragonscales_gray":2,"minecraft:player_head":2,"minecraft:baked_potato":29,"luminousworld:savannah_soil":5,"sophisticatedbackpacks:diamond_backpack":3,"minecraft:diamond_sword":3,"quark:clear_shard":13,"minecraft:golden_carrot":3,"minecraft:spider_eye":1,"iceandfire:ash":3,"minecraft:arrow":1,"minecraft:pink_petals":10,"iceandfire:dragon_skull_fire":2},"minecraft:killed":{"naturalist:snake":1,"minecraft:spider":1,"luminousworld:savannah_skeleton":1,"minecraft:zombie":1,"alexsmobs:cockroach":1,"minecraft:cow":1}},"DataVersion":3465}