{"stats":{"minecraft:broken":{"minecraft:iron_shovel":1,"minecraft:golden_sword":1,"minecraft:golden_axe":2,"minecraft:iron_axe":3},"minecraft:mined":{"luminousworld:groundpebbles_1":1,"minecraft:tuff":91,"minecraft:cherry_log":570,"minecraft:cherry_sapling":1,"minecraft:potted_blue_orchid":1,"minecraft:grass_block":199,"botania:purple_mushroom":1,"minecraft:deepslate_iron_ore":2,"luminousworld:groundpebbles_2":1,"farmersdelight:cooking_pot":1,"botania:orange_mystical_flower":1,"minecraft:torch":8,"minecraft:rose_bush":1,"minecraft:dead_bush":1,"minecraft:tall_grass":10,"farmersdelight:wild_tomatoes":5,"minecraft:wall_torch":13,"minecraft:pink_petals":174,"lootr:trophy":1,"minecraft:lilac":1,"minecraft:black_bed":1,"minecraft:bee_nest":1,"minecraft:grass":79,"minecraft:sand":11,"minecraft:gravel":15,"minecraft:dirt":4,"minecraft:cobweb":1,"minecraft:deepslate":352},"minecraft:dropped":{"minecraft:iron_ingot":1,"minecraft:iron_sword":2,"minecraft:wheat_seeds":19,"minecraft:lapis_lazuli":62,"minecraft:cherry_log":387,"luminousworld:ishstone":15,"botania:orange_mystical_flower":1,"minecraft:cobblestone":3,"alexsmobs:rattlesnake_rattle":5,"minecraft:black_bed":1,"evilcraft:dark_gem":4,"minecraft:copper_ingot":1,"minecraft:grass_block":300,"minecraft:coal":42,"minecraft:item_frame":3,"minecraft:stick":13,"minecraft:magenta_bed":1,"minecraft:diamond_horse_armor":2,"minecraft:dirt":225,"born_in_chaos_v1:phantom_powder":2,"quark:cherry_vertical_slab":3,"minecraft:torch":30,"farmersdelight:cooking_pot":1,"minecraft:rose_bush":1,"minecraft:cherry_planks":140,"sophisticatedbackpacks:netherite_backpack":1,"minecraft:sand":1,"iceandfire:ash":1,"minecraft:iron_axe":1,"minecraft:string":2,"minecraft:pink_petals":1120,"quark:blossom_planks_slab":1,"lootr:trophy":1,"alexsmobs:maggot":8,"minecraft:cobbled_deepslate":64,"minecraft:cherry_sapling":247,"minecraft:rotten_flesh":7,"minecraft:cherry_slab":79,"minecraft:name_tag":1,"iceandfire:myrmex_resin_desert":1,"earthmobsmod:harder_flesh":6,"evilcraft:flesh_humanoid":2,"supplementaries:antique_ink":2,"supplementaries:ash":13,"minecraft:gunpowder":1,"iceandfire:chared_cobblestone":7,"luminousworld:groundpebbles_1":7,"minecraft:andesite":20,"born_in_chaos_v1:corpse_maggot":2,"supplementaries:item_shelf":2,"quark:vertical_blossom_planks":1,"minecraft:golden_sword":1,"minecraft:arrow":4,"minecraft:blue_orchid":1,"minecraft:stone_pickaxe":1,"minecraft:light_blue_terracotta":1,"minecraft:splash_potion":7},"minecraft:crafted":{"minecraft:cherry_planks":452,"minecraft:cherry_slab":18,"minecraft:iron_axe":2,"minecraft:cherry_stairs":212,"quark:cherry_vertical_slab":3,"minecraft:cherry_door":3},"minecraft:used":{"minecraft:iron_shovel":301,"minecraft:iron_sword":45,"minecraft:stick":1,"minecraft:torch":42,"minecraft:dirt":3,"minecraft:iron_hoe":1,"minecraft:grass_block":1,"minecraft:iron_axe":571,"undead_revamp2:huntereye":1,"minecraft:golden_sword":57,"minecraft:golden_carrot":49,"minecraft:golden_axe":69,"patchouli:guide_book":2,"minecraft:stone_pickaxe":305,"minecraft:diamond_axe":28,"minecraft:sand":9,"minecraft:magenta_bed":1,"minecraft:black_bed":1,"minecraft:iron_pickaxe":222,"minecraft:pink_petals":16,"minecraft:enchanted_book":11,"alexsmobs:animal_dictionary":6},"minecraft:custom":{"lootr:looted_stat":2,"minecraft:mob_kills":10,"minecraft:interact_with_crafting_table":22,"minecraft:damage_dealt_resisted":13,"minecraft:leave_game":5,"minecraft:time_since_death":285351,"minecraft:sprint_one_cm":137273,"minecraft:walk_one_cm":1239181,"minecraft:drop":276,"minecraft:play_time":285351,"minecraft:sneak_time":3093,"minecraft:walk_under_water_one_cm":724,"minecraft:jump":761,"minecraft:walk_on_water_one_cm":7543,"minecraft:total_world_time":285351,"minecraft:interact_with_furnace":1,"minecraft:interact_with_loom":7,"minecraft:interact_with_grindstone":5,"minecraft:sleep_in_bed":6,"minecraft:time_since_rest":26874,"minecraft:damage_taken":4648,"minecraft:damage_dealt":1735,"minecraft:fly_one_cm":33603,"minecraft:open_chest":15,"minecraft:crouch_one_cm":7144,"tombstone:undead_killed":2,"minecraft:interact_with_smoker":3,"minecraft:fall_one_cm":48082},"minecraft:killed":{"alexsmobs:tiger":1,"born_in_chaos_v1:maggot":1,"minecraft:zombie_villager":1,"minecraft:zombie":1,"born_in_chaos_v1:corpse_fly":1,"enemyexpansion:botfly":2,"alexsmobs:fly":1},"minecraft:picked_up":{"luminousworld:groundpebbles_1":7,"minecraft:iron_chestplate":1,"minecraft:splash_potion":7,"minecraft:flower_pot":1,"born_in_chaos_v1:seedof_chaos":1,"minecraft:enchanted_book":1,"minecraft:diamond_horse_armor":2,"minecraft:golden_sword":2,"minecraft:string":2,"minecraft:iron_axe":2,"minecraft:iron_leggings":1,"minecraft:item_frame":3,"minecraft:blue_orchid":1,"minecraft:gold_nugget":17,"minecraft:cobbled_deepslate":320,"minecraft:rose_bush":1,"minecraft:iron_pickaxe":1,"sophisticatedbackpacks:netherite_backpack":1,"minecraft:cherry_button":64,"minecraft:cherry_trapdoor":78,"minecraft:iron_boots":1,"minecraft:stick":160,"minecraft:raw_iron":4,"minecraft:copper_ingot":1,"born_in_chaos_v1:phantom_powder":2,"minecraft:torch":81,"botania:purple_mushroom":1,"iceandfire:myrmex_resin_desert":1,"minecraft:golden_axe":2,"farmersdelight:tomato_seeds":5,"quark:blossom_planks_slab":1,"minecraft:cherry_log":513,"luminousworld:yellow_grassflowers":1,"minecraft:arrow":4,"minecraft:rotten_flesh":43,"supplementaries:antique_ink":2,"artifacts:running_shoes":1,"supplementaries:ash":13,"minecraft:rail":1,"minecraft:cobblestone":3,"minecraft:pink_petals":1162,"born_in_chaos_v1:corpse_maggot":2,"minecraft:cherry_planks":21,"minecraft:andesite":20,"luminousworld:ishstone":15,"minecraft:black_bed":2,"supplementaries:item_shelf":2,"minecraft:flint":3,"minecraft:tuff":114,"evilcraft:flesh_humanoid":2,"minecraft:cherry_fence":80,"undead_revamp2:huntereye":1,"minecraft:magenta_bed":2,"minecraft:gunpowder":1,"minecraft:lapis_lazuli":62,"lootr:trophy":1,"minecraft:dirt":254,"minecraft:name_tag":2,"minecraft:bone":10,"farmersdelight:cooking_pot":1,"minecraft:wheat_seeds":23,"minecraft:iron_ingot":1,"minecraft:stone_pickaxe":1,"minecraft:moss_block":24,"minecraft:iron_sword":2,"minecraft:diorite_wall":8,"iceandfire:ash":1,"minecraft:gravel":26,"earthmobsmod:harder_flesh":6,"minecraft:sand":10,"minecraft:grass_block":301,"minecraft:sea_lantern":2,"iceandfire:chared_cobblestone":7,"minecraft:iron_hoe":1,"minecraft:light_blue_terracotta":1,"alexsmobs:rattlesnake_rattle":5,"evilcraft:dark_gem":4,"botania:orange_mystical_flower":1,"minecraft:diamond_axe":1,"minecraft:cherry_sapling":248,"minecraft:white_concrete":264,"minecraft:chainmail_helmet":1,"alexsmobs:maggot":9,"minecraft:cherry_slab":133,"quark:vertical_blossom_planks":1,"minecraft:pink_dye":1}},"DataVersion":3465}