{"stats":{"minecraft:broken":{"minecraft:golden_axe":1,"minecraft:iron_shovel":1},"minecraft:mined":{"minecraft:tuff":91,"minecraft:cherry_log":35,"minecraft:potted_blue_orchid":1,"minecraft:torch":5,"minecraft:grass_block":2,"minecraft:dead_bush":1,"minecraft:rose_bush":1,"minecraft:tall_grass":6,"farmersdelight:wild_tomatoes":5,"minecraft:wall_torch":11,"minecraft:pink_petals":51,"botania:purple_mushroom":1,"minecraft:lilac":1,"minecraft:grass":15,"minecraft:deepslate_iron_ore":2,"minecraft:gravel":15,"minecraft:sand":11,"minecraft:cobweb":1,"minecraft:deepslate":352},"minecraft:dropped":{"minecraft:iron_sword":2,"minecraft:name_tag":1,"minecraft:torch":30,"minecraft:golden_sword":1,"minecraft:pink_petals":1},"minecraft:used":{"minecraft:iron_shovel":1,"minecraft:stone_pickaxe":303,"minecraft:iron_sword":45,"minecraft:torch":38,"minecraft:sand":9,"minecraft:iron_axe":2,"minecraft:iron_pickaxe":174,"undead_revamp2:huntereye":1,"minecraft:pink_petals":16,"minecraft:golden_sword":45,"minecraft:golden_carrot":34,"minecraft:golden_axe":54},"minecraft:custom":{"lootr:looted_stat":2,"minecraft:mob_kills":7,"minecraft:interact_with_crafting_table":1,"minecraft:damage_dealt_resisted":13,"minecraft:interact_with_grindstone":5,"minecraft:leave_game":1,"minecraft:time_since_death":124146,"minecraft:sleep_in_bed":2,"minecraft:time_since_rest":59335,"minecraft:sprint_one_cm":91646,"minecraft:damage_taken":3008,"minecraft:walk_one_cm":653755,"minecraft:drop":35,"minecraft:damage_dealt":1283,"minecraft:fly_one_cm":25266,"minecraft:open_chest":8,"minecraft:crouch_one_cm":6298,"minecraft:play_time":124146,"tombstone:undead_killed":2,"minecraft:sneak_time":1238,"minecraft:walk_under_water_one_cm":724,"minecraft:jump":603,"minecraft:walk_on_water_one_cm":5962,"minecraft:total_world_time":124146,"minecraft:fall_one_cm":46264},"minecraft:killed":{"minecraft:zombie_villager":1,"alexsmobs:tiger":1,"minecraft:zombie":1,"born_in_chaos_v1:corpse_fly":1,"enemyexpansion:botfly":2},"minecraft:picked_up":{"born_in_chaos_v1:corpse_maggot":1,"minecraft:pink_petals":150,"minecraft:iron_chestplate":1,"minecraft:flower_pot":1,"minecraft:andesite":20,"born_in_chaos_v1:seedof_chaos":1,"luminousworld:ishstone":15,"minecraft:diamond_horse_armor":1,"minecraft:flint":3,"minecraft:tuff":114,"evilcraft:flesh_humanoid":2,"undead_revamp2:huntereye":1,"minecraft:golden_sword":2,"minecraft:gunpowder":1,"minecraft:lapis_lazuli":62,"minecraft:string":1,"minecraft:dirt":6,"minecraft:iron_axe":1,"minecraft:name_tag":2,"minecraft:iron_leggings":1,"minecraft:item_frame":2,"minecraft:bone":10,"minecraft:blue_orchid":1,"minecraft:wheat_seeds":4,"minecraft:gold_nugget":17,"minecraft:cobbled_deepslate":320,"minecraft:stone_pickaxe":1,"minecraft:rose_bush":1,"minecraft:iron_pickaxe":1,"minecraft:iron_sword":2,"minecraft:iron_boots":1,"minecraft:stick":2,"minecraft:raw_iron":4,"minecraft:copper_ingot":1,"minecraft:torch":76,"iceandfire:ash":1,"minecraft:gravel":26,"botania:purple_mushroom":1,"earthmobsmod:harder_flesh":6,"minecraft:sand":10,"minecraft:golden_axe":2,"farmersdelight:tomato_seeds":5,"minecraft:cherry_log":31,"quark:blossom_planks_slab":1,"iceandfire:chared_cobblestone":7,"minecraft:iron_hoe":1,"minecraft:arrow":4,"minecraft:rotten_flesh":37,"luminousworld:yellow_grassflowers":1,"evilcraft:dark_gem":4,"supplementaries:antique_ink":2,"artifacts:running_shoes":1,"minecraft:cherry_sapling":14,"minecraft:chainmail_helmet":1,"alexsmobs:maggot":3,"supplementaries:ash":13,"minecraft:pink_dye":1,"minecraft:rail":1,"minecraft:cobblestone":3}},"DataVersion":3465}