{"stats":{"minecraft:crafted":{"minecraft:diamond_axe":2},"minecraft:used":{"minecraft:baked_potato":9,"minecraft:diamond_axe":1333,"comforts:sleeping_bag_pink":2,"minecraft:torch":30,"minecraft:golden_apple":1,"minecraft:dirt":625,"minecraft:lime_bed":1,"minecraft:diamond_pickaxe":47,"minecraft:diamond_shovel":56,"minecraft:cyan_bed":1,"minecraft:iron_axe":2,"minecraft:bread":2,"minecraft:iron_pickaxe":2,"minecraft:golden_carrot":123,"minecraft:diamond_sword":264,"minecraft:bow":212},"minecraft:custom":{"lootr:looted_stat":45,"minecraft:interact_with_anvil":1,"minecraft:mob_kills":52,"minecraft:interact_with_crafting_table":6,"minecraft:tune_noteblock":140,"minecraft:damage_dealt_resisted":190,"minecraft:leave_game":2,"minecraft:time_since_death":268655,"minecraft:sleep_in_bed":8,"minecraft:climb_one_cm":1456,"minecraft:time_since_rest":36484,"minecraft:sprint_one_cm":638736,"minecraft:damage_taken":10847,"minecraft:walk_one_cm":1497366,"minecraft:drop":68,"minecraft:damage_dealt":9654,"minecraft:play_noteblock":4,"minecraft:swim_one_cm":2010,"minecraft:fly_one_cm":218741,"minecraft:open_chest":38,"minecraft:sneak_time":2,"minecraft:crouch_one_cm":225,"minecraft:play_time":268655,"tombstone:undead_killed":13,"minecraft:walk_under_water_one_cm":19982,"minecraft:boat_one_cm":53228,"minecraft:jump":1474,"minecraft:interact_with_brewingstand":1,"minecraft:enchant_item":9,"minecraft:total_world_time":268655,"minecraft:walk_on_water_one_cm":32827,"minecraft:interact_with_smoker":1,"minecraft:fall_one_cm":59810},"minecraft:mined":{"luminousworld:groundpebbles_1":1,"minecraft:red_wool":2,"minecraft:cherry_log":1106,"minecraft:stripped_cherry_log":8,"minecraft:soul_lantern":1,"minecraft:torch":1,"minecraft:note_block":1,"luminousworld:savannah_grass_1":3,"minecraft:grass_block":2,"minecraft:tall_grass":4,"minecraft:cyan_bed":2,"minecraft:sugar_cane":1,"minecraft:kelp":1,"luminousworld:savanna_grass_2":1,"minecraft:pink_petals":169,"minecraft:weeping_vines_plant":1,"botania:magenta_mystical_flower":1,"minecraft:lilac":1,"minecraft:peony":1,"minecraft:grass":62,"minecraft:cherry_leaves":4,"minecraft:sunflower":2,"minecraft:dirt":103,"minecraft:blue_orchid":1,"luminousworld:elephant_grass":3,"luminousworld:savannah_grass_4":2,"minecraft:redstone_wall_torch":2},"minecraft:broken":{"minecraft:diamond_chestplate":1,"minecraft:diamond_helmet":1},"minecraft:picked_up":{"luminousworld:groundpebbles_1":18,"minecraft:pink_petals":856,"minecraft:lime_bed":1,"luminousworld:savannah_ground":17,"minecraft:feather":2,"minecraft:chainmail_boots":1,"minecraft:golden_carrot":67,"artifacts:bunny_hoppers":1,"minecraft:golden_leggings":1,"minecraft:leather":6,"minecraft:diamond_sword":3,"minecraft:potato":1,"minecraft:stripped_cherry_log":12,"minecraft:crimson_planks":1,"earthmobsmod:zombified_rabbit_foot":1,"minecraft:dirt":101,"minecraft:string":3,"minecraft:polished_granite":2,"aether:diamond_gloves":1,"minecraft:smooth_sandstone":5,"botania:magenta_mystical_flower":1,"minecraft:bone":12,"minecraft:smooth_red_sandstone_slab":1,"ancient_elements:aetherial_shard":6,"mowziesmobs:umvuthana_mask_rage":1,"minecraft:bow":3,"minecraft:cherry_boat":1,"minecraft:wheat_seeds":54,"minecraft:diamond_leggings":1,"comforts:sleeping_bag_pink":3,"minecraft:beef":11,"minecraft:redstone_torch":2,"tombstone:bag_of_seeds":1,"minecraft:diamond_helmet":2,"minecraft:bamboo":2,"minecraft:quartz_stairs":2,"minecraft:sugar_cane":1,"iceandfire:fire_dragon_flesh":3,"sophisticatedbackpacks:diamond_backpack":4,"minecraft:stick":111,"minecraft:stripped_crimson_hyphae":1,"iceandfire:dragonbone":8,"iceandfire:dragonscales_gray":20,"minecraft:torch":57,"minecraft:red_wool":2,"minecraft:note_block":1,"iceandfire:dragon_skull_fire":2,"luminousworld:savannah_soil":7,"minecraft:cherry_log":668,"tombstone:grave_dust":6,"minecraft:cyan_bed":2,"minecraft:spider_eye":6,"portablemobs:basic_capture_cell":3,"luminousworld:grassflowers":1,"minecraft:arrow":270,"minecraft:diamond_chestplate":1,"quark:clear_shard":25,"minecraft:rotten_flesh":84,"luminousworld:yellow_grassflowers":1,"minecraft:chainmail_leggings":2,"minecraft:diamond_boots":1,"iceandfire:fire_dragon_heart":1,"minecraft:diamond_axe":1,"alexsmobs:maggot":2,"minecraft:cherry_sapling":189,"minecraft:yellow_terracotta":1,"supplementaries:ash":1,"minecraft:baked_potato":20,"minecraft:coal":1,"minecraft:sunflower":1},"minecraft:dropped":{"minecraft:note_block":1,"iceandfire:dragonscales_gray":2,"minecraft:diamond_axe":1,"minecraft:player_head":2,"minecraft:cherry_log":64,"minecraft:baked_potato":29,"minecraft:rotten_flesh":34,"ancient_elements:aetherial_shard":1,"luminousworld:savannah_soil":5,"sophisticatedbackpacks:diamond_backpack":3,"minecraft:dirt":209,"minecraft:diamond_sword":3,"quark:clear_shard":13,"minecraft:golden_carrot":30,"artifacts:running_shoes":1,"minecraft:quartz_stairs":1,"minecraft:spider_eye":1,"iceandfire:ash":3,"minecraft:arrow":1,"minecraft:bow":1,"minecraft:pink_petals":75,"iceandfire:dragon_skull_fire":2},"minecraft:killed":{"undead_revamp2:thehunter":1,"naturalist:snake":1,"ancient_elements:aetherial_glaze":16,"minecraft:spider":6,"minecraft:creeper":2,"minecraft:skeleton":1,"naturalist:snail":2,"luminousworld:savannah_skeleton":1,"minecraft:zombie":5,"alexsmobs:cockroach":1,"alexsmobs:fly":2,"earthmobsmod:zombified_rabbit":1,"undead_revamp2:thespitter":2,"undead_revamp2:sucker":2,"minecraft:cow":3}},"DataVersion":3465}