{"stats":{"minecraft:crafted":{"minecraft:diamond_axe":2},"minecraft:used":{"minecraft:baked_potato":9,"minecraft:diamond_axe":823,"comforts:sleeping_bag_pink":2,"minecraft:torch":30,"minecraft:golden_apple":1,"minecraft:lime_bed":1,"minecraft:diamond_pickaxe":3,"minecraft:cyan_bed":1,"minecraft:iron_axe":2,"minecraft:bread":2,"minecraft:iron_pickaxe":2,"minecraft:golden_carrot":72,"minecraft:diamond_sword":109,"minecraft:bow":83},"minecraft:mined":{"minecraft:red_wool":2,"minecraft:cherry_log":767,"minecraft:soul_lantern":1,"minecraft:torch":1,"minecraft:note_block":1,"luminousworld:savannah_grass_1":3,"minecraft:tall_grass":2,"minecraft:cyan_bed":2,"minecraft:sugar_cane":1,"minecraft:kelp":1,"luminousworld:savanna_grass_2":1,"minecraft:pink_petals":3,"minecraft:weeping_vines_plant":1,"botania:magenta_mystical_flower":1,"minecraft:lilac":1,"minecraft:peony":1,"minecraft:grass":10,"minecraft:cherry_leaves":4,"minecraft:sunflower":2,"minecraft:blue_orchid":1,"luminousworld:elephant_grass":3,"luminousworld:savannah_grass_4":2,"minecraft:redstone_wall_torch":2},"minecraft:custom":{"lootr:looted_stat":45,"minecraft:interact_with_anvil":1,"minecraft:mob_kills":14,"minecraft:interact_with_crafting_table":6,"minecraft:tune_noteblock":140,"minecraft:damage_dealt_resisted":190,"minecraft:leave_game":2,"minecraft:time_since_death":172655,"minecraft:sleep_in_bed":6,"minecraft:climb_one_cm":1456,"minecraft:time_since_rest":4682,"minecraft:sprint_one_cm":314756,"minecraft:damage_taken":7219,"minecraft:walk_one_cm":816851,"minecraft:drop":53,"minecraft:damage_dealt":4250,"minecraft:play_noteblock":4,"minecraft:swim_one_cm":2010,"minecraft:fly_one_cm":127542,"minecraft:open_chest":14,"minecraft:sneak_time":2,"minecraft:crouch_one_cm":225,"minecraft:play_time":172655,"tombstone:undead_killed":3,"minecraft:walk_under_water_one_cm":19982,"minecraft:boat_one_cm":53228,"minecraft:jump":1031,"minecraft:interact_with_brewingstand":1,"minecraft:total_world_time":172655,"minecraft:walk_on_water_one_cm":30921,"minecraft:interact_with_smoker":1,"minecraft:fall_one_cm":39818},"minecraft:picked_up":{"minecraft:pink_petals":10,"minecraft:lime_bed":1,"luminousworld:savannah_ground":17,"minecraft:feather":2,"minecraft:chainmail_boots":1,"minecraft:golden_carrot":3,"minecraft:golden_leggings":1,"minecraft:leather":6,"minecraft:diamond_sword":3,"minecraft:potato":1,"minecraft:crimson_planks":1,"minecraft:string":1,"minecraft:polished_granite":2,"aether:diamond_gloves":1,"minecraft:smooth_sandstone":5,"botania:magenta_mystical_flower":1,"minecraft:bone":12,"minecraft:smooth_red_sandstone_slab":1,"ancient_elements:aetherial_shard":3,"mowziesmobs:umvuthana_mask_rage":1,"minecraft:bow":2,"minecraft:cherry_boat":1,"minecraft:wheat_seeds":4,"minecraft:diamond_leggings":1,"comforts:sleeping_bag_pink":3,"minecraft:beef":11,"minecraft:redstone_torch":2,"tombstone:bag_of_seeds":1,"minecraft:diamond_helmet":2,"minecraft:bamboo":2,"minecraft:quartz_stairs":2,"minecraft:sugar_cane":1,"iceandfire:fire_dragon_flesh":3,"sophisticatedbackpacks:diamond_backpack":4,"minecraft:stick":91,"minecraft:stripped_crimson_hyphae":1,"iceandfire:dragonbone":8,"iceandfire:dragonscales_gray":20,"minecraft:torch":57,"minecraft:red_wool":2,"minecraft:note_block":1,"iceandfire:dragon_skull_fire":2,"luminousworld:savannah_soil":7,"minecraft:cherry_log":456,"minecraft:cyan_bed":2,"minecraft:spider_eye":5,"portablemobs:basic_capture_cell":2,"luminousworld:grassflowers":1,"minecraft:arrow":102,"minecraft:diamond_chestplate":1,"quark:clear_shard":25,"minecraft:rotten_flesh":45,"luminousworld:yellow_grassflowers":1,"minecraft:chainmail_leggings":2,"minecraft:diamond_boots":1,"iceandfire:fire_dragon_heart":1,"minecraft:cherry_sapling":168,"minecraft:yellow_terracotta":1,"supplementaries:ash":1,"minecraft:baked_potato":20,"minecraft:coal":1,"minecraft:sunflower":1},"minecraft:dropped":{"minecraft:note_block":1,"iceandfire:dragonscales_gray":2,"minecraft:player_head":2,"minecraft:baked_potato":29,"minecraft:rotten_flesh":34,"luminousworld:savannah_soil":5,"sophisticatedbackpacks:diamond_backpack":3,"minecraft:diamond_sword":3,"quark:clear_shard":13,"minecraft:golden_carrot":3,"minecraft:quartz_stairs":1,"minecraft:spider_eye":1,"iceandfire:ash":3,"minecraft:arrow":1,"minecraft:pink_petals":10,"iceandfire:dragon_skull_fire":2},"minecraft:killed":{"naturalist:snake":1,"ancient_elements:aetherial_glaze":2,"minecraft:spider":1,"luminousworld:savannah_skeleton":1,"minecraft:zombie":1,"alexsmobs:cockroach":1,"undead_revamp2:sucker":1,"minecraft:cow":3}},"DataVersion":3465}