{"stats":{"minecraft:used":{"minecraft:diamond_sword":21,"minecraft:golden_carrot":10},"minecraft:mined":{"minecraft:pink_petals":3,"minecraft:grass":8,"minecraft:cyan_bed":1,"minecraft:kelp":1},"minecraft:custom":{"minecraft:time_since_rest":6538,"minecraft:sprint_one_cm":105971,"minecraft:damage_taken":718,"minecraft:walk_one_cm":168181,"minecraft:mob_kills":3,"minecraft:drop":29,"minecraft:damage_dealt":624,"minecraft:swim_one_cm":822,"minecraft:fly_one_cm":27256,"minecraft:play_time":32972,"tombstone:undead_killed":1,"minecraft:walk_under_water_one_cm":885,"minecraft:boat_one_cm":53228,"minecraft:jump":286,"minecraft:interact_with_brewingstand":1,"minecraft:leave_game":1,"minecraft:time_since_death":32972,"minecraft:walk_on_water_one_cm":16389,"minecraft:sleep_in_bed":2,"minecraft:total_world_time":32972,"minecraft:fall_one_cm":5615},"minecraft:picked_up":{"minecraft:pink_petals":10,"iceandfire:dragonbone":8,"iceandfire:dragonscales_gray":20,"minecraft:diamond_sword":1,"iceandfire:dragon_skull_fire":1,"minecraft:cyan_bed":1,"minecraft:spider_eye":4,"portablemobs:basic_capture_cell":2,"aether:diamond_gloves":1,"luminousworld:grassflowers":1,"minecraft:diamond_chestplate":1,"minecraft:rotten_flesh":4,"luminousworld:yellow_grassflowers":1,"minecraft:cherry_boat":1,"minecraft:diamond_leggings":1,"minecraft:wheat_seeds":4,"minecraft:diamond_boots":1,"iceandfire:fire_dragon_heart":1,"comforts:sleeping_bag_pink":1,"minecraft:diamond_helmet":2,"minecraft:baked_potato":20,"iceandfire:fire_dragon_flesh":3},"minecraft:dropped":{"minecraft:diamond_sword":1,"iceandfire:dragonscales_gray":1,"minecraft:player_head":2,"minecraft:baked_potato":29,"minecraft:spider_eye":1,"iceandfire:ash":3},"minecraft:killed":{"alexsmobs:cockroach":1,"minecraft:zombie":1,"naturalist:snake":1}},"DataVersion":3465}