{"stats":{"minecraft:broken":{"minecraft:golden_sword":1,"minecraft:iron_shovel":1,"minecraft:golden_axe":2,"minecraft:iron_axe":2},"minecraft:dropped":{"minecraft:iron_ingot":1,"minecraft:iron_sword":2,"alexsmobs:maggot":6,"minecraft:rotten_flesh":7,"alexsmobs:rattlesnake_rattle":5,"minecraft:black_bed":1,"minecraft:cherry_slab":79,"minecraft:name_tag":1,"earthmobsmod:harder_flesh":6,"evilcraft:flesh_humanoid":2,"minecraft:stick":1,"minecraft:item_frame":3,"minecraft:magenta_bed":1,"minecraft:torch":30,"born_in_chaos_v1:corpse_maggot":2,"minecraft:cherry_planks":55,"sophisticatedbackpacks:netherite_backpack":1,"minecraft:golden_sword":1,"iceandfire:ash":1,"minecraft:iron_axe":1,"minecraft:stone_pickaxe":1,"minecraft:pink_petals":1},"minecraft:mined":{"farmersdelight:cooking_pot":1,"minecraft:tuff":91,"botania:orange_mystical_flower":1,"minecraft:cherry_log":544,"minecraft:potted_blue_orchid":1,"minecraft:torch":6,"minecraft:grass_block":3,"minecraft:dead_bush":1,"minecraft:rose_bush":1,"minecraft:tall_grass":9,"farmersdelight:wild_tomatoes":5,"minecraft:wall_torch":11,"minecraft:pink_petals":92,"botania:purple_mushroom":1,"lootr:trophy":1,"minecraft:lilac":1,"minecraft:black_bed":1,"minecraft:bee_nest":1,"minecraft:grass":35,"minecraft:deepslate_iron_ore":2,"minecraft:gravel":15,"minecraft:sand":11,"minecraft:cobweb":1,"minecraft:deepslate":352},"minecraft:crafted":{"minecraft:cherry_planks":452,"minecraft:cherry_slab":18,"quark:cherry_vertical_slab":3,"minecraft:iron_axe":2,"minecraft:cherry_stairs":212,"minecraft:cherry_door":3},"minecraft:used":{"minecraft:iron_shovel":1,"minecraft:stone_pickaxe":305,"minecraft:iron_sword":45,"minecraft:stick":1,"minecraft:torch":38,"minecraft:sand":9,"minecraft:magenta_bed":1,"minecraft:black_bed":1,"minecraft:iron_hoe":1,"minecraft:iron_axe":544,"minecraft:iron_pickaxe":215,"undead_revamp2:huntereye":1,"minecraft:pink_petals":16,"minecraft:golden_sword":57,"minecraft:golden_carrot":47,"minecraft:golden_axe":69},"minecraft:custom":{"minecraft:interact_with_furnace":1,"lootr:looted_stat":2,"minecraft:mob_kills":9,"minecraft:interact_with_crafting_table":16,"minecraft:interact_with_loom":6,"minecraft:damage_dealt_resisted":13,"minecraft:interact_with_grindstone":5,"minecraft:leave_game":5,"minecraft:time_since_death":213351,"minecraft:sleep_in_bed":4,"minecraft:time_since_rest":6267,"minecraft:sprint_one_cm":112155,"minecraft:damage_taken":4492,"minecraft:walk_one_cm":975778,"minecraft:drop":68,"minecraft:damage_dealt":1623,"minecraft:fly_one_cm":31342,"minecraft:open_chest":13,"minecraft:crouch_one_cm":7066,"minecraft:play_time":213351,"tombstone:undead_killed":2,"minecraft:sneak_time":2410,"minecraft:walk_under_water_one_cm":724,"minecraft:jump":710,"minecraft:walk_on_water_one_cm":5962,"minecraft:total_world_time":213351,"minecraft:interact_with_smoker":3,"minecraft:fall_one_cm":47873},"minecraft:killed":{"minecraft:zombie_villager":1,"alexsmobs:tiger":1,"born_in_chaos_v1:maggot":1,"minecraft:zombie":1,"born_in_chaos_v1:corpse_fly":1,"enemyexpansion:botfly":2},"minecraft:picked_up":{"born_in_chaos_v1:corpse_maggot":2,"minecraft:pink_petals":210,"minecraft:iron_chestplate":1,"minecraft:black_bed":2,"minecraft:flower_pot":1,"minecraft:andesite":20,"born_in_chaos_v1:seedof_chaos":1,"luminousworld:ishstone":15,"minecraft:diamond_horse_armor":1,"minecraft:flint":3,"minecraft:tuff":114,"minecraft:magenta_bed":2,"evilcraft:flesh_humanoid":2,"undead_revamp2:huntereye":1,"minecraft:golden_sword":2,"minecraft:gunpowder":1,"minecraft:lapis_lazuli":62,"minecraft:string":1,"minecraft:dirt":6,"lootr:trophy":1,"minecraft:iron_axe":2,"minecraft:name_tag":2,"minecraft:iron_leggings":1,"minecraft:item_frame":3,"minecraft:bone":10,"minecraft:blue_orchid":1,"farmersdelight:cooking_pot":1,"minecraft:wheat_seeds":6,"minecraft:gold_nugget":17,"minecraft:cobbled_deepslate":320,"minecraft:iron_ingot":1,"minecraft:stone_pickaxe":1,"minecraft:rose_bush":1,"minecraft:iron_pickaxe":1,"sophisticatedbackpacks:netherite_backpack":1,"minecraft:iron_sword":2,"minecraft:iron_boots":1,"minecraft:stick":148,"minecraft:raw_iron":4,"minecraft:copper_ingot":1,"born_in_chaos_v1:phantom_powder":1,"minecraft:torch":77,"iceandfire:ash":1,"botania:purple_mushroom":1,"earthmobsmod:harder_flesh":6,"minecraft:gravel":26,"minecraft:sand":10,"minecraft:golden_axe":2,"farmersdelight:tomato_seeds":5,"minecraft:cherry_log":486,"quark:blossom_planks_slab":1,"iceandfire:chared_cobblestone":7,"minecraft:light_blue_terracotta":1,"minecraft:iron_hoe":1,"minecraft:arrow":4,"minecraft:rotten_flesh":43,"luminousworld:yellow_grassflowers":1,"supplementaries:antique_ink":2,"botania:orange_mystical_flower":1,"evilcraft:dark_gem":4,"alexsmobs:rattlesnake_rattle":5,"artifacts:running_shoes":1,"minecraft:cherry_sapling":236,"minecraft:chainmail_helmet":1,"alexsmobs:maggot":7,"supplementaries:ash":13,"minecraft:cherry_slab":64,"quark:vertical_blossom_planks":1,"minecraft:pink_dye":1,"minecraft:rail":1,"minecraft:cobblestone":3}},"DataVersion":3465}