{"stats":{"minecraft:used":{"comforts:sleeping_bag_pink":1,"minecraft:golden_carrot":19,"minecraft:diamond_sword":49},"minecraft:mined":{"minecraft:pink_petals":3,"minecraft:weeping_vines_plant":1,"luminousworld:savannah_grass_1":3,"minecraft:grass":10,"luminousworld:savannah_grass_4":2,"minecraft:cyan_bed":1,"minecraft:kelp":1,"luminousworld:elephant_grass":3,"luminousworld:savanna_grass_2":1},"minecraft:custom":{"lootr:looted_stat":1,"minecraft:time_since_rest":13840,"minecraft:sprint_one_cm":159156,"minecraft:damage_taken":1426,"minecraft:walk_one_cm":240241,"minecraft:mob_kills":6,"minecraft:drop":46,"minecraft:damage_dealt":1580,"minecraft:swim_one_cm":822,"minecraft:fly_one_cm":65542,"minecraft:play_time":55802,"tombstone:undead_killed":2,"minecraft:walk_under_water_one_cm":1046,"minecraft:boat_one_cm":53228,"minecraft:jump":517,"minecraft:interact_with_brewingstand":1,"minecraft:leave_game":1,"minecraft:time_since_death":55802,"minecraft:total_world_time":55802,"minecraft:walk_on_water_one_cm":16579,"minecraft:sleep_in_bed":3,"minecraft:fall_one_cm":15090},"minecraft:picked_up":{"minecraft:pink_petals":10,"luminousworld:savannah_ground":17,"iceandfire:dragonscales_gray":20,"iceandfire:dragonbone":8,"minecraft:feather":2,"minecraft:golden_carrot":3,"minecraft:diamond_sword":3,"luminousworld:savannah_soil":7,"iceandfire:dragon_skull_fire":2,"minecraft:cyan_bed":1,"portablemobs:basic_capture_cell":2,"minecraft:spider_eye":5,"aether:diamond_gloves":1,"luminousworld:grassflowers":1,"minecraft:rotten_flesh":8,"minecraft:diamond_chestplate":1,"luminousworld:yellow_grassflowers":1,"mowziesmobs:umvuthana_mask_rage":1,"minecraft:cherry_boat":1,"minecraft:diamond_leggings":1,"minecraft:wheat_seeds":4,"minecraft:diamond_boots":1,"iceandfire:fire_dragon_heart":1,"comforts:sleeping_bag_pink":2,"minecraft:baked_potato":20,"minecraft:diamond_helmet":2,"iceandfire:fire_dragon_flesh":3,"sophisticatedbackpacks:diamond_backpack":4},"minecraft:dropped":{"minecraft:diamond_sword":3,"iceandfire:dragonscales_gray":2,"minecraft:player_head":2,"minecraft:golden_carrot":3,"minecraft:baked_potato":29,"minecraft:spider_eye":1,"iceandfire:ash":3,"luminousworld:savannah_soil":5,"sophisticatedbackpacks:diamond_backpack":3,"minecraft:pink_petals":10,"iceandfire:dragon_skull_fire":2},"minecraft:killed":{"luminousworld:savannah_skeleton":1,"alexsmobs:cockroach":1,"minecraft:zombie":1,"naturalist:snake":1,"minecraft:spider":1}},"DataVersion":3465}