{"stats":{"minecraft:used":{"minecraft:golden_carrot":1},"minecraft:custom":{"minecraft:jump":60,"minecraft:interact_with_brewingstand":1,"minecraft:time_since_rest":8972,"minecraft:sprint_one_cm":2485,"minecraft:leave_game":1,"minecraft:play_time":8972,"minecraft:damage_taken":14,"minecraft:time_since_death":8972,"minecraft:walk_one_cm":40486,"minecraft:total_world_time":8972,"minecraft:drop":3,"minecraft:fall_one_cm":1672,"minecraft:fly_one_cm":439},"minecraft:dropped":{"minecraft:spider_eye":1,"minecraft:player_head":2}},"DataVersion":3465}