{"stats":{"minecraft:dropped":{"minecraft:iron_nugget":1,"minecraft:pointed_dripstone":2,"minecraft:rotten_flesh":1,"vampirism:blood_bottle":1,"patchouli:guide_book":1,"artifacts:night_vision_goggles":1,"supplementaries:ash":7,"evilcraft:broom":1,"minecraft:gold_nugget":1,"minecraft:sand":2},"minecraft:picked_up":{"minecraft:pink_petals":212,"minecraft:crafting_table":1,"minecraft:iron_chestplate":1,"luminousworld:savannah_ground":1,"artifacts:night_vision_goggles":1,"minecraft:cherry_planks":3,"minecraft:andesite":1,"minecraft:cobblestone_wall":8,"minecraft:string":132,"minecraft:iron_axe":1,"minecraft:iron_leggings":1,"minecraft:iron_shovel":1,"farmersdelight:cooking_pot":1,"minecraft:wheat_seeds":5,"minecraft:gold_nugget":1,"minecraft:cobweb":1,"minecraft:cobblestone_slab":2,"minecraft:iron_nugget":1,"minecraft:iron_pickaxe":2,"sophisticatedbackpacks:netherite_backpack":1,"minecraft:iron_sword":2,"ancient_elements:aero_charge":10,"minecraft:iron_boots":1,"minecraft:stick":149,"minecraft:raw_iron":50,"patchouli:guide_book":1,"minecraft:torch":12,"minecraft:gravel":1,"luminousworld:savannah_soil":2,"minecraft:sand":6,"minecraft:cherry_log":461,"minecraft:pointed_dripstone":2,"minecraft:spider_eye":2,"minecraft:rotten_flesh":1,"evilcraft:broom":1,"minecraft:iron_helmet":1,"minecraft:cherry_sapling":282,"minecraft:emerald":4,"supplementaries:ash":7,"minecraft:coal":22,"minecraft:cobblestone":77},"minecraft:custom":{"lootr:looted_stat":13,"minecraft:mob_kills":13,"minecraft:interact_with_crafting_table":4,"minecraft:leave_game":2,"minecraft:time_since_death":60813,"minecraft:climb_one_cm":17551,"minecraft:time_since_rest":58637,"minecraft:sprint_one_cm":231223,"minecraft:damage_absorbed":20,"minecraft:damage_taken":3554,"minecraft:walk_one_cm":223344,"minecraft:drop":18,"minecraft:damage_dealt":2172,"minecraft:fly_one_cm":228440,"minecraft:open_chest":4,"minecraft:crouch_one_cm":421,"minecraft:play_time":72051,"minecraft:deaths":1,"minecraft:sneak_time":274,"minecraft:walk_under_water_one_cm":982,"minecraft:jump":1211,"minecraft:walk_on_water_one_cm":2867,"minecraft:total_world_time":72051,"minecraft:fall_one_cm":36729},"minecraft:crafted":{"minecraft:cherry_planks":264,"minecraft:crafting_table":1,"quark:cherry_chest":2,"minecraft:pink_dye":11,"minecraft:stick":20,"minecraft:wooden_axe":9,"sophisticatedbackpacks:netherite_backpack":5,"minecraft:torch":8},"minecraft:killed":{"minecraft:cave_spider":9,"ancient_elements:aetherial_glaze":4},"minecraft:used":{"minecraft:iron_shovel":4,"vampirism:heart_striker_enhanced":9,"minecraft:cherry_planks":14,"minecraft:iron_sword":149,"luminousworld:savannah_ground":1,"minecraft:iron_chestplate":1,"minecraft:golden_apple":2,"minecraft:torch":23,"quark:cherry_chest":2,"minecraft:sand":4,"minecraft:crafting_table":2,"minecraft:wooden_axe":522,"minecraft:iron_pickaxe":166,"minecraft:iron_boots":1,"minecraft:pink_petals":1,"minecraft:cobblestone":51,"minecraft:golden_carrot":33,"luminousworld:savannah_soil":2,"farmersdelight:cooking_pot":1,"minecraft:andesite":1,"tombstone:gift":1},"minecraft:broken":{"minecraft:iron_sword":1,"minecraft:wooden_axe":8},"minecraft:mined":{"farmersdelight:cooking_pot":1,"luminousworld:savannah_soil":2,"minecraft:cherry_planks":3,"minecraft:cherry_log":488,"minecraft:crafting_table":1,"minecraft:torch":4,"minecraft:emerald_ore":4,"minecraft:grass_block":1,"minecraft:tall_grass":3,"minecraft:cobblestone":5,"minecraft:wall_torch":8,"luminousworld:savanna_grass_2":1,"supplementaries:urn":1,"minecraft:pink_petals":89,"minecraft:cobblestone_wall":4,"minecraft:iron_ore":49,"minecraft:andesite":2,"minecraft:grass":39,"minecraft:pointed_dripstone":1,"minecraft:coal_ore":17,"minecraft:cobblestone_slab":2,"minecraft:gravel":1,"minecraft:sand":6,"minecraft:cobweb":111,"minecraft:stone":75,"minecraft:oak_leaves":5,"luminousworld:savannah_ground":1}},"DataVersion":3465}