{"stats":{"minecraft:crafted":{"minecraft:smooth_stone":101,"minecraft:oak_planks":24,"minecraft:cherry_slab":12,"hangglider:hang_glider":1,"minecraft:cherry_boat":1,"minecraft:stone":126,"minecraft:diamond_shovel":1,"quark:cherry_chest":5,"minecraft:magenta_dye":1,"sophisticatedbackpacks:backpack":2,"enchantinginfuser:enchanting_infuser":1,"minecraft:crafting_table":2,"minecraft:lectern":2,"minecraft:diamond_pickaxe":1,"minecraft:yellow_dye":4,"minecraft:purple_dye":2,"sophisticatedbackpacks:diamond_backpack":15,"minecraft:light_blue_dye":2,"minecraft:iron_ingot":13,"minecraft:iron_block":3,"ancient_elements:raw_aetherium":4,"minecraft:golden_carrot":8,"hangglider:glider_framework":1,"minecraft:cherry_planks":308,"minecraft:coal":9,"comforts:sleeping_bag_white":1,"minecraft:furnace":4,"hangglider:glider_wing":2,"quark:cherry_bookshelf":2,"minecraft:leather":31,"sophisticatedbackpacks:iron_backpack":2,"minecraft:red_dye":3,"minecraft:enchanting_table":1,"sophisticatedbackpacks:gold_backpack":2,"minecraft:bucket":1,"minecraft:enchanted_book":3,"minecraft:air":0,"minecraft:blue_dye":1,"minecraft:white_dye":1,"minecraft:anvil":1,"minecraft:acacia_planks":18,"minecraft:torch":36},"minecraft:used":{"minecraft:cherry_sapling":4,"minecraft:iron_shovel":60,"minecraft:player_head":1,"minecraft:smooth_sandstone_stairs":1,"quark:cherry_chest":7,"minecraft:lily_of_the_valley":1,"minecraft:carrot":13,"minecraft:pink_terracotta":1,"minecraft:lava_bucket":2,"minecraft:netherite_hoe":145,"minecraft:dark_oak_wood":1,"minecraft:netherite_boots":2,"minecraft:bow":229,"minecraft:furnace":5,"minecraft:end_stone_bricks":2,"minecraft:diamond_boots":1,"minecraft:oak_planks":24,"minecraft:ender_pearl":2,"minecraft:sandstone":2,"minecraft:diamond_axe":885,"minecraft:golden_apple":10,"minecraft:netherite_helmet":1,"minecraft:black_bed":3,"minecraft:cyan_bed":1,"minecraft:brown_wool":1,"minecraft:lectern":68,"minecraft:soul_lantern":1,"minecraft:smithing_table":2,"minecraft:experience_bottle":41,"minecraft:cherry_boat":1,"minecraft:purpur_block":1,"minecraft:stripped_acacia_wood":4,"minecraft:netherite_sword":1005,"tombstone:scroll_of_frost_resistance":1,"minecraft:stripped_birch_wood":1,"minecraft:torch":22,"minecraft:dirt":475,"alexsmobs:maraca":15,"minecraft:anvil":1,"minecraft:diamond_helmet":2,"quark:cherry_bookshelf":18,"minecraft:iron_axe":3,"minecraft:cherry_slab":6,"minecraft:smooth_sandstone":10,"minecraft:golden_carrot":187,"minecraft:iron_trapdoor":1,"minecraft:magenta_terracotta":2,"minecraft:deepslate_tile_stairs":1,"tombstone:gift":4,"torchmaster:megatorch":2,"comforts:sleeping_bag_white":4,"minecraft:cobbled_deepslate":38,"minecraft:acacia_planks":13,"minecraft:cherry_log":1,"minecraft:enchanted_golden_apple":8,"minecraft:brown_bed":2,"minecraft:water_bucket":7,"minecraft:cherry_planks":60,"minecraft:crafting_table":2,"minecraft:deepslate_tile_wall":1,"minecraft:diamond_pickaxe":975,"minecraft:diamond_shovel":1903,"minecraft:spruce_trapdoor":1,"minecraft:pink_petals":6,"enchantinginfuser:enchanting_infuser":2,"minecraft:cobblestone":75,"minecraft:stripped_crimson_hyphae":1,"minecraft:bucket":8,"minecraft:smooth_stone":80,"minecraft:diamond_leggings":2,"minecraft:splash_potion":1},"minecraft:mined":{"minecraft:sculk_vein":6,"minecraft:cherry_log":688,"minecraft:jungle_leaves":1,"minecraft:spruce_trapdoor":1,"minecraft:stripped_crimson_hyphae":1,"minecraft:deepslate_tile_wall":1,"minecraft:grass_block":681,"iceandfire:lectern":1,"minecraft:coal_block":1,"minecraft:deepslate_tile_stairs":1,"minecraft:oxeye_daisy":1,"luminousworld:savanna_grass_2":1,"minecraft:spawner":54,"comforts:sleeping_bag_white":1,"minecraft:smooth_stone":12,"minecraft:weeping_vines_plant":1,"minecraft:fire":18,"minecraft:enchanting_table":4,"minecraft:brown_bed":2,"minecraft:sculk_shrieker":11,"minecraft:red_tulip":1,"minecraft:smooth_sandstone_stairs":1,"minecraft:blue_orchid":2,"minecraft:end_stone_bricks":2,"minecraft:iron_block":1,"minecraft:player_head":2,"minecraft:deepslate_redstone_ore":2,"ecologics:pot":1,"minecraft:torch":2,"minecraft:dark_oak_wood":1,"minecraft:glass":2,"minecraft:cobblestone":187,"minecraft:cyan_bed":1,"minecraft:oak_planks":4,"minecraft:wall_torch":5,"minecraft:cherry_slab":4,"minecraft:pink_petals":151,"minecraft:lilac":2,"minecraft:tnt":3,"minecraft:lime_concrete":1,"minecraft:black_bed":3,"minecraft:purpur_block":1,"minecraft:grass":131,"minecraft:oak_log":6,"minecraft:dirt":1261,"minecraft:crimson_planks":2,"minecraft:stripped_birch_wood":1,"minecraft:oak_leaves":2,"alexscaves:spelunkery_table":1,"minecraft:deepslate":91,"minecraft:emerald_block":2,"minecraft:crying_obsidian":1,"minecraft:tuff":5,"enchantinginfuser:enchanting_infuser":1,"torchmaster:megatorch":2,"minecraft:nether_bricks":2,"minecraft:allium":1,"minecraft:stripped_jungle_wood":3,"luminousworld:grassvariant_2":1,"minecraft:sandstone":6,"minecraft:crimson_stem":1,"minecraft:acacia_wood":8,"minecraft:diamond_block":9,"minecraft:gold_block":10,"minecraft:bookshelf":1,"minecraft:brain_coral_wall_fan":1,"minecraft:bamboo":2,"minecraft:stone":406,"iceandfire:podium_spruce":1,"ancient_elements:deepslate_lead_ore":1,"minecraft:pink_terracotta":1,"minecraft:smithing_table":1,"minecraft:acacia_leaves":4,"minecraft:glass_pane":1,"minecraft:cherry_planks":3,"minecraft:lily_of_the_valley":1,"minecraft:polished_granite":5,"minecraft:smooth_sandstone":22,"minecraft:cornflower":1,"minecraft:emerald_ore":2,"minecraft:rose_bush":5,"minecraft:lectern":68,"minecraft:tall_grass":10,"minecraft:sculk":148,"minecraft:coarse_dirt":1,"minecraft:magenta_terracotta":2,"minecraft:mangrove_leaves":1,"minecraft:coal_ore":94,"minecraft:gravel":13,"minecraft:cherry_leaves":6,"minecraft:sunflower":2,"minecraft:cobweb":4,"minecraft:stripped_acacia_wood":4,"minecraft:iron_trapdoor":1,"minecraft:infested_stone":1},"minecraft:custom":{"lootr:looted_stat":133,"minecraft:interact_with_crafting_table":24,"minecraft:leave_game":5,"minecraft:time_since_death":440779,"minecraft:damage_resisted":1046,"minecraft:sprint_one_cm":1375333,"minecraft:drop":79,"minecraft:talked_to_villager":85,"minecraft:play_time":440779,"minecraft:jump":6926,"tombstone:kill_undead_boss":1,"minecraft:walk_on_water_one_cm":41081,"minecraft:enchant_item":4,"minecraft:interact_with_furnace":53,"minecraft:traded_with_villager":3,"minecraft:sleep_in_bed":13,"minecraft:waystone_activated":4,"minecraft:damage_dealt":94901,"minecraft:crouch_one_cm":27154,"tombstone:undead_killed":318,"tombstone:villager_killed":3,"minecraft:interact_with_smithing_table":1,"minecraft:mob_kills":379,"minecraft:damage_dealt_resisted":2066,"minecraft:climb_one_cm":16735,"minecraft:walk_one_cm":1417514,"minecraft:sneak_time":9748,"minecraft:walk_under_water_one_cm":49031,"minecraft:boat_one_cm":61307,"minecraft:total_world_time":440779,"tombstone:raider_killed":4,"minecraft:tune_noteblock":30,"minecraft:time_since_rest":74272,"minecraft:damage_taken":27391,"minecraft:damage_absorbed":1167,"minecraft:swim_one_cm":28526,"minecraft:fly_one_cm":2021337,"minecraft:open_chest":115,"minecraft:fall_one_cm":276549},"minecraft:broken":{"minecraft:diamond_helmet":3,"minecraft:diamond_chestplate":2,"minecraft:netherite_helmet":2,"minecraft:diamond_leggings":3,"minecraft:netherite_boots":3},"minecraft:picked_up":{"alexsmobs:maraca":2,"minecraft:chainmail_boots":2,"minecraft:iron_trapdoor":1,"minecraft:smithing_table":1,"minecraft:brown_bed":2,"alexscaves:music_disc_fusion":1,"minecraft:music_disc_cat":1,"minecraft:string":35,"twilightforest:music_disc_motion":1,"minecraft:cobbled_deepslate":84,"minecraft:gold_nugget":2,"minecraft:smooth_stone":12,"bosses_of_mass_destruction:soul_star":4,"comforts:sleeping_bag_white":4,"minecraft:rose_bush":5,"minecraft:deepslate_tile_wall":1,"endrem:wither_eye":1,"minecraft:enchanted_golden_apple":3,"minecraft:coal_block":1,"minecraft:iron_boots":1,"minecraft:stick":266,"minecraft:torch":7,"deeperdarker:heart_of_the_deep":1,"minecraft:porkchop":6,"minecraft:cherry_log":685,"tombstone:grave_dust":43,"minecraft:deepslate_tile_stairs":1,"minecraft:golden_chestplate":1,"minecraft:pink_terracotta":1,"quark:clear_shard":19,"minecraft:rotten_flesh":165,"minecraft:red_tulip":1,"minecraft:iron_block":1,"farmersdelight:rope":13,"supplementaries:ash":3,"minecraft:netherite_chestplate":1,"minecraft:stripped_birch_wood":1,"undead_revamp2:arapholia":1,"minecraft:cobblestone":564,"minecraft:enchanting_table":4,"minecraft:pink_petals":840,"minecraft:feather":2,"minecraft:cherry_planks":3,"minecraft:brown_wool":1,"minecraft:black_bed":3,"minecraft:potato":1,"ancient_elements:raw_lead":2,"minecraft:flint":4,"minecraft:tuff":5,"minecraft:smooth_sandstone_stairs":1,"undead_revamp2:huntereye":2,"minecraft:wither_skeleton_skull":2,"minecraft:magenta_terracotta":2,"minecraft:dirt":2057,"minecraft:lantern":1,"tombstone:familiar_receptacle":1,"minecraft:bone":141,"minecraft:bow":1,"minecraft:wheat_seeds":33,"minecraft:dark_oak_sign":3,"minecraft:bamboo":14,"minecraft:oak_planks":4,"ancient_elements:aero_charge":65,"minecraft:stripped_acacia_wood":4,"earthmobsmod:harder_flesh":2,"torchmaster:megatorch":2,"minecraft:diamond_block":9,"minecraft:cyan_bed":1,"minecraft:lily_of_the_valley":2,"undead_revamp2:heavytooth":1,"minecraft:bundle":6,"minecraft:iron_hoe":1,"minecraft:soul_lantern":1,"enchantinginfuser:enchanting_infuser":1,"minecraft:emerald":6,"minecraft:chainmail_helmet":2,"minecraft:cherry_slab":4,"minecraft:nether_star":1,"minecraft:end_stone_bricks":2,"undead_revamp2:bostroxingot":2,"luminousworld:groundpebbles_1":4,"minecraft:coarse_dirt":1,"minecraft:allium":1,"iceandfire:witherbone":11,"minecraft:gold_block":10,"minecraft:purpur_block":1,"minecraft:cornflower":1,"minecraft:iron_axe":3,"minecraft:iron_shovel":1,"minecraft:blue_orchid":4,"deeperdarker:warden_carapace":2,"ancient_elements:aetherial_shard":25,"minecraft:netherite_sword":6,"minecraft:music_disc_otherside":1,"minecraft:beef":2,"minecraft:player_head":5,"minecraft:lectern":68,"supplementaries:cage":1,"minecraft:spruce_trapdoor":1,"minecraft:phantom_membrane":2,"minecraft:stripped_crimson_hyphae":1,"minecraft:sandstone":6,"minecraft:copper_ingot":2,"minecraft:cookie":5,"minecraft:redstone":10,"minecraft:purple_terracotta":1,"minecraft:tnt":3,"iceandfire:cyclops_eye":1,"minecraft:arrow":121,"minecraft:weeping_vines":1,"minecraft:beetroot_seeds":5,"minecraft:nether_bricks":2,"minecraft:peony":1,"aether:music_disc_chinchilla":1,"alexscaves:spelunkery_table":1,"minecraft:mutton":2,"quark:music_disc_wind":1,"minecraft:netherite_boots":1,"minecraft:golden_carrot":1,"minecraft:crimson_stem":1,"minecraft:leather":3,"minecraft:acacia_wood":8,"minecraft:oak_log":6,"alexsmobs:music_disc_thime":1,"botania:black_mystical_flower":1,"minecraft:spawner":1,"minecraft:smooth_sandstone":20,"cataclysm:music_disc_ender_guardian":1,"mowziesmobs:umvuthana_mask_rage":1,"minecraft:kelp":1,"minecraft:iron_ingot":1,"tombstone:bag_of_seeds":3,"minecraft:iron_sword":1,"minecraft:acacia_sapling":1,"mowziesmobs:umvuthana_mask_misery":2,"sophisticatedbackpacks:diamond_backpack":4,"minecraft:book":3,"minecraft:sculk_catalyst":1,"minecraft:emerald_block":2,"minecraft:lime_concrete":1,"minecraft:gravel":9,"minecraft:crying_obsidian":1,"minecraft:spider_eye":10,"minecraft:slime_ball":1,"minecraft:stripped_jungle_wood":3,"minecraft:cherry_sapling":461,"minecraft:baked_potato":9,"tombstone:magic_scroll":11,"minecraft:pink_dye":2,"minecraft:netherite_hoe":1,"minecraft:coal":187,"minecraft:dark_oak_wood":1,"minecraft:sunflower":2},"minecraft:dropped":{"minecraft:cookie":5,"minecraft:emerald":1,"minecraft:dirt":64,"minecraft:yellow_dye":1,"minecraft:mutton":2,"minecraft:netherite_boots":1,"minecraft:amethyst_shard":2,"undead_revamp2:huntereye":1,"minecraft:rotten_flesh":19,"sophisticatedbackpacks:diamond_backpack":4,"supplementaries:ash":1,"minecraft:acacia_sapling":1,"farmersdelight:rope":13,"minecraft:arrow":63,"minecraft:crying_obsidian":3,"minecraft:wheat_seeds":7,"evilcraft:condensed_blood":6,"minecraft:diamond_leggings":1,"minecraft:cobblestone":4,"minecraft:golden_carrot":2,"minecraft:cherry_planks":2,"minecraft:diamond_helmet":2,"minecraft:pink_petals":82,"minecraft:kelp":1,"minecraft:player_head":1,"minecraft:coarse_dirt":1,"minecraft:dark_oak_sign":3,"iceandfire:witherbone":1,"portablemobs:basic_capture_cell":2,"minecraft:diamond_chestplate":1,"mowziesmobs:umvuthana_mask_misery":1,"luminousworld:groundpebbles_1":3,"minecraft:spider_eye":4,"minecraft:diamond_boots":1,"minecraft:bow":2},"minecraft:killed":{"undead_revamp2:thewolf":1,"minecraft:cave_spider":1,"minecraft:spider":6,"minecraft:zombie_horse":4,"minecraft:wither":1,"undead_revamp2:theswarmer":1,"minecraft:skeleton":127,"minecraft:bee":2,"alexsmobs:capuchin_monkey":1,"minecraft:silverfish":1,"undead_revamp2:therod":1,"undead_revamp2:thespitter":1,"luminousworld:hollow":11,"undead_revamp2:theheavy":1,"undead_revamp2:thebeartamer":4,"minecraft:sheep":1,"minecraft:zombie":61,"creeperoverhaul:desert_creeper":1,"minecraft:cow":1,"undead_revamp2:thehunter":10,"undead_revamp2:theimmortal":1,"alexsmobs:tiger":2,"undead_revamp2:bomber":3,"minecraft:phantom":4,"iceandfire:fire_dragon":2,"undead_revamp2:thebidy":1,"minecraft:warden":1,"undead_revamp2:sucker":4,"minecraft:husk":39,"earthmobsmod:bouldering_zombie":4,"ancient_elements:aetherial_glaze":33,"undead_revamp2:the_moonflower":15,"mowziesmobs:umvuthana_follower_raptor":1,"undead_revamp2:thesomnolence":1,"minecraft:wither_skeleton":24,"minecraft:villager":3}},"DataVersion":3465}