{"stats":{"minecraft:broken":{"minecraft:iron_shovel":17,"minecraft:iron_boots":2,"minecraft:iron_chestplate":1,"minecraft:iron_leggings":1,"minecraft:iron_sword":2,"minecraft:crossbow":1,"minecraft:iron_pickaxe":3,"minecraft:iron_helmet":2},"minecraft:dropped":{"minecraft:crimson_stem":1,"minecraft:iron_sword":7,"minecraft:cooked_beef":11,"minecraft:glass_bottle":2,"minecraft:diamond":1,"botania:cyan_petal":2,"minecraft:glow_berries":1,"minecraft:leather":4,"iceandfire:ectoplasm":1,"born_in_chaos_v1:pieceofdarkmetal":15,"minecraft:rail":2,"minecraft:flint":1,"born_in_chaos_v1:monster_flesh":4,"minecraft:dirt":6,"born_in_chaos_v1:monster_skin":4,"evilcraft:broom":2,"minecraft:cornflower":2,"minecraft:netherite_boots":1,"minecraft:pumpkin_pie":9,"minecraft:sunflower":4,"iceandfire:ash":4,"minecraft:sand":6,"undead_revamp2:blacpetalblock":1,"tombstone:scroll_of_preservation":1,"minecraft:mangrove_slab":1,"minecraft:bone":25,"minecraft:gravel":25,"undead_revamp2:huntereye":2,"minecraft:stone_axe":1,"hangglider:hang_glider":2,"minecraft:cherry_stairs":1,"minecraft:netherite_sword":1,"minecraft:cobbled_deepslate":11,"minecraft:pink_dye":2,"farmersdelight:cabbage":1,"born_in_chaos_v1:ethereal_spirit":2,"undead_revamp2:arapholia":1,"minecraft:cherry_sapling":12,"minecraft:rotten_flesh":125,"minecraft:oak_planks":11,"minecraft:enchanted_golden_apple":1,"luminousworld:savannah_soil":5,"minecraft:warped_planks":7,"minecraft:carrot":2,"iceandfire:crackled_gravel":1,"evilcraft:flesh_humanoid":5,"supplementaries:antique_ink":3,"minecraft:chainmail_chestplate":2,"supplementaries:ash":102,"luminousworld:grassflowers":1,"iceandfire:ghost_chest":2,"born_in_chaos_v1:seedof_chaos":3,"minecraft:mangrove_log":2,"minecraft:gunpowder":2,"minecraft:brick_stairs":2,"minecraft:skeleton_skull":2,"born_in_chaos_v1:corpse_maggot":2,"minecraft:painting":1,"minecraft:spruce_slab":1,"minecraft:red_nether_bricks":1,"minecraft:arrow":16,"minecraft:beef":2,"minecraft:smooth_red_sandstone_stairs":1,"minecraft:polished_granite":16,"born_in_chaos_v1:black_argillitepressureplate":2,"born_in_chaos_v1:dark_rod":1,"minecraft:crimson_planks":3,"minecraft:purple_terracotta":2,"born_in_chaos_v1:shattered_skull":1,"minecraft:wheat_seeds":4,"minecraft:cherry_log":14,"farmersdelight:apple_pie":127,"luminousworld:ishstone":15,"evilcraft:condensed_blood":11,"evilcraft:dark_gem_crushed":5,"quark:blossom_planks":16,"minecraft:diamond_leggings":2,"minecraft:dark_prismarine_slab":2,"minecraft:yellow_terracotta":3,"minecraft:iron_helmet":1,"minecraft:cobblestone":75,"minecraft:book":7,"alexsmobs:rattlesnake_rattle":1,"minecraft:amethyst_block":5,"evilcraft:dark_gem":4,"minecraft:coal":3,"tombstone:ankh_of_pray":1,"minecraft:stick":18,"minecraft:oxeye_daisy":1,"minecraft:cobweb":2,"minecraft:diamond_horse_armor":1,"minecraft:golden_carrot":34,"iceandfire:copper_nugget":2,"minecraft:torch":2,"tombstone:grave_key":2,"luminousworld:savannah_ground":1,"minecraft:cherry_planks":22,"artifacts:plastic_drinking_hat":1,"minecraft:map":3,"minecraft:diamond_helmet":2,"tombstone:grave_dust":2,"minecraft:potion":1,"minecraft:iron_axe":2,"minecraft:smooth_sandstone":105,"minecraft:chainmail_leggings":1,"minecraft:iron_shovel":2,"minecraft:paper":5,"minecraft:string":4,"earthmobsmod:duck_egg":1,"minecraft:pink_petals":406,"minecraft:tripwire_hook":6,"minecraft:acacia_planks":12,"iceandfire:dragonegg_gray":1,"artifacts:digging_claws":1,"minecraft:spruce_sapling":10,"minecraft:pink_tulip":2,"iceandfire:dragonbone":12,"minecraft:redstone":1,"minecraft:creeper_head":1,"alexsmobs:maggot":2,"minecraft:stone_sword":1,"minecraft:raw_copper":9,"minecraft:tuff":40,"supplementaries:bomb":4,"minecraft:iron_boots":2,"minecraft:iron_hoe":1,"iceandfire:dragonbone_sword_ice":1,"sophisticatedbackpacks:backpack":3,"minecraft:name_tag":2,"minecraft:nether_bricks":2,"earthmobsmod:harder_flesh":6,"alexsmobs:bear_fur":2,"minecraft:red_terracotta":3,"minecraft:lily_of_the_valley":1,"luminousworld:yellow_grassflowers":1,"minecraft:cyan_wool":3,"minecraft:stone":15,"minecraft:oak_button":2,"minecraft:bundle":1,"aether:iron_gloves":2,"minecraft:diamond_chestplate":2,"iceandfire:chared_cobblestone":10,"minecraft:iron_chestplate":2,"minecraft:diamond_pickaxe":1,"luminousworld:groundpebbles_1":1,"minecraft:andesite":20,"minecraft:mossy_stone_bricks":1,"minecraft:oak_sapling":5,"artifacts:antidote_vessel":2,"artifacts:pickaxe_heater":1,"minecraft:brown_bed":3,"minecraft:spider_eye":1,"tombstone:essence_of_undeath":2,"minecraft:diamond_boots":1,"minecraft:sandstone":7,"minecraft:stripped_crimson_hyphae":5,"minecraft:magenta_dye":1,"minecraft:bow":1,"minecraft:stone_pickaxe":1,"minecraft:dark_prismarine":13,"minecraft:cooked_rabbit":1},"minecraft:mined":{"minecraft:dark_oak_planks":5,"minecraft:large_amethyst_bud":1,"minecraft:spruce_planks":2,"quark:cherry_chest":2,"minecraft:sculk_vein":1,"minecraft:cherry_log":229,"minecraft:red_nether_bricks":1,"minecraft:obsidian":24,"minecraft:granite":2,"minecraft:stripped_crimson_hyphae":5,"minecraft:smooth_red_sandstone_stairs":1,"minecraft:grass_block":3372,"placeablesmod:nametagblock":2,"luminousworld:savanna_grass_2":1,"minecraft:spawner":26,"minecraft:iron_ore":77,"minecraft:cobbled_deepslate":6,"minecraft:fire":38,"minecraft:anvil":1,"minecraft:nether_brick_stairs":1,"minecraft:brown_bed":5,"minecraft:dirt_path":2,"iceandfire:gold_pile":2,"minecraft:smooth_sandstone_stairs":1,"minecraft:stripped_mangrove_wood":1,"minecraft:orange_bed":1,"iceandfire:chared_cobblestone":12,"minecraft:deepslate_redstone_ore":10,"minecraft:brown_mushroom":2,"ecologics:pot":1,"minecraft:medium_amethyst_bud":2,"minecraft:amethyst_cluster":3,"born_in_chaos_v1:infected_deepslate_diamond_ore":3,"minecraft:blast_furnace":2,"iceandfire:ghost_chest":2,"minecraft:dead_bush":1,"minecraft:mushroom_stem":7,"minecraft:cobblestone":47,"minecraft:oak_planks":2,"minecraft:amethyst_block":5,"minecraft:cherry_slab":2,"minecraft:pink_petals":506,"minecraft:cyan_wool":3,"lootr:trophy":1,"quark:cherry_bookshelf":1,"minecraft:warped_planks":7,"evilcraft:dark_ore_deepslate":2,"minecraft:lilac":1,"minecraft:stripped_oak_wood":4,"minecraft:black_bed":4,"minecraft:grass":180,"minecraft:oak_log":4,"minecraft:crimson_planks":3,"minecraft:sand":133,"minecraft:dirt":1382,"luminousworld:grassvariant_3":1,"minecraft:smooth_basalt":2,"minecraft:red_mushroom_block":3,"minecraft:stonecutter":1,"luminousworld:savannah_grass_4":1,"minecraft:oak_leaves":2,"minecraft:deepslate":953,"minecraft:emerald_block":2,"iceandfire:chared_stone":5,"luminousworld:savannah_ground":2,"minecraft:yellow_terracotta":5,"minecraft:dark_prismarine":14,"minecraft:diamond_ore":1,"minecraft:tuff":102,"minecraft:deepslate_diamond_ore":27,"enchantinginfuser:enchanting_infuser":1,"minecraft:nether_bricks":2,"minecraft:glow_lichen":1,"minecraft:purple_terracotta":4,"minecraft:allium":1,"born_in_chaos_v1:black_argillite":3,"minecraft:brick_stairs":1,"minecraft:brown_mushroom_block":4,"minecraft:red_mushroom":1,"minecraft:sandstone":7,"minecraft:crimson_stem":1,"minecraft:hay_block":16,"minecraft:carrots":17,"minecraft:andesite":20,"minecraft:diamond_block":8,"evilcraft:dark_ore":2,"minecraft:gold_block":7,"minecraft:bookshelf":23,"minecraft:potatoes":19,"minecraft:deepslate_iron_ore":8,"minecraft:packed_ice":11,"minecraft:bamboo":17,"luminousworld:groundpebbles_2":1,"minecraft:stone":682,"luminousworld:savannah_soil":10,"minecraft:acacia_leaves":5,"minecraft:cherry_planks":21,"quark:oak_chest":1,"minecraft:polished_granite":20,"minecraft:oak_fence":1,"minecraft:smooth_sandstone":107,"minecraft:emerald_ore":2,"farmersdelight:carrot_crate":1,"luminousworld:grassflowers":1,"minecraft:tall_grass":7,"minecraft:deepslate_gold_ore":14,"minecraft:lapis_ore":1,"minecraft:spruce_stairs":3,"supplementaries:urn":9,"botania:cyan_mystical_flower":1,"minecraft:birch_planks":2,"minecraft:red_terracotta":5,"minecraft:magenta_terracotta":2,"minecraft:ice":2,"minecraft:yellow_bed":1,"minecraft:mangrove_slab":1,"minecraft:mycelium":1,"minecraft:coal_ore":49,"luminousworld:ishstone":11,"minecraft:sunflower":3,"minecraft:gravel":46,"minecraft:cobweb":13,"minecraft:stone_bricks":1,"minecraft:mossy_stone_bricks":1,"minecraft:gold_ore":1,"minecraft:fern":1},"minecraft:crafted":{"minecraft:oak_planks":40,"minecraft:cherry_slab":177,"hangglider:hang_glider":3,"minecraft:stone":295,"sophisticatedbackpacks:crafting_upgrade":1,"quark:cherry_chest":16,"ironchest:crystal_chest":1,"minecraft:diamond_helmet":1,"minecraft:diamond_leggings":1,"minecraft:iron_boots":1,"minecraft:oak_button":1,"minecraft:magenta_dye":1,"botania:cyan_petal":2,"enchantinginfuser:enchanting_infuser":1,"minecraft:crafting_table":5,"minecraft:iron_helmet":2,"tombstone:decorative_grave_simple":1,"sophisticatedbackpacks:upgrade_base":1,"ironchest:diamond_chest":1,"minecraft:stone_brick_stairs":8,"minecraft:iron_chestplate":2,"minecraft:diamond_pickaxe":1,"iceandfire:dragonscale_bronze":4,"quark:oak_chest":2,"minecraft:stick":24,"minecraft:iron_ingot":11,"minecraft:iron_pickaxe":2,"minecraft:gold_ingot":76,"sophisticatedbackpacks:netherite_backpack":2,"iceandfire:armor_bronze_helmet":1,"hangglider:glider_framework":3,"minecraft:cherry_planks":780,"minecraft:stone_brick_wall":48,"tombstone:strange_tablet":1,"minecraft:furnace":2,"hangglider:glider_wing":6,"minecraft:pink_dye":3,"quark:cherry_bookshelf":19,"minecraft:flint_and_steel":1,"minecraft:cherry_trapdoor":114,"minecraft:leather":19,"minecraft:iron_axe":1,"minecraft:diamond_boots":1,"iceandfire:armor_bronze_chestplate":1,"ironchest:gold_chest":1,"minecraft:diamond_sword":1,"iceandfire:armor_bronze_boots":1,"minecraft:enchanting_table":1,"iceandfire:dragonscales_bronze":36,"minecraft:iron_sword":2,"tombstone:ankh_of_pray":1,"minecraft:bucket":2,"minecraft:jungle_planks":4,"minecraft:air":0,"tombstone:dark_marble":5,"minecraft:iron_shovel":18,"minecraft:cherry_door":3,"minecraft:iron_leggings":1,"iceandfire:armor_bronze_leggings":1,"ironchest:iron_chest":1,"minecraft:diamond_chestplate":1},"minecraft:used":{"minecraft:cherry_sapling":6,"minecraft:iron_shovel":5467,"lootr:trophy":1,"minecraft:iron_sword":686,"minecraft:smooth_sandstone_stairs":1,"luminousworld:savannah_ground":2,"quark:cherry_chest":16,"minecraft:carrot":15,"minecraft:tuff":2,"minecraft:obsidian":12,"tombstone:decorative_grave_simple":1,"minecraft:stone_bricks":2,"minecraft:bow":1,"supplementaries:ash":2,"minecraft:furnace":2,"minecraft:stone_pickaxe":3,"minecraft:oak_planks":11,"iceandfire:dragonbone_sword_ice":48,"minecraft:diamond_axe":113,"minecraft:stripped_mangrove_wood":1,"minecraft:golden_apple":3,"minecraft:purple_terracotta":1,"minecraft:blast_furnace":2,"minecraft:crossbow":3,"minecraft:black_bed":4,"earthmobsmod:duck_egg":1,"minecraft:bread":10,"minecraft:polished_granite":7,"minecraft:gravel":8,"minecraft:diamond_sword":395,"minecraft:air":1,"ironchest:crystal_chest":1,"minecraft:experience_bottle":8,"minecraft:oak_fence":2,"minecraft:stone_sword":18,"minecraft:flint_and_steel":1,"born_in_chaos_v1:black_argillite":3,"minecraft:orange_bed":1,"minecraft:dirt":164,"minecraft:anvil":1,"farmersdelight:carrot_crate":2,"minecraft:spruce_stairs":3,"quark:cherry_bookshelf":19,"minecraft:nether_brick_stairs":1,"minecraft:dark_oak_planks":3,"tombstone:ankh_of_pray":7,"minecraft:iron_axe":364,"minecraft:cherry_slab":8,"minecraft:smooth_sandstone":4,"undead_revamp2:huntereye":2,"minecraft:bamboo":16,"minecraft:golden_carrot":218,"luminousworld:savannah_soil":3,"minecraft:magenta_terracotta":1,"tombstone:gift":15,"minecraft:cooked_beef":64,"minecraft:cherry_log":14,"minecraft:cobbled_deepslate":35,"minecraft:acacia_planks":6,"minecraft:brown_bed":3,"minecraft:water_bucket":26,"minecraft:cherry_planks":135,"luminousworld:ishstone":1,"minecraft:stonecutter":1,"minecraft:cracked_stone_bricks":1,"minecraft:crafting_table":4,"supplementaries:bomb":1,"tombstone:tablet_of_home":1,"tombstone:bag_of_seeds":1,"minecraft:diamond_pickaxe":1646,"minecraft:sunflower":1,"minecraft:iron_pickaxe":749,"minecraft:stone_axe":30,"enchantinginfuser:enchanting_infuser":2,"minecraft:potion":2,"minecraft:cobblestone":125,"minecraft:bucket":26,"minecraft:pumpkin_pie":2,"minecraft:yellow_bed":1,"quark:oak_chest":2,"minecraft:splash_potion":4},"minecraft:custom":{"lootr:looted_stat":107,"minecraft:interact_with_crafting_table":95,"minecraft:eat_cake_slice":3,"minecraft:leave_game":5,"minecraft:time_since_death":206864,"minecraft:sprint_one_cm":1296513,"minecraft:drop":409,"minecraft:talked_to_villager":4,"minecraft:play_time":706303,"minecraft:deaths":18,"minecraft:interact_with_brewingstand":1,"minecraft:jump":14643,"minecraft:walk_on_water_one_cm":33817,"minecraft:enchant_item":4,"minecraft:interact_with_furnace":55,"minecraft:sleep_in_bed":17,"minecraft:damage_dealt":61559,"minecraft:crouch_one_cm":26431,"tombstone:undead_killed":162,"minecraft:interact_with_smoker":1,"minecraft:interact_with_anvil":8,"minecraft:mob_kills":264,"minecraft:damage_dealt_resisted":2027,"minecraft:climb_one_cm":43640,"minecraft:walk_one_cm":2520161,"tombstone:consume_soul":1,"minecraft:damage_dealt_absorbed":121,"minecraft:sneak_time":9662,"minecraft:walk_under_water_one_cm":16208,"minecraft:interact_with_blast_furnace":6,"minecraft:total_world_time":706303,"tombstone:raider_killed":3,"minecraft:interact_with_stonecutter":9,"minecraft:time_since_rest":86024,"minecraft:damage_taken":33952,"minecraft:damage_absorbed":121,"minecraft:trigger_trapped_chest":7,"tombstone:cast_on_ally":1,"minecraft:swim_one_cm":4580,"minecraft:fly_one_cm":1894049,"minecraft:open_chest":416,"minecraft:fall_one_cm":237426},"minecraft:killed_by":{"undead_revamp2:sucker":1,"minecraft:zombie":2,"iceandfire:fire_dragon":1},"minecraft:killed":{"minecraft:cave_spider":5,"born_in_chaos_v1:restless_spirit":1,"born_in_chaos_v1:zombie_lumberjack":1,"minecraft:spider":3,"minecraft:skeleton":20,"born_in_chaos_v1:skeleton_thrasher":1,"earthmobsmod:zombified_rabbit":1,"undead_revamp2:thespitter":1,"alexsmobs:grizzly_bear":1,"luminousworld:hollow":4,"born_in_chaos_v1:diamond_termite":6,"undead_revamp2:theheavy":1,"born_in_chaos_v1:dread_hound_not_despawn":1,"undead_revamp2:thebeartamer":1,"minecraft:creeper":3,"undead_revamp2:theordure":1,"luminousworld:savannah_skeleton":1,"minecraft:pillager":3,"enemyexpansion:meature":1,"minecraft:zombie":43,"born_in_chaos_v1:dread_hound":2,"born_in_chaos_v1:corpse_fly":1,"enemyexpansion:botfly":7,"alexsmobs:fly":4,"born_in_chaos_v1:door_knight":1,"undead_revamp2:thehunter":10,"alexsmobs:tiger":1,"undead_revamp2:bomber":1,"enemyexpansion:direwolf":6,"alexsmobs:rattlesnake":1,"born_in_chaos_v1:zombie_bruiser":3,"born_in_chaos_v1:maggot":6,"iceandfire:fire_dragon":1,"undead_revamp2:thehorrors":1,"undead_revamp2:sucker":4,"luminousworld:savannah_zombie":2,"earthmobsmod:albino_cow":1,"enemyexpansion:scorpion":1,"born_in_chaos_v1:fallen_chaos_knight":2,"minecraft:husk":18,"earthmobsmod:bouldering_zombie":6,"born_in_chaos_v1:baby_skeleton":4,"born_in_chaos_v1:spirit_guide_assistant":2,"undead_revamp2:the_moonflower":12,"enemyexpansion:sprinter":4,"born_in_chaos_v1:decrepit_skeleton":4,"born_in_chaos_v1:phantom_creeper_copy":1,"undead_revamp2:thesomnolence":6,"iceandfire:ghost":6,"born_in_chaos_v1:dark_vortex":1,"born_in_chaos_v1:nightmare_stalker":1,"minecraft:wither_skeleton":4,"enemyexpansion:slugger":2},"minecraft:picked_up":{"minecraft:iron_chestplate":2,"illagerinvasion:platinum_chunk":2,"minecraft:creeper_head":1,"minecraft:anvil":1,"minecraft:diamond_sword":3,"aether:iron_gloves":2,"minecraft:brown_bed":6,"minecraft:potion":4,"minecraft:enchanted_book":4,"minecraft:crimson_planks":3,"sophisticatedbackpacks:magnet_upgrade":1,"minecraft:amethyst_block":5,"born_in_chaos_v1:black_argillite":3,"minecraft:string":21,"farmersdelight:apple_pie":63,"minecraft:raw_copper":9,"minecraft:red_nether_bricks":1,"minecraft:gold_nugget":87,"minecraft:cobbled_deepslate":507,"earthmobsmod:duck_egg":2,"minecraft:calcite":1,"minecraft:enchanted_golden_apple":1,"minecraft:mangrove_log":4,"minecraft:iron_boots":4,"minecraft:stick":63,"iceandfire:ghost_chest":2,"aether:netherite_gloves":1,"born_in_chaos_v1:shattered_skull":2,"quark:cherry_chest":2,"minecraft:oak_fence":2,"born_in_chaos_v1:phantom_powder":1,"minecraft:torch":2,"minecraft:spruce_stairs":3,"luminousworld:savannah_soil":8,"iceandfire:crackled_gravel":1,"minecraft:cherry_log":243,"tombstone:grave_dust":18,"born_in_chaos_v1:nightmare_claw":1,"minecraft:warped_planks":7,"quark:blossom_planks":20,"minecraft:orange_bed":1,"luminousworld:grassflowers":1,"minecraft:stone_sword":1,"minecraft:rotten_flesh":157,"luminousworld:yellow_grassflowers":2,"supplementaries:antique_ink":5,"iceandfire:fire_dragon_heart":1,"supplementaries:ash":147,"minecraft:obsidian":24,"undead_revamp2:arapholia":1,"minecraft:cobblestone":725,"minecraft:pink_petals":2620,"luminousworld:savannah_ground":3,"minecraft:cooked_beef":11,"minecraft:cherry_planks":26,"minecraft:andesite":20,"minecraft:jungle_log":1,"minecraft:black_bed":4,"lootr:trophy":1,"minecraft:potato":115,"minecraft:smooth_sandstone_stairs":1,"evilcraft:flesh_humanoid":1,"alexsmobs:bear_fur":2,"minecraft:flint":18,"minecraft:tuff":82,"minecraft:magenta_terracotta":1,"undead_revamp2:huntereye":4,"minecraft:wither_skeleton_skull":1,"minecraft:mangrove_slab":1,"farmersdelight:carrot_crate":1,"artifacts:pickaxe_heater":1,"minecraft:lapis_lazuli":6,"minecraft:dirt":4830,"iceandfire:dragonscales_bronze":73,"minecraft:polished_granite":23,"minecraft:name_tag":4,"born_in_chaos_v1:monster_skin":7,"minecraft:glass":14,"minecraft:bone":57,"minecraft:acacia_planks":22,"botania:cyan_mystical_flower":1,"undead_revamp2:blacpetalblock":1,"minecraft:stonecutter":1,"minecraft:wheat_seeds":56,"minecraft:mossy_stone_bricks":1,"artifacts:antidote_vessel":2,"minecraft:bamboo":182,"minecraft:oak_planks":7,"earthmobsmod:harder_flesh":8,"iceandfire:dragon_skull_fire":2,"evilcraft:dark_gem_crushed":5,"minecraft:sand":134,"minecraft:lily_of_the_valley":1,"minecraft:diamond_block":8,"minecraft:nether_brick_stairs":1,"iceandfire:lightning_dragon_heart":1,"minecraft:red_terracotta":3,"minecraft:dark_prismarine":13,"undead_revamp2:heavytooth":1,"iceandfire:chared_cobblestone":10,"minecraft:bundle":3,"minecraft:iron_hoe":1,"minecraft:dark_prismarine_slab":2,"minecraft:diamond":41,"evilcraft:broom":1,"alexsmobs:rattlesnake_rattle":1,"enchantinginfuser:enchanting_infuser":1,"minecraft:crossbow":1,"alexsmobs:maggot":1,"minecraft:golden_apple":3,"minecraft:chainmail_helmet":2,"minecraft:emerald":26,"minecraft:bread":40,"minecraft:cherry_slab":2,"minecraft:diamond_pickaxe":1,"luminousworld:groundpebbles_1":11,"born_in_chaos_v1:diamond_termite_shard":5,"minecraft:allium":1,"iceandfire:witherbone":3,"born_in_chaos_v1:seedof_chaos":4,"minecraft:brown_mushroom":10,"minecraft:cooked_rabbit":1,"minecraft:gold_block":7,"minecraft:cornflower":2,"minecraft:iron_axe":2,"minecraft:iron_shovel":3,"supplementaries:bomb":2,"minecraft:cracked_stone_bricks":1,"minecraft:beef":2,"minecraft:cyan_wool":3,"minecraft:spruce_slab":1,"minecraft:stripped_crimson_hyphae":5,"tombstone:ankh_of_pray":1,"minecraft:sandstone":7,"minecraft:raw_iron":1,"minecraft:stripped_mangrove_wood":1,"iceandfire:dragonbone":12,"minecraft:cherry_stairs":1,"sophisticatedbackpacks:backpack":3,"minecraft:cookie":5,"born_in_chaos_v1:pieceofdarkmetal":15,"minecraft:carrot":125,"minecraft:redstone":24,"minecraft:purple_terracotta":3,"minecraft:dark_oak_planks":3,"minecraft:arrow":36,"minecraft:pink_tulip":2,"minecraft:brick_stairs":2,"minecraft:nether_bricks":2,"minecraft:pumpkin_pie":9,"minecraft:yellow_terracotta":3,"minecraft:hay_block":16,"minecraft:gold_ingot":26,"minecraft:glow_berries":1,"minecraft:skeleton_skull":2,"minecraft:rail":5,"minecraft:oxeye_daisy":1,"born_in_chaos_v1:fused_bone":1,"minecraft:smooth_red_sandstone_stairs":1,"born_in_chaos_v1:corpse_maggot":6,"minecraft:golden_carrot":34,"born_in_chaos_v1:monster_flesh":4,"minecraft:crimson_stem":1,"minecraft:tripwire_hook":6,"luminousworld:ishstone":15,"minecraft:leather":4,"minecraft:red_mushroom":8,"minecraft:oak_log":6,"minecraft:chainmail_chestplate":4,"minecraft:yellow_bed":1,"iceandfire:dragonegg_gray":1,"minecraft:gunpowder":6,"botania:black_mystical_flower":3,"minecraft:smooth_sandstone":109,"minecraft:apple":6,"minecraft:stone_bricks":2,"minecraft:iron_ingot":120,"minecraft:stone_pickaxe":1,"minecraft:cobweb":1,"tombstone:bag_of_seeds":1,"minecraft:stripped_oak_wood":4,"minecraft:iron_sword":10,"minecraft:book":72,"iceandfire:chared_stone":3,"iceandfire:copper_nugget":2,"minecraft:emerald_block":2,"born_in_chaos_v1:black_argillitepressureplate":2,"iceandfire:ash":3,"born_in_chaos_v1:ethereal_spirit":4,"minecraft:gravel":33,"mowziesmobs:wrought_helmet":1,"born_in_chaos_v1:dark_rod":1,"minecraft:amethyst_shard":12,"minecraft:spruce_sapling":5,"minecraft:blast_furnace":2,"quark:oak_chest":1,"minecraft:spider_eye":1,"minecraft:stone_axe":2,"minecraft:chainmail_leggings":1,"minecraft:iron_helmet":1,"evilcraft:dark_gem":19,"minecraft:diamond_axe":4,"minecraft:painting":2,"minecraft:cherry_sapling":180,"minecraft:oak_button":1,"tombstone:magic_scroll":2,"minecraft:coal":98,"minecraft:sunflower":5}},"DataVersion":3465}