{"stats":{"minecraft:dropped":{"minecraft:iron_sword":1,"minecraft:brown_mushroom":1,"minecraft:lantern":2,"minecraft:red_mushroom":5,"minecraft:item_frame":2,"sophisticatedbackpacks:gold_backpack":1,"artifacts:night_vision_goggles":1,"minecraft:dirt":1,"minecraft:stone_button":1,"evilcraft:broom":1,"minecraft:netherite_boots":1,"minecraft:gold_nugget":1,"minecraft:sunflower":1,"minecraft:sand":2,"minecraft:smooth_red_sandstone_slab":1,"minecraft:cyan_carpet":1,"quark:black_shard":3,"minecraft:iron_nugget":1,"minecraft:cobbled_deepslate":11,"minecraft:netherite_sword":1,"undead_revamp2:arapholia":1,"minecraft:pointed_dripstone":2,"vampirism:holy_water_bottle_enhanced":1,"minecraft:rotten_flesh":14,"vampirism:blood_bottle":1,"patchouli:guide_book":1,"supplementaries:ash":7,"vampirism:vampire_fang":2,"minecraft:arrow":4,"minecraft:beef":1,"minecraft:smooth_red_sandstone_stairs":1,"vampirism:vampire_book":1,"minecraft:iron_helmet":1,"minecraft:book":6,"quark:cherry_ladder":2,"minecraft:stick":6,"undead_revamp2:wincallerfan":2,"minecraft:smooth_red_sandstone":1,"tombstone:grave_key":1,"minecraft:rose_bush":1,"minecraft:cherry_planks":7,"minecraft:smooth_sandstone":10,"minecraft:pink_petals":6,"iceandfire:dragon_skull_fire":1,"minecraft:redstone":1,"minecraft:kelp":3,"minecraft:netherite_hoe":1,"iceandfire:lightning_dragon_heart":1,"vampirism:holy_water_bottle_ultimate":1,"iceandfire:witherbone":3,"minecraft:raw_iron":51,"vampirism:heart_striker_enhanced":1,"minecraft:nether_bricks":1,"alexsmobs:lobster_tail":1,"minecraft:crimson_slab":2,"aether:iron_gloves":2,"minecraft:bundle":1,"vampirism:crucifix_normal":1,"minecraft:sandstone":2,"minecraft:bow":2,"minecraft:light_blue_terracotta":1,"minecraft:dark_prismarine":1},"minecraft:picked_up":{"minecraft:iron_chestplate":1,"minecraft:anvil":1,"minecraft:smithing_table":1,"artifacts:bunny_hoppers":1,"minecraft:enchanted_book":3,"tombstone:grave_key":1,"minecraft:crimson_planks":4,"minecraft:string":136,"minecraft:iron_leggings":1,"minecraft:experience_bottle":2,"minecraft:smooth_red_sandstone_slab":1,"minecraft:gold_nugget":1,"minecraft:cobbled_deepslate":11,"minecraft:rose_bush":1,"minecraft:cobblestone_slab":2,"quark:black_shard":3,"minecraft:iron_pickaxe":2,"sophisticatedbackpacks:netherite_backpack":1,"iceandfire:dragonscales_red":43,"minecraft:iron_boots":1,"minecraft:stick":149,"minecraft:acacia_log":2,"minecraft:torch":13,"luminousworld:savannah_soil":5,"iceandfire:lightning_dragon_flesh":1,"minecraft:cherry_log":461,"minecraft:pointed_dripstone":6,"tombstone:grave_dust":6,"vampirism:vampire_fang":1,"minecraft:warped_planks":8,"minecraft:rotten_flesh":33,"quark:clear_shard":5,"iceandfire:fire_dragon_heart":1,"supplementaries:ash":15,"undead_revamp2:arapholia":1,"alexsmobs:lobster_tail":1,"minecraft:cobblestone":120,"minecraft:enchanting_table":2,"minecraft:pink_petals":218,"minecraft:magma_block":1,"luminousworld:savannah_ground":1,"minecraft:cherry_planks":10,"minecraft:andesite":1,"minecraft:black_bed":1,"minecraft:tuff":11,"minecraft:smooth_sandstone_stairs":1,"quark:cherry_ladder":3,"minecraft:dirt":1,"minecraft:lantern":2,"minecraft:polished_granite":3,"minecraft:bone":17,"minecraft:bow":1,"minecraft:wheat_seeds":6,"minecraft:oak_planks":2,"ancient_elements:aero_charge":10,"patchouli:guide_book":1,"iceandfire:dragon_skull_fire":1,"minecraft:sand":6,"vampirism:crucifix_normal":1,"iceandfire:lightning_dragon_heart":2,"minecraft:diamond_block":8,"minecraft:dark_prismarine":1,"minecraft:bundle":2,"minecraft:light_blue_terracotta":1,"evilcraft:broom":1,"minecraft:bread":9,"minecraft:emerald":4,"sophisticatedbackpacks:gold_backpack":1,"undead_revamp2:bostroxingot":7,"minecraft:crafting_table":2,"minecraft:coarse_dirt":4,"artifacts:night_vision_goggles":1,"iceandfire:witherbone":3,"minecraft:brown_mushroom":2,"minecraft:stone_brick_wall":1,"vampirism:heart_striker_enhanced":1,"minecraft:gold_block":13,"minecraft:iron_axe":1,"minecraft:item_frame":2,"minecraft:iron_shovel":1,"minecraft:cyan_carpet":2,"ancient_elements:aetherial_shard":2,"minecraft:beef":14,"minecraft:player_head":3,"minecraft:iron_nugget":1,"minecraft:lectern":15,"iceandfire:dragonscales_electric":13,"minecraft:phantom_membrane":3,"minecraft:raw_iron":102,"minecraft:sandstone":6,"iceandfire:dragonbone":6,"minecraft:stone_button":1,"minecraft:redstone":10,"minecraft:jungle_sign":1,"minecraft:purple_terracotta":3,"minecraft:arrow":7,"minecraft:jungle_stairs":1,"minecraft:nether_bricks":1,"minecraft:gold_ingot":5,"undead_revamp2:wincallerfan":3,"minecraft:rail":2,"minecraft:crimson_slab":2,"minecraft:smooth_red_sandstone_stairs":2,"minecraft:netherite_boots":1,"minecraft:tripwire_hook":3,"minecraft:golden_carrot":2,"minecraft:smooth_red_sandstone":6,"minecraft:leather":5,"minecraft:red_mushroom":7,"minecraft:acacia_wood":1,"minecraft:cobblestone_wall":11,"minecraft:blue_bed":3,"minecraft:orange_terracotta":5,"minecraft:cooked_mutton":1,"minecraft:smooth_sandstone":22,"minecraft:stone_bricks":1,"farmersdelight:cooking_pot":1,"minecraft:kelp":3,"minecraft:spruce_wood":2,"minecraft:iron_ingot":4,"minecraft:cobweb":1,"tombstone:bag_of_seeds":1,"minecraft:acacia_sapling":1,"minecraft:iron_sword":4,"minecraft:purple_concrete":1,"minecraft:book":73,"minecraft:emerald_block":2,"minecraft:gravel":1,"minecraft:crying_obsidian":3,"minecraft:spider_eye":3,"undead_revamp2:bostroxset_helmet":1,"minecraft:chainmail_leggings":1,"minecraft:iron_helmet":2,"minecraft:cherry_sapling":282,"tombstone:magic_scroll":1,"minecraft:netherite_hoe":1,"minecraft:dark_oak_wood":7,"minecraft:coal":25,"minecraft:sunflower":1},"minecraft:broken":{"minecraft:iron_boots":1,"minecraft:iron_sword":1,"minecraft:wooden_axe":8,"iceandfire:armor_electric_helmet":1,"vampirism:hunter_coat_chest_ultimate":1,"minecraft:iron_pickaxe":1},"minecraft:custom":{"lootr:looted_stat":121,"minecraft:interact_with_crafting_table":17,"minecraft:open_barrel":1,"minecraft:leave_game":6,"minecraft:time_since_death":116374,"minecraft:damage_resisted":150,"minecraft:sprint_one_cm":831090,"vampirism:interact_with_totem":2,"minecraft:drop":110,"minecraft:talked_to_villager":20,"minecraft:play_time":246769,"minecraft:deaths":2,"minecraft:jump":5138,"minecraft:walk_on_water_one_cm":28066,"vampirism:interact_with_research_table":2,"minecraft:sleep_in_bed":2,"minecraft:damage_dealt":21746,"minecraft:crouch_one_cm":887,"tombstone:undead_killed":46,"minecraft:interact_with_smithing_table":1,"minecraft:mob_kills":79,"minecraft:interact_with_anvil":3,"minecraft:damage_dealt_resisted":268,"minecraft:climb_one_cm":91071,"minecraft:walk_one_cm":779996,"minecraft:sneak_time":799,"minecraft:walk_under_water_one_cm":30213,"minecraft:total_world_time":246769,"tombstone:raider_killed":5,"vampirism:interact_with_garlic_diffuser":1,"minecraft:time_since_rest":112824,"minecraft:damage_taken":14428,"minecraft:damage_absorbed":416,"tombstone:cast_on_ally":2,"minecraft:swim_one_cm":29033,"minecraft:fly_one_cm":863802,"minecraft:open_chest":24,"minecraft:fall_one_cm":217206},"minecraft:crafted":{"quark:cherry_ladder":12,"sophisticatedbackpacks:crafting_upgrade":1,"iceandfire:armor_electric_leggings":1,"quark:cherry_chest":2,"sophisticatedbackpacks:backpack":1,"minecraft:crafting_table":6,"sophisticatedbackpacks:upgrade_base":1,"minecraft:diamond_pickaxe":1,"sophisticatedbackpacks:diamond_backpack":1,"minecraft:stick":40,"minecraft:iron_pickaxe":1,"sophisticatedbackpacks:netherite_backpack":5,"minecraft:cherry_planks":280,"minecraft:pink_dye":11,"quark:dark_oak_chest":1,"minecraft:dark_oak_planks":24,"iceandfire:armor_electric_helmet":1,"sophisticatedbackpacks:iron_backpack":1,"sophisticatedbackpacks:gold_backpack":1,"minecraft:wooden_axe":9,"minecraft:acacia_planks":12,"minecraft:torch":8},"minecraft:used":{"minecraft:iron_shovel":4,"vampirism:heart_striker_enhanced":13,"minecraft:iron_sword":161,"minecraft:smooth_sandstone_stairs":1,"tombstone:scroll_of_purification":1,"minecraft:player_head":2,"luminousworld:savannah_ground":1,"minecraft:iron_chestplate":1,"quark:cherry_chest":2,"minecraft:spruce_wood":2,"minecraft:dark_oak_wood":1,"minecraft:stone_bricks":1,"minecraft:netherite_boots":1,"minecraft:magma_block":1,"minecraft:bow":15,"iceandfire:armor_electric_leggings":1,"minecraft:oak_planks":2,"minecraft:sandstone":4,"minecraft:blue_bed":3,"minecraft:golden_apple":9,"minecraft:sand":4,"minecraft:smooth_red_sandstone":4,"minecraft:netherite_helmet":1,"minecraft:purple_terracotta":3,"minecraft:stone_brick_wall":1,"iceandfire:armor_electric_helmet":2,"undead_revamp2:bostroxset_helmet":2,"minecraft:bread":5,"minecraft:lectern":15,"minecraft:polished_granite":3,"minecraft:jungle_sign":1,"minecraft:andesite":1,"minecraft:coarse_dirt":4,"minecraft:experience_bottle":1,"minecraft:netherite_sword":313,"minecraft:enchanting_table":1,"minecraft:torch":27,"minecraft:anvil":1,"tombstone:scroll_of_aquatic_life":1,"minecraft:cobblestone_wall":3,"minecraft:wooden_axe":522,"quark:cherry_ladder":13,"minecraft:iron_axe":169,"minecraft:smooth_sandstone":2,"minecraft:iron_boots":1,"minecraft:crimson_planks":4,"minecraft:purple_concrete":1,"minecraft:golden_carrot":149,"luminousworld:savannah_soil":5,"farmersdelight:cooking_pot":1,"tombstone:gift":5,"minecraft:acacia_planks":4,"minecraft:orange_terracotta":5,"minecraft:enchanted_golden_apple":1,"minecraft:iron_leggings":1,"minecraft:cooked_mutton":1,"tombstone:scroll_of_knowledge":2,"tombstone:scroll_of_reach":1,"minecraft:cherry_planks":14,"minecraft:crafting_table":7,"tombstone:tablet_of_home":2,"minecraft:smooth_red_sandstone_stairs":1,"minecraft:diamond_pickaxe":106,"minecraft:iron_pickaxe":291,"minecraft:jungle_stairs":1,"tombstone:magic_scroll":6,"minecraft:pink_petals":1,"minecraft:enchanted_book":4,"minecraft:cobblestone":77,"minecraft:splash_potion":1,"minecraft:chainmail_leggings":1},"minecraft:killed":{"undead_revamp2:thewolf":1,"luminousworld:miner_zombie":1,"vampirism:vampire":1,"minecraft:cave_spider":11,"minecraft:witch":1,"minecraft:spider":2,"undead_revamp2:thesmoker":1,"minecraft:skeleton":5,"artifacts:mimic":1,"undead_revamp2:slaveman":1,"minecraft:zombie":6,"minecraft:cow":7,"endermanoverhaul:flower_fields_enderman":1,"undead_revamp2:thehunter":8,"minecraft:phantom":4,"iceandfire:fire_dragon":1,"undead_revamp2:sucker":3,"minecraft:husk":11,"ancient_elements:aetherial_glaze":7,"undead_revamp2:the_moonflower":1,"minecraft:wither_skeleton":4},"minecraft:killed_by":{"minecraft:husk":1},"minecraft:mined":{"minecraft:dark_oak_planks":1,"minecraft:cherry_log":488,"minecraft:acacia_log":2,"minecraft:smooth_red_sandstone_stairs":1,"minecraft:stone_brick_wall":1,"minecraft:grass_block":1,"luminousworld:savanna_grass_2":2,"minecraft:spawner":28,"minecraft:magma_block":1,"minecraft:iron_ore":50,"minecraft:fire":1,"minecraft:anvil":1,"minecraft:enchanting_table":1,"minecraft:smooth_red_sandstone":7,"minecraft:pointed_dripstone":5,"minecraft:smooth_sandstone_stairs":1,"minecraft:spruce_wood":2,"minecraft:player_head":3,"minecraft:deepslate_redstone_ore":2,"minecraft:kelp_plant":1,"supplementaries:book_pile":1,"minecraft:orange_terracotta":5,"minecraft:torch":5,"minecraft:jungle_stairs":1,"minecraft:dark_oak_wood":7,"minecraft:mushroom_stem":5,"minecraft:glass":2,"minecraft:cobblestone":10,"minecraft:oak_planks":2,"botania:black_mystical_flower":1,"minecraft:crimson_stairs":1,"minecraft:wall_torch":8,"minecraft:pink_petals":90,"minecraft:light_blue_terracotta":1,"minecraft:warped_planks":8,"minecraft:black_bed":1,"minecraft:grass":49,"minecraft:sand":6,"minecraft:crimson_planks":4,"minecraft:red_mushroom_block":9,"luminousworld:savannah_grass_4":1,"minecraft:oak_leaves":6,"minecraft:deepslate":11,"minecraft:emerald_block":2,"luminousworld:savannah_ground":1,"minecraft:dark_prismarine":2,"minecraft:crying_obsidian":3,"minecraft:tuff":11,"minecraft:nether_bricks":2,"minecraft:purple_terracotta":3,"minecraft:redstone_wire":1,"minecraft:brown_mushroom_block":9,"minecraft:sandstone":6,"minecraft:crimson_stem":1,"minecraft:acacia_wood":1,"minecraft:andesite":2,"minecraft:diamond_block":9,"minecraft:gold_block":14,"minecraft:bookshelf":24,"minecraft:cobblestone_slab":2,"quark:cherry_ladder":1,"minecraft:stone":119,"farmersdelight:cooking_pot":1,"minecraft:smithing_table":1,"luminousworld:savannah_soil":5,"minecraft:acacia_leaves":3,"minecraft:cherry_planks":3,"minecraft:polished_granite":3,"minecraft:smooth_sandstone":30,"minecraft:crafting_table":2,"minecraft:emerald_ore":4,"minecraft:crimson_slab":2,"minecraft:rose_bush":1,"minecraft:lectern":15,"minecraft:tall_grass":10,"minecraft:smooth_red_sandstone_slab":1,"minecraft:blue_bed":3,"supplementaries:urn":2,"minecraft:purple_wool":6,"minecraft:black_stained_glass":1,"minecraft:coarse_dirt":4,"minecraft:cobblestone_wall":7,"minecraft:purple_concrete":3,"minecraft:coal_ore":17,"minecraft:mycelium":1,"minecraft:gravel":1,"minecraft:cyan_carpet":2,"minecraft:cobweb":111,"minecraft:stone_bricks":1}},"DataVersion":3465}