{"stats":{"minecraft:dropped":{"minecraft:iron_nugget":1,"minecraft:pointed_dripstone":2,"minecraft:rotten_flesh":1,"minecraft:gold_nugget":1,"vampirism:blood_bottle":1,"minecraft:sand":2,"patchouli:guide_book":1},"minecraft:picked_up":{"minecraft:pink_petals":189,"minecraft:stick":61,"minecraft:crafting_table":1,"minecraft:cherry_planks":3,"patchouli:guide_book":1,"minecraft:sand":6,"minecraft:cherry_log":271,"minecraft:pointed_dripstone":2,"minecraft:rotten_flesh":1,"minecraft:wheat_seeds":5,"minecraft:gold_nugget":1,"minecraft:cherry_sapling":145,"minecraft:iron_nugget":1},"minecraft:custom":{"minecraft:time_since_rest":14807,"lootr:looted_stat":1,"minecraft:sprint_one_cm":112186,"minecraft:damage_taken":750,"minecraft:walk_one_cm":88231,"minecraft:drop":9,"minecraft:interact_with_crafting_table":3,"minecraft:fly_one_cm":157445,"minecraft:crouch_one_cm":7,"minecraft:play_time":28221,"minecraft:deaths":1,"minecraft:sneak_time":15,"minecraft:walk_under_water_one_cm":982,"minecraft:jump":603,"minecraft:leave_game":2,"minecraft:time_since_death":16983,"minecraft:walk_on_water_one_cm":439,"minecraft:climb_one_cm":11891,"minecraft:total_world_time":28221,"minecraft:fall_one_cm":22726},"minecraft:crafted":{"minecraft:cherry_planks":256,"minecraft:crafting_table":1,"minecraft:stick":4,"minecraft:wooden_axe":9},"minecraft:used":{"minecraft:wooden_axe":303,"minecraft:cherry_planks":14,"minecraft:pink_petals":1,"minecraft:golden_apple":1,"minecraft:sand":4,"minecraft:crafting_table":2,"tombstone:gift":1},"minecraft:broken":{"minecraft:wooden_axe":4},"minecraft:mined":{"minecraft:pink_petals":81,"minecraft:cherry_planks":3,"minecraft:cherry_log":285,"minecraft:crafting_table":1,"minecraft:grass":38,"minecraft:pointed_dripstone":1,"minecraft:sand":6,"minecraft:tall_grass":3,"minecraft:oak_leaves":1}},"DataVersion":3465}