{"stats":{"minecraft:broken":{"minecraft:iron_shovel":17,"minecraft:iron_boots":1,"minecraft:iron_chestplate":1,"minecraft:iron_leggings":1,"minecraft:iron_sword":2,"minecraft:crossbow":1,"minecraft:iron_pickaxe":3,"minecraft:iron_helmet":1},"minecraft:dropped":{"minecraft:iron_sword":5,"minecraft:cooked_beef":9,"minecraft:diamond":1,"iceandfire:ectoplasm":1,"born_in_chaos_v1:pieceofdarkmetal":4,"minecraft:flint":1,"born_in_chaos_v1:monster_flesh":2,"born_in_chaos_v1:monster_skin":1,"evilcraft:broom":2,"minecraft:sunflower":1,"minecraft:sand":4,"minecraft:bone":11,"minecraft:gravel":2,"minecraft:stone_axe":1,"minecraft:cherry_stairs":1,"born_in_chaos_v1:ethereal_spirit":2,"farmersdelight:cabbage":1,"minecraft:rotten_flesh":8,"minecraft:oak_planks":11,"luminousworld:savannah_soil":5,"evilcraft:flesh_humanoid":1,"minecraft:chainmail_chestplate":1,"luminousworld:grassflowers":1,"supplementaries:ash":10,"born_in_chaos_v1:seedof_chaos":2,"minecraft:gunpowder":1,"born_in_chaos_v1:corpse_maggot":1,"minecraft:arrow":2,"minecraft:wheat_seeds":1,"farmersdelight:apple_pie":127,"minecraft:iron_helmet":1,"minecraft:cobblestone":8,"alexsmobs:rattlesnake_rattle":1,"minecraft:stick":6,"minecraft:golden_carrot":34,"minecraft:torch":1,"tombstone:grave_key":2,"luminousworld:savannah_ground":1,"minecraft:map":3,"tombstone:grave_dust":2,"minecraft:potion":1,"minecraft:iron_axe":1,"earthmobsmod:duck_egg":1,"minecraft:string":1,"minecraft:iron_shovel":2,"minecraft:paper":5,"minecraft:pink_petals":320,"minecraft:tripwire_hook":3,"artifacts:digging_claws":1,"minecraft:spruce_sapling":10,"minecraft:redstone":1,"minecraft:stone_sword":1,"supplementaries:bomb":4,"iceandfire:dragonbone_sword_ice":1,"sophisticatedbackpacks:backpack":1,"minecraft:name_tag":1,"alexsmobs:bear_fur":2,"minecraft:oak_button":2,"minecraft:iron_chestplate":2,"luminousworld:groundpebbles_1":1,"minecraft:mossy_stone_bricks":1,"artifacts:antidote_vessel":2,"minecraft:oak_sapling":5,"artifacts:pickaxe_heater":1,"minecraft:brown_bed":2,"tombstone:essence_of_undeath":2,"minecraft:spider_eye":1,"minecraft:bow":1,"minecraft:stone_pickaxe":1},"minecraft:mined":{"minecraft:dark_oak_planks":3,"minecraft:large_amethyst_bud":1,"minecraft:spruce_planks":2,"minecraft:cherry_log":227,"minecraft:sculk_vein":1,"minecraft:obsidian":14,"minecraft:granite":2,"minecraft:grass_block":3364,"placeablesmod:nametagblock":2,"luminousworld:savanna_grass_2":1,"minecraft:spawner":3,"minecraft:iron_ore":54,"minecraft:fire":21,"minecraft:anvil":1,"minecraft:nether_brick_stairs":1,"minecraft:brown_bed":3,"minecraft:dirt_path":2,"iceandfire:chared_cobblestone":7,"minecraft:orange_bed":1,"minecraft:brown_mushroom":2,"ecologics:pot":1,"minecraft:medium_amethyst_bud":2,"minecraft:amethyst_cluster":3,"born_in_chaos_v1:infected_deepslate_diamond_ore":1,"minecraft:mushroom_stem":7,"minecraft:cobblestone":46,"minecraft:oak_planks":2,"minecraft:amethyst_block":5,"minecraft:cherry_slab":2,"minecraft:pink_petals":495,"quark:cherry_bookshelf":1,"minecraft:stripped_oak_wood":4,"minecraft:black_bed":4,"minecraft:grass":170,"minecraft:oak_log":4,"minecraft:dirt":1361,"luminousworld:grassvariant_3":1,"minecraft:smooth_basalt":2,"minecraft:red_mushroom_block":3,"minecraft:stonecutter":1,"luminousworld:savannah_grass_4":1,"minecraft:oak_leaves":2,"minecraft:deepslate":39,"iceandfire:chared_stone":3,"luminousworld:savannah_ground":2,"minecraft:deepslate_diamond_ore":2,"enchantinginfuser:enchanting_infuser":1,"minecraft:glow_lichen":1,"born_in_chaos_v1:black_argillite":3,"minecraft:brown_mushroom_block":4,"minecraft:red_mushroom":1,"minecraft:hay_block":16,"minecraft:carrots":17,"minecraft:andesite":20,"evilcraft:dark_ore":2,"minecraft:bookshelf":23,"minecraft:potatoes":19,"minecraft:deepslate_iron_ore":6,"minecraft:packed_ice":11,"luminousworld:groundpebbles_2":1,"minecraft:bamboo":2,"minecraft:stone":633,"luminousworld:savannah_soil":10,"minecraft:cherry_planks":2,"quark:oak_chest":1,"minecraft:oak_fence":1,"farmersdelight:carrot_crate":1,"luminousworld:grassflowers":1,"minecraft:tall_grass":3,"minecraft:lapis_ore":1,"supplementaries:urn":7,"minecraft:ice":2,"minecraft:coal_ore":7,"luminousworld:ishstone":11,"minecraft:mycelium":1,"minecraft:sunflower":1,"minecraft:gravel":6,"minecraft:cobweb":13,"minecraft:stone_bricks":1,"minecraft:mossy_stone_bricks":1,"minecraft:gold_ore":1,"minecraft:fern":1},"minecraft:crafted":{"minecraft:oak_planks":32,"minecraft:cherry_slab":177,"minecraft:stone":231,"quark:cherry_chest":12,"minecraft:iron_boots":1,"minecraft:oak_button":1,"enchantinginfuser:enchanting_infuser":1,"minecraft:crafting_table":3,"minecraft:iron_helmet":2,"minecraft:stone_brick_stairs":8,"minecraft:iron_chestplate":1,"minecraft:diamond_pickaxe":1,"quark:oak_chest":1,"minecraft:stick":24,"minecraft:iron_pickaxe":2,"minecraft:cherry_planks":640,"minecraft:stone_brick_wall":48,"minecraft:furnace":2,"quark:cherry_bookshelf":19,"minecraft:cherry_trapdoor":114,"minecraft:iron_axe":1,"minecraft:enchanting_table":1,"minecraft:iron_sword":2,"minecraft:bucket":2,"minecraft:air":0,"minecraft:jungle_planks":4,"minecraft:iron_shovel":18,"minecraft:cherry_door":3},"minecraft:used":{"minecraft:cherry_sapling":6,"minecraft:iron_shovel":5303,"minecraft:iron_sword":503,"luminousworld:savannah_ground":2,"quark:cherry_chest":10,"minecraft:carrot":15,"minecraft:stone_bricks":2,"supplementaries:ash":1,"minecraft:furnace":2,"minecraft:stone_pickaxe":3,"minecraft:oak_planks":11,"iceandfire:dragonbone_sword_ice":48,"minecraft:golden_apple":1,"minecraft:crossbow":3,"minecraft:black_bed":4,"earthmobsmod:duck_egg":1,"minecraft:bread":10,"minecraft:gravel":4,"minecraft:air":1,"minecraft:oak_fence":2,"minecraft:stone_sword":18,"born_in_chaos_v1:black_argillite":3,"minecraft:orange_bed":1,"minecraft:dirt":102,"minecraft:anvil":1,"farmersdelight:carrot_crate":2,"quark:cherry_bookshelf":19,"minecraft:nether_brick_stairs":1,"minecraft:dark_oak_planks":1,"minecraft:iron_axe":309,"minecraft:cherry_slab":8,"undead_revamp2:huntereye":1,"minecraft:bamboo":16,"minecraft:golden_carrot":70,"luminousworld:savannah_soil":3,"tombstone:gift":9,"minecraft:cooked_beef":64,"minecraft:acacia_planks":6,"minecraft:cobbled_deepslate":35,"minecraft:cherry_log":10,"minecraft:brown_bed":2,"minecraft:water_bucket":16,"minecraft:cherry_planks":1,"minecraft:stonecutter":1,"minecraft:cracked_stone_bricks":1,"minecraft:crafting_table":3,"supplementaries:bomb":1,"tombstone:tablet_of_home":1,"minecraft:diamond_pickaxe":150,"minecraft:iron_pickaxe":749,"minecraft:stone_axe":30,"enchantinginfuser:enchanting_infuser":2,"minecraft:cobblestone":86,"minecraft:bucket":16,"minecraft:pumpkin_pie":2,"quark:oak_chest":2},"minecraft:custom":{"lootr:looted_stat":43,"minecraft:interact_with_crafting_table":57,"minecraft:eat_cake_slice":3,"minecraft:leave_game":2,"minecraft:time_since_death":23079,"minecraft:sprint_one_cm":700627,"minecraft:drop":130,"minecraft:play_time":372245,"minecraft:deaths":17,"minecraft:jump":4617,"minecraft:interact_with_brewingstand":1,"minecraft:walk_on_water_one_cm":7449,"minecraft:interact_with_furnace":30,"minecraft:sleep_in_bed":12,"minecraft:damage_dealt":21622,"minecraft:crouch_one_cm":14276,"tombstone:undead_killed":47,"minecraft:mob_kills":88,"minecraft:interact_with_anvil":3,"minecraft:damage_dealt_resisted":154,"minecraft:climb_one_cm":30483,"minecraft:walk_one_cm":1557991,"minecraft:sneak_time":5774,"minecraft:walk_under_water_one_cm":8343,"minecraft:interact_with_blast_furnace":5,"minecraft:total_world_time":372245,"tombstone:raider_killed":3,"minecraft:interact_with_stonecutter":7,"minecraft:time_since_rest":20680,"minecraft:damage_taken":18721,"minecraft:damage_absorbed":40,"minecraft:trigger_trapped_chest":1,"minecraft:swim_one_cm":4580,"minecraft:fly_one_cm":1109569,"minecraft:open_chest":182,"minecraft:fall_one_cm":96278},"minecraft:killed_by":{"undead_revamp2:sucker":1,"minecraft:zombie":2,"iceandfire:fire_dragon":1},"minecraft:killed":{"minecraft:cave_spider":3,"born_in_chaos_v1:restless_spirit":1,"born_in_chaos_v1:zombie_lumberjack":1,"minecraft:skeleton":7,"earthmobsmod:zombified_rabbit":1,"undead_revamp2:thespitter":1,"alexsmobs:grizzly_bear":1,"born_in_chaos_v1:dread_hound_not_despawn":1,"minecraft:creeper":1,"undead_revamp2:theordure":1,"minecraft:pillager":3,"luminousworld:savannah_skeleton":1,"enemyexpansion:meature":1,"minecraft:zombie":8,"born_in_chaos_v1:dread_hound":1,"born_in_chaos_v1:corpse_fly":1,"enemyexpansion:botfly":1,"alexsmobs:fly":3,"undead_revamp2:thehunter":9,"alexsmobs:tiger":1,"enemyexpansion:direwolf":3,"alexsmobs:rattlesnake":1,"born_in_chaos_v1:zombie_bruiser":1,"born_in_chaos_v1:maggot":1,"iceandfire:fire_dragon":1,"undead_revamp2:thehorrors":1,"undead_revamp2:sucker":3,"luminousworld:savannah_zombie":2,"earthmobsmod:albino_cow":1,"born_in_chaos_v1:fallen_chaos_knight":1,"earthmobsmod:bouldering_zombie":2,"born_in_chaos_v1:baby_skeleton":3,"born_in_chaos_v1:spirit_guide_assistant":2,"enemyexpansion:sprinter":1,"iceandfire:ghost":1,"born_in_chaos_v1:dark_vortex":1},"minecraft:picked_up":{"minecraft:iron_chestplate":2,"illagerinvasion:platinum_chunk":2,"minecraft:anvil":1,"minecraft:brown_bed":4,"minecraft:potion":2,"minecraft:enchanted_book":2,"minecraft:amethyst_block":5,"born_in_chaos_v1:black_argillite":3,"minecraft:string":16,"farmersdelight:apple_pie":63,"minecraft:gold_nugget":17,"minecraft:cobbled_deepslate":37,"earthmobsmod:duck_egg":2,"minecraft:mangrove_log":2,"minecraft:iron_boots":1,"minecraft:stick":63,"minecraft:oak_fence":2,"minecraft:torch":1,"luminousworld:savannah_soil":8,"minecraft:cherry_log":234,"tombstone:grave_dust":6,"quark:blossom_planks":20,"minecraft:orange_bed":1,"luminousworld:grassflowers":1,"minecraft:stone_sword":1,"minecraft:rotten_flesh":36,"luminousworld:yellow_grassflowers":1,"supplementaries:antique_ink":2,"supplementaries:ash":45,"minecraft:obsidian":14,"minecraft:cobblestone":663,"minecraft:pink_petals":2553,"luminousworld:savannah_ground":3,"minecraft:cooked_beef":11,"minecraft:cherry_planks":6,"minecraft:andesite":20,"minecraft:jungle_log":1,"minecraft:black_bed":4,"minecraft:potato":115,"alexsmobs:bear_fur":2,"minecraft:flint":1,"undead_revamp2:huntereye":2,"farmersdelight:carrot_crate":1,"artifacts:pickaxe_heater":1,"minecraft:lapis_lazuli":6,"minecraft:dirt":4777,"minecraft:name_tag":4,"born_in_chaos_v1:monster_skin":2,"minecraft:bone":20,"minecraft:acacia_planks":16,"minecraft:stonecutter":1,"minecraft:wheat_seeds":53,"artifacts:antidote_vessel":2,"minecraft:mossy_stone_bricks":1,"minecraft:bamboo":16,"minecraft:oak_planks":7,"earthmobsmod:harder_flesh":2,"iceandfire:dragon_skull_fire":1,"minecraft:sand":4,"minecraft:nether_brick_stairs":1,"iceandfire:chared_cobblestone":7,"minecraft:iron_hoe":1,"minecraft:diamond":5,"evilcraft:broom":1,"enchantinginfuser:enchanting_infuser":1,"alexsmobs:rattlesnake_rattle":1,"minecraft:crossbow":1,"minecraft:golden_apple":1,"minecraft:bread":40,"minecraft:emerald":7,"minecraft:chainmail_helmet":1,"minecraft:cherry_slab":2,"luminousworld:groundpebbles_1":11,"born_in_chaos_v1:seedof_chaos":3,"minecraft:brown_mushroom":10,"minecraft:iron_axe":1,"minecraft:iron_shovel":2,"supplementaries:bomb":2,"minecraft:cracked_stone_bricks":1,"minecraft:raw_iron":1,"iceandfire:dragonbone":10,"minecraft:cherry_stairs":1,"sophisticatedbackpacks:backpack":1,"born_in_chaos_v1:pieceofdarkmetal":8,"minecraft:carrot":123,"minecraft:redstone":1,"minecraft:dark_oak_planks":1,"minecraft:arrow":11,"minecraft:hay_block":16,"minecraft:gold_ingot":1,"minecraft:rail":4,"born_in_chaos_v1:fused_bone":1,"born_in_chaos_v1:corpse_maggot":2,"minecraft:golden_carrot":34,"born_in_chaos_v1:monster_flesh":2,"minecraft:tripwire_hook":3,"luminousworld:ishstone":14,"minecraft:leather":2,"minecraft:red_mushroom":8,"minecraft:oak_log":4,"minecraft:chainmail_chestplate":2,"minecraft:gunpowder":3,"botania:black_mystical_flower":3,"minecraft:stone_bricks":2,"minecraft:stone_pickaxe":1,"minecraft:iron_ingot":86,"minecraft:stripped_oak_wood":4,"minecraft:iron_sword":5,"minecraft:book":72,"iceandfire:chared_stone":3,"born_in_chaos_v1:ethereal_spirit":3,"minecraft:gravel":6,"born_in_chaos_v1:dark_rod":1,"minecraft:amethyst_shard":12,"minecraft:spruce_sapling":5,"quark:oak_chest":1,"minecraft:spider_eye":1,"minecraft:stone_axe":2,"evilcraft:dark_gem":4,"minecraft:iron_helmet":1,"minecraft:painting":1,"minecraft:cherry_sapling":168,"minecraft:oak_button":1,"minecraft:coal":4,"minecraft:sunflower":1}},"DataVersion":3465}