{"stats":{"minecraft:crafted":{"minecraft:smooth_stone":492,"minecraft:oak_planks":24,"minecraft:cherry_slab":18,"quark:cherry_ladder":8,"hangglider:hang_glider":1,"minecraft:cherry_boat":1,"minecraft:stone":537,"minecraft:diamond_shovel":1,"quark:cherry_chest":11,"minecraft:hopper":2,"minecraft:magenta_dye":1,"sophisticatedbackpacks:backpack":2,"enchantinginfuser:enchanting_infuser":1,"minecraft:crafting_table":2,"minecraft:copper_ingot":9,"enchantinginfuser:advanced_enchanting_infuser":1,"minecraft:lectern":2,"comforts:sleeping_bag_gray":1,"minecraft:diamond_pickaxe":1,"minecraft:yellow_dye":4,"minecraft:purple_dye":2,"minecraft:stick":16,"sophisticatedbackpacks:diamond_backpack":15,"minecraft:light_blue_dye":2,"minecraft:iron_ingot":13,"minecraft:iron_block":3,"minecraft:netherite_ingot":4,"ancient_elements:raw_aetherium":4,"minecraft:golden_carrot":8,"hangglider:glider_framework":1,"minecraft:cherry_planks":360,"minecraft:coal":117,"minecraft:smooth_stone_slab":6,"comforts:sleeping_bag_white":1,"minecraft:furnace":4,"hangglider:glider_wing":2,"quark:cherry_bookshelf":2,"alexscaves:cave_map":2,"minecraft:flint_and_steel":1,"minecraft:cherry_trapdoor":6,"minecraft:leather":31,"minecraft:cobblestone_wall":6,"sophisticatedbackpacks:iron_backpack":2,"minecraft:red_dye":3,"minecraft:enchanting_table":1,"sophisticatedbackpacks:gold_backpack":2,"minecraft:bucket":1,"minecraft:enchanted_book":3,"minecraft:air":0,"minecraft:blue_dye":1,"minecraft:white_dye":1,"minecraft:anvil":1,"minecraft:acacia_planks":18,"minecraft:torch":36},"minecraft:used":{"minecraft:cherry_sapling":4,"deeperdarker:heart_of_the_deep":1,"minecraft:iron_shovel":60,"minecraft:stone":2,"lootr:trophy":1,"minecraft:player_head":1,"minecraft:smooth_sandstone_stairs":1,"quark:cherry_chest":12,"minecraft:lily_of_the_valley":1,"minecraft:carrot":13,"minecraft:pink_terracotta":1,"enchantinginfuser:advanced_enchanting_infuser":1,"minecraft:obsidian":10,"minecraft:lava_bucket":2,"minecraft:netherite_hoe":194,"minecraft:dark_oak_wood":1,"minecraft:netherite_boots":2,"minecraft:bow":265,"minecraft:furnace":5,"minecraft:end_stone_bricks":2,"minecraft:diamond_boots":1,"minecraft:oak_planks":24,"minecraft:ender_pearl":2,"minecraft:sandstone":2,"minecraft:diamond_axe":987,"minecraft:golden_apple":10,"minecraft:netherite_helmet":1,"minecraft:black_bed":3,"minecraft:cyan_bed":1,"minecraft:brown_wool":1,"minecraft:lectern":68,"minecraft:soul_lantern":1,"minecraft:smithing_table":2,"minecraft:smooth_stone_slab":9,"minecraft:experience_bottle":41,"minecraft:cherry_boat":1,"minecraft:purpur_block":1,"minecraft:stripped_acacia_wood":4,"minecraft:netherite_sword":1565,"minecraft:flint_and_steel":1,"tombstone:scroll_of_frost_resistance":1,"minecraft:stripped_birch_wood":1,"minecraft:torch":28,"minecraft:dirt":701,"alexsmobs:maraca":15,"minecraft:anvil":1,"minecraft:hopper":2,"minecraft:cobblestone_wall":4,"minecraft:diamond_helmet":2,"quark:cherry_bookshelf":18,"quark:cherry_ladder":4,"minecraft:iron_axe":3,"minecraft:cherry_slab":6,"minecraft:smooth_sandstone":10,"minecraft:cherry_trapdoor":1,"alexscaves:spelunkery_table":1,"minecraft:golden_carrot":242,"minecraft:iron_trapdoor":2,"minecraft:magenta_terracotta":2,"minecraft:deepslate_tile_stairs":1,"tombstone:gift":4,"torchmaster:megatorch":3,"comforts:sleeping_bag_white":4,"minecraft:cobbled_deepslate":61,"minecraft:acacia_planks":13,"minecraft:cherry_log":1,"minecraft:enchanted_golden_apple":11,"minecraft:brown_bed":2,"minecraft:water_bucket":14,"minecraft:cherry_planks":60,"minecraft:deepslate_bricks":1,"minecraft:crafting_table":2,"tombstone:tablet_of_home":1,"minecraft:deepslate_tile_wall":1,"minecraft:diamond_pickaxe":1641,"minecraft:diamond_shovel":2192,"minecraft:spruce_trapdoor":1,"comforts:sleeping_bag_gray":1,"minecraft:pink_petals":6,"enchantinginfuser:enchanting_infuser":2,"minecraft:cobblestone":90,"minecraft:stripped_crimson_hyphae":1,"minecraft:bucket":17,"minecraft:smooth_stone":993,"minecraft:diamond_leggings":2,"minecraft:splash_potion":1},"minecraft:mined":{"quark:cherry_chest":1,"minecraft:sculk_vein":11,"minecraft:cherry_log":749,"minecraft:jungle_leaves":1,"minecraft:spruce_trapdoor":1,"minecraft:stripped_crimson_hyphae":1,"minecraft:deepslate_tile_wall":1,"minecraft:grass_block":835,"iceandfire:lectern":1,"minecraft:deepslate_bricks":3,"minecraft:coal_block":1,"minecraft:deepslate_tile_stairs":2,"minecraft:oxeye_daisy":1,"luminousworld:savanna_grass_2":1,"minecraft:spawner":54,"comforts:sleeping_bag_white":1,"minecraft:smooth_stone":514,"minecraft:weeping_vines_plant":1,"minecraft:cobbled_deepslate":1,"minecraft:fire":28,"minecraft:enchanting_table":4,"minecraft:brown_bed":2,"minecraft:sculk_shrieker":17,"minecraft:red_tulip":1,"minecraft:dirt_path":1,"minecraft:smooth_sandstone_stairs":1,"minecraft:blue_orchid":2,"minecraft:end_stone_bricks":2,"minecraft:iron_block":1,"minecraft:player_head":2,"minecraft:deepslate_redstone_ore":2,"ecologics:pot":1,"minecraft:torch":5,"minecraft:dark_oak_wood":1,"minecraft:glass":2,"minecraft:cobblestone":193,"minecraft:cyan_bed":1,"minecraft:oak_planks":4,"minecraft:wall_torch":13,"minecraft:cherry_slab":4,"minecraft:pink_petals":235,"minecraft:lilac":2,"minecraft:waxed_copper_block":1,"minecraft:tnt":3,"minecraft:lime_concrete":1,"minecraft:black_bed":3,"minecraft:purpur_block":1,"minecraft:smooth_stone_slab":6,"minecraft:grass":178,"minecraft:oak_log":6,"minecraft:dirt":1392,"luminousworld:grassvariant_3":3,"minecraft:crimson_planks":2,"minecraft:stripped_birch_wood":1,"minecraft:oak_leaves":2,"alexscaves:spelunkery_table":1,"minecraft:deepslate":91,"minecraft:emerald_block":2,"minecraft:crying_obsidian":1,"minecraft:tuff":5,"minecraft:deepslate_diamond_ore":1,"enchantinginfuser:enchanting_infuser":2,"torchmaster:megatorch":3,"minecraft:nether_bricks":2,"minecraft:allium":1,"minecraft:stripped_jungle_wood":3,"luminousworld:grassvariant_2":7,"minecraft:sandstone":6,"minecraft:crimson_stem":1,"minecraft:acacia_wood":8,"minecraft:diamond_block":9,"minecraft:gold_block":10,"minecraft:bookshelf":1,"minecraft:brain_coral_wall_fan":1,"minecraft:bamboo":2,"minecraft:stone":534,"iceandfire:podium_spruce":1,"ancient_elements:deepslate_lead_ore":1,"minecraft:pink_terracotta":1,"minecraft:smithing_table":1,"minecraft:acacia_leaves":4,"minecraft:glass_pane":2,"minecraft:cherry_planks":3,"minecraft:lily_of_the_valley":1,"minecraft:polished_granite":5,"minecraft:smooth_sandstone":22,"minecraft:cornflower":1,"minecraft:emerald_ore":2,"minecraft:rose_bush":5,"minecraft:lectern":68,"minecraft:tall_grass":10,"minecraft:sculk":192,"minecraft:gray_wool":3,"minecraft:coarse_dirt":1,"minecraft:cobblestone_wall":4,"minecraft:magenta_terracotta":2,"minecraft:mangrove_leaves":1,"minecraft:coal_ore":94,"minecraft:gravel":22,"minecraft:cherry_leaves":8,"minecraft:sunflower":2,"minecraft:cobweb":8,"minecraft:stripped_acacia_wood":4,"minecraft:iron_trapdoor":2,"minecraft:infested_stone":1},"minecraft:custom":{"lootr:looted_stat":145,"minecraft:interact_with_crafting_table":40,"minecraft:leave_game":5,"minecraft:time_since_death":584779,"minecraft:damage_resisted":1778,"minecraft:sprint_one_cm":1603099,"minecraft:drop":106,"minecraft:talked_to_villager":88,"minecraft:play_time":584779,"minecraft:jump":8635,"tombstone:kill_undead_boss":1,"minecraft:walk_on_water_one_cm":61300,"minecraft:enchant_item":6,"minecraft:interact_with_furnace":142,"minecraft:traded_with_villager":3,"minecraft:interact_with_loom":10,"minecraft:sleep_in_bed":15,"minecraft:waystone_activated":5,"minecraft:damage_dealt":156201,"minecraft:crouch_one_cm":47617,"tombstone:undead_killed":611,"tombstone:villager_killed":3,"minecraft:interact_with_smithing_table":2,"minecraft:interact_with_anvil":2,"minecraft:mob_kills":681,"minecraft:inspect_hopper":2,"minecraft:damage_dealt_resisted":2236,"minecraft:climb_one_cm":27143,"minecraft:walk_one_cm":1901010,"minecraft:sneak_time":15445,"minecraft:walk_under_water_one_cm":50871,"minecraft:boat_one_cm":61307,"minecraft:total_world_time":584779,"tombstone:raider_killed":4,"minecraft:tune_noteblock":30,"minecraft:time_since_rest":112682,"minecraft:damage_taken":37797,"minecraft:damage_absorbed":1648,"minecraft:swim_one_cm":28526,"minecraft:fly_one_cm":2275282,"minecraft:open_chest":194,"minecraft:fall_one_cm":349219},"minecraft:broken":{"minecraft:diamond_helmet":4,"minecraft:diamond_boots":1,"minecraft:diamond_chestplate":3,"minecraft:netherite_helmet":2,"minecraft:diamond_leggings":3,"minecraft:netherite_boots":3},"minecraft:picked_up":{"minecraft:iron_chestplate":1,"alexsmobs:maraca":2,"minecraft:chainmail_boots":3,"minecraft:iron_trapdoor":2,"minecraft:smithing_table":1,"minecraft:brown_bed":2,"alexscaves:music_disc_fusion":1,"minecraft:music_disc_cat":1,"minecraft:string":42,"minecraft:smooth_stone_slab":5,"twilightforest:music_disc_motion":1,"alexsmobs:blood_sac":1,"minecraft:cobbled_deepslate":85,"minecraft:gold_nugget":2,"minecraft:smooth_stone":513,"bosses_of_mass_destruction:soul_star":9,"comforts:sleeping_bag_white":4,"minecraft:rose_bush":5,"minecraft:deepslate_tile_wall":1,"endrem:wither_eye":1,"minecraft:enchanted_golden_apple":3,"minecraft:coal_block":13,"minecraft:iron_boots":2,"artifacts:universal_attractor":1,"minecraft:stick":284,"quark:cherry_chest":1,"minecraft:torch":23,"deeperdarker:heart_of_the_deep":3,"minecraft:porkchop":6,"minecraft:cherry_log":746,"tombstone:grave_dust":71,"minecraft:deepslate_tile_stairs":2,"minecraft:golden_chestplate":1,"minecraft:pink_terracotta":1,"quark:clear_shard":19,"minecraft:rotten_flesh":165,"minecraft:red_tulip":1,"minecraft:iron_block":1,"farmersdelight:rope":13,"supplementaries:ash":35,"minecraft:netherite_chestplate":1,"minecraft:stripped_birch_wood":1,"undead_revamp2:arapholia":1,"minecraft:cobblestone":695,"minecraft:enchanting_table":4,"minecraft:pink_petals":1098,"minecraft:feather":2,"minecraft:cherry_planks":3,"minecraft:brown_wool":1,"minecraft:black_bed":3,"minecraft:potato":1,"ancient_elements:raw_lead":2,"minecraft:flint":5,"minecraft:tuff":5,"minecraft:smooth_sandstone_stairs":1,"undead_revamp2:huntereye":2,"minecraft:wither_skeleton_skull":2,"minecraft:magenta_terracotta":2,"minecraft:dirt":2342,"minecraft:lantern":1,"tombstone:familiar_receptacle":1,"minecraft:bone":483,"minecraft:bow":1,"minecraft:wheat_seeds":41,"minecraft:dark_oak_sign":3,"minecraft:bamboo":14,"minecraft:oak_planks":4,"ancient_elements:aero_charge":65,"minecraft:stripped_acacia_wood":4,"earthmobsmod:harder_flesh":2,"torchmaster:megatorch":3,"minecraft:diamond_block":9,"minecraft:cyan_bed":1,"minecraft:lily_of_the_valley":2,"undead_revamp2:heavytooth":1,"minecraft:bundle":11,"minecraft:iron_hoe":4,"artifacts:crystal_heart":1,"minecraft:soul_lantern":1,"enchantinginfuser:enchanting_infuser":2,"minecraft:emerald":6,"minecraft:chainmail_helmet":4,"minecraft:cherry_slab":4,"minecraft:crimson_roots":1,"minecraft:nether_star":1,"minecraft:end_stone_bricks":2,"undead_revamp2:bostroxingot":2,"luminousworld:groundpebbles_1":4,"minecraft:coarse_dirt":1,"minecraft:allium":1,"iceandfire:witherbone":11,"minecraft:gold_block":10,"minecraft:purpur_block":1,"minecraft:cornflower":1,"minecraft:iron_axe":3,"minecraft:iron_shovel":1,"minecraft:blue_orchid":4,"deeperdarker:warden_carapace":2,"ancient_elements:aetherial_shard":25,"minecraft:netherite_sword":12,"minecraft:music_disc_otherside":1,"minecraft:beef":2,"minecraft:player_head":5,"minecraft:lectern":68,"supplementaries:cage":1,"minecraft:diamond_hoe":1,"minecraft:spruce_trapdoor":1,"minecraft:phantom_membrane":2,"minecraft:stripped_crimson_hyphae":1,"minecraft:sandstone":6,"minecraft:copper_ingot":5,"minecraft:cookie":5,"minecraft:redstone":10,"minecraft:purple_terracotta":1,"minecraft:tnt":3,"iceandfire:cyclops_eye":1,"minecraft:arrow":464,"minecraft:weeping_vines":1,"minecraft:beetroot_seeds":5,"minecraft:nether_bricks":2,"minecraft:peony":1,"minecraft:deepslate_bricks":3,"aether:music_disc_chinchilla":1,"alexscaves:spelunkery_table":1,"tombstone:essence_of_undeath":2,"minecraft:mutton":2,"quark:music_disc_wind":1,"minecraft:netherite_boots":1,"minecraft:golden_carrot":1,"minecraft:crimson_stem":1,"minecraft:leather":3,"minecraft:acacia_wood":8,"minecraft:oak_log":6,"minecraft:waxed_copper_block":1,"minecraft:cobblestone_wall":4,"alexsmobs:mosquito_proboscis":1,"alexsmobs:music_disc_thime":1,"botania:black_mystical_flower":1,"minecraft:spawner":1,"minecraft:smooth_sandstone":20,"cataclysm:music_disc_ender_guardian":1,"mowziesmobs:umvuthana_mask_rage":1,"minecraft:kelp":1,"minecraft:iron_ingot":1,"comforts:sleeping_bag_gray":1,"tombstone:bag_of_seeds":9,"minecraft:iron_sword":1,"minecraft:acacia_sapling":1,"mowziesmobs:umvuthana_mask_misery":2,"sophisticatedbackpacks:diamond_backpack":4,"minecraft:book":3,"minecraft:sculk_catalyst":1,"minecraft:emerald_block":2,"minecraft:lime_concrete":1,"minecraft:gravel":16,"minecraft:crying_obsidian":3,"minecraft:spider_eye":10,"minecraft:slime_ball":1,"minecraft:iron_helmet":1,"minecraft:stripped_jungle_wood":3,"minecraft:diamond_axe":1,"minecraft:cherry_sapling":494,"minecraft:gray_wool":3,"minecraft:baked_potato":9,"tombstone:magic_scroll":16,"minecraft:pink_dye":2,"minecraft:netherite_hoe":1,"minecraft:coal":187,"minecraft:dark_oak_wood":1,"minecraft:sunflower":2},"minecraft:dropped":{"minecraft:cookie":5,"artifacts:universal_attractor":1,"minecraft:emerald":1,"minecraft:dirt":64,"minecraft:yellow_dye":1,"minecraft:mutton":2,"minecraft:crimson_roots":1,"minecraft:netherite_boots":1,"minecraft:amethyst_shard":2,"minecraft:bone":21,"undead_revamp2:huntereye":1,"minecraft:cobbled_deepslate":4,"minecraft:netherite_sword":1,"minecraft:rotten_flesh":19,"deeperdarker:heart_of_the_deep":2,"sophisticatedbackpacks:diamond_backpack":4,"supplementaries:ash":1,"minecraft:acacia_sapling":1,"farmersdelight:rope":13,"minecraft:arrow":95,"minecraft:crying_obsidian":3,"minecraft:wheat_seeds":7,"evilcraft:condensed_blood":6,"minecraft:diamond_leggings":1,"minecraft:cobblestone":5,"minecraft:copper_ingot":3,"minecraft:golden_carrot":2,"minecraft:torch":5,"minecraft:cherry_planks":2,"minecraft:diamond_helmet":2,"minecraft:string":3,"minecraft:pink_petals":82,"minecraft:kelp":1,"minecraft:player_head":1,"minecraft:netherite_ingot":1,"minecraft:coarse_dirt":1,"minecraft:dark_oak_sign":3,"minecraft:diamond_hoe":1,"iceandfire:witherbone":1,"minecraft:wither_skeleton_skull":2,"minecraft:iron_hoe":1,"portablemobs:basic_capture_cell":2,"minecraft:diamond_chestplate":1,"mowziesmobs:umvuthana_mask_misery":1,"minecraft:bundle":1,"luminousworld:groundpebbles_1":3,"minecraft:spider_eye":4,"minecraft:diamond_boots":1,"minecraft:bow":2,"tombstone:tablet_of_cupidity":1},"minecraft:killed":{"undead_revamp2:thewolf":1,"minecraft:cave_spider":1,"minecraft:spider":6,"minecraft:zombie_horse":4,"minecraft:wither":1,"undead_revamp2:theswarmer":1,"minecraft:skeleton":420,"minecraft:bee":2,"alexsmobs:capuchin_monkey":1,"minecraft:silverfish":1,"undead_revamp2:therod":1,"undead_revamp2:thespitter":1,"luminousworld:hollow":11,"undead_revamp2:theheavy":1,"undead_revamp2:thebeartamer":4,"alexsmobs:crimson_mosquito":2,"minecraft:sheep":1,"minecraft:zombie":61,"creeperoverhaul:desert_creeper":1,"minecraft:cow":1,"undead_revamp2:thehunter":10,"undead_revamp2:theimmortal":1,"alexsmobs:tiger":2,"undead_revamp2:bomber":3,"minecraft:phantom":4,"iceandfire:fire_dragon":2,"undead_revamp2:thebidy":1,"minecraft:warden":1,"undead_revamp2:sucker":4,"minecraft:husk":39,"earthmobsmod:bouldering_zombie":4,"ancient_elements:aetherial_glaze":33,"undead_revamp2:the_moonflower":15,"mowziesmobs:umvuthana_follower_raptor":1,"undead_revamp2:thesomnolence":1,"minecraft:wither_skeleton":24,"minecraft:villager":3}},"DataVersion":3465}