{"stats":{"minecraft:dropped":{"minecraft:iron_nugget":1,"minecraft:cobbled_deepslate":11,"vampirism:holy_water_bottle_ultimate":1,"minecraft:pointed_dripstone":2,"vampirism:holy_water_bottle_enhanced":1,"minecraft:rotten_flesh":1,"vampirism:blood_bottle":1,"vampirism:heart_striker_enhanced":1,"patchouli:guide_book":1,"minecraft:red_mushroom":2,"artifacts:night_vision_goggles":1,"minecraft:dirt":1,"supplementaries:ash":7,"vampirism:vampire_fang":1,"minecraft:stone_button":1,"evilcraft:broom":1,"minecraft:gold_nugget":1,"minecraft:sand":2},"minecraft:picked_up":{"minecraft:pink_petals":212,"minecraft:crafting_table":1,"minecraft:iron_chestplate":1,"luminousworld:savannah_ground":1,"artifacts:night_vision_goggles":1,"minecraft:cherry_planks":3,"minecraft:anvil":1,"minecraft:andesite":1,"minecraft:brown_mushroom":1,"artifacts:bunny_hoppers":1,"minecraft:red_mushroom":4,"vampirism:heart_striker_enhanced":1,"minecraft:tuff":11,"minecraft:cobblestone_wall":8,"minecraft:dirt":1,"minecraft:string":133,"minecraft:iron_axe":1,"minecraft:iron_leggings":1,"minecraft:iron_shovel":1,"farmersdelight:cooking_pot":1,"minecraft:wheat_seeds":5,"minecraft:gold_nugget":1,"minecraft:cobbled_deepslate":11,"minecraft:cobweb":1,"minecraft:cobblestone_slab":2,"minecraft:iron_nugget":1,"minecraft:iron_pickaxe":2,"sophisticatedbackpacks:netherite_backpack":1,"minecraft:iron_sword":2,"ancient_elements:aero_charge":10,"minecraft:iron_boots":1,"minecraft:stick":149,"minecraft:raw_iron":50,"patchouli:guide_book":1,"minecraft:torch":12,"minecraft:gravel":1,"luminousworld:savannah_soil":2,"minecraft:sand":6,"minecraft:stone_button":1,"minecraft:cherry_log":461,"minecraft:pointed_dripstone":2,"minecraft:redstone":9,"minecraft:spider_eye":2,"minecraft:rotten_flesh":1,"minecraft:chainmail_leggings":1,"evilcraft:broom":1,"minecraft:iron_helmet":1,"minecraft:cherry_sapling":282,"minecraft:emerald":4,"supplementaries:ash":15,"minecraft:coal":22,"minecraft:cobblestone":83},"minecraft:custom":{"minecraft:interact_with_smithing_table":1,"lootr:looted_stat":20,"minecraft:interact_with_anvil":1,"minecraft:mob_kills":16,"minecraft:interact_with_crafting_table":4,"minecraft:leave_game":2,"minecraft:time_since_death":72813,"minecraft:climb_one_cm":41531,"minecraft:time_since_rest":70637,"minecraft:sprint_one_cm":272162,"minecraft:damage_absorbed":60,"minecraft:damage_taken":4013,"minecraft:walk_one_cm":264806,"minecraft:drop":26,"minecraft:damage_dealt":3640,"tombstone:cast_on_ally":2,"minecraft:fly_one_cm":238809,"minecraft:open_chest":4,"tombstone:undead_killed":1,"minecraft:crouch_one_cm":421,"minecraft:play_time":84051,"minecraft:deaths":1,"minecraft:sneak_time":286,"minecraft:walk_under_water_one_cm":982,"minecraft:jump":2303,"minecraft:walk_on_water_one_cm":2867,"minecraft:total_world_time":84051,"minecraft:fall_one_cm":39460},"minecraft:crafted":{"minecraft:cherry_planks":264,"minecraft:crafting_table":1,"quark:cherry_chest":2,"minecraft:pink_dye":11,"minecraft:stick":20,"minecraft:wooden_axe":9,"sophisticatedbackpacks:netherite_backpack":5,"minecraft:torch":8},"minecraft:killed":{"minecraft:cave_spider":9,"ancient_elements:aetherial_glaze":4,"minecraft:spider":1,"undead_revamp2:thesmoker":1,"artifacts:mimic":1},"minecraft:used":{"tombstone:scroll_of_reach":1,"minecraft:iron_shovel":4,"vampirism:heart_striker_enhanced":13,"minecraft:cherry_planks":14,"minecraft:iron_sword":149,"luminousworld:savannah_ground":1,"minecraft:iron_chestplate":1,"minecraft:golden_apple":3,"minecraft:torch":27,"quark:cherry_chest":2,"minecraft:sand":4,"minecraft:crafting_table":2,"minecraft:wooden_axe":522,"minecraft:iron_axe":25,"minecraft:iron_pickaxe":199,"minecraft:iron_boots":1,"minecraft:pink_petals":1,"minecraft:cobblestone":58,"minecraft:golden_carrot":41,"luminousworld:savannah_soil":2,"farmersdelight:cooking_pot":1,"minecraft:andesite":1,"tombstone:gift":2,"minecraft:iron_leggings":1,"minecraft:chainmail_leggings":1},"minecraft:broken":{"minecraft:iron_sword":1,"minecraft:wooden_axe":8},"minecraft:mined":{"farmersdelight:cooking_pot":1,"minecraft:deepslate_redstone_ore":2,"luminousworld:savannah_soil":2,"minecraft:tuff":11,"minecraft:cherry_planks":3,"minecraft:cherry_log":488,"minecraft:crafting_table":1,"minecraft:torch":4,"minecraft:emerald_ore":4,"minecraft:grass_block":1,"minecraft:mushroom_stem":2,"minecraft:tall_grass":3,"minecraft:cobblestone":7,"minecraft:wall_torch":8,"luminousworld:savanna_grass_2":1,"supplementaries:urn":2,"minecraft:pink_petals":89,"minecraft:cobblestone_wall":4,"minecraft:iron_ore":49,"minecraft:andesite":2,"minecraft:anvil":1,"minecraft:grass":39,"minecraft:pointed_dripstone":1,"minecraft:coal_ore":17,"minecraft:mycelium":1,"minecraft:cobblestone_slab":2,"minecraft:gravel":1,"minecraft:sand":6,"minecraft:cobweb":111,"minecraft:red_mushroom_block":4,"minecraft:stone":79,"minecraft:oak_leaves":5,"minecraft:deepslate":11,"luminousworld:savannah_ground":1}},"DataVersion":3465}