{"stats":{"minecraft:killed":{"minecraft:cave_spider":3,"undead_revamp2:thehunter":2,"born_in_chaos_v1:restless_spirit":1,"alexsmobs:rattlesnake":1,"luminousworld:savannah_zombie":2,"born_in_chaos_v1:baby_skeleton":1,"born_in_chaos_v1:spirit_guide_assistant":2,"enemyexpansion:sprinter":1,"born_in_chaos_v1:dread_hound_not_despawn":1,"undead_revamp2:theordure":1,"luminousworld:savannah_skeleton":1,"enemyexpansion:meature":1,"minecraft:zombie":2,"iceandfire:ghost":1,"born_in_chaos_v1:dread_hound":1},"minecraft:used":{"minecraft:stone_sword":18,"minecraft:iron_sword":192,"luminousworld:savannah_ground":2,"minecraft:orange_bed":1,"farmersdelight:carrot_crate":2,"minecraft:iron_axe":3,"minecraft:stone_bricks":2,"supplementaries:ash":1,"tombstone:gift":6,"minecraft:cooked_beef":49,"minecraft:cobbled_deepslate":9,"minecraft:acacia_planks":6,"minecraft:stone_pickaxe":3,"minecraft:oak_planks":6,"minecraft:crafting_table":2,"minecraft:iron_pickaxe":157,"minecraft:stone_axe":30},"minecraft:crafted":{"minecraft:oak_planks":16,"minecraft:iron_boots":1,"minecraft:oak_button":1,"minecraft:crafting_table":2,"minecraft:iron_helmet":2,"minecraft:iron_sword":1,"minecraft:iron_chestplate":1},"minecraft:picked_up":{"luminousworld:groundpebbles_1":1,"minecraft:anvil":1,"minecraft:brown_mushroom":2,"minecraft:brown_bed":1,"minecraft:enchanted_book":2,"minecraft:string":15,"farmersdelight:apple_pie":63,"minecraft:iron_shovel":1,"minecraft:gold_nugget":17,"minecraft:cobbled_deepslate":9,"minecraft:stick":9,"minecraft:raw_iron":1,"iceandfire:dragonbone":10,"minecraft:oak_fence":2,"minecraft:torch":1,"luminousworld:savannah_soil":7,"sophisticatedbackpacks:backpack":1,"minecraft:carrot":123,"minecraft:redstone":1,"quark:blossom_planks":20,"minecraft:orange_bed":1,"minecraft:arrow":1,"luminousworld:grassflowers":1,"minecraft:stone_sword":1,"minecraft:rotten_flesh":9,"supplementaries:antique_ink":2,"minecraft:hay_block":16,"supplementaries:ash":16,"minecraft:rail":1,"minecraft:cobblestone":110,"luminousworld:savannah_ground":3,"born_in_chaos_v1:monster_flesh":2,"minecraft:black_bed":1,"minecraft:red_mushroom":7,"minecraft:potato":115,"minecraft:flint":1,"minecraft:chainmail_chestplate":2,"minecraft:gunpowder":1,"farmersdelight:carrot_crate":1,"artifacts:pickaxe_heater":1,"born_in_chaos_v1:monster_skin":2,"minecraft:bone":3,"minecraft:acacia_planks":16,"minecraft:stone_bricks":2,"minecraft:stonecutter":1,"minecraft:wheat_seeds":1,"minecraft:stone_pickaxe":1,"minecraft:iron_ingot":11,"minecraft:stripped_oak_wood":4,"minecraft:mossy_stone_bricks":1,"minecraft:bamboo":11,"minecraft:iron_sword":4,"minecraft:oak_planks":2,"minecraft:book":69,"born_in_chaos_v1:ethereal_spirit":2,"minecraft:gravel":6,"iceandfire:dragon_skull_fire":1,"minecraft:sand":4,"minecraft:spruce_sapling":5,"minecraft:spider_eye":1,"minecraft:iron_hoe":1,"minecraft:diamond":5,"minecraft:stone_axe":2,"evilcraft:broom":1,"alexsmobs:rattlesnake_rattle":1,"minecraft:golden_apple":1,"minecraft:emerald":4,"minecraft:bread":40,"minecraft:oak_button":1},"minecraft:mined":{"minecraft:spruce_planks":2,"minecraft:deepslate_diamond_ore":2,"minecraft:sculk_vein":1,"minecraft:brown_mushroom_block":3,"minecraft:red_mushroom":1,"minecraft:hay_block":16,"minecraft:carrots":17,"minecraft:iron_ore":12,"minecraft:fire":21,"minecraft:anvil":1,"minecraft:brown_bed":1,"minecraft:bookshelf":23,"minecraft:potatoes":19,"minecraft:bamboo":1,"minecraft:stone":110,"minecraft:orange_bed":1,"luminousworld:savannah_soil":7,"minecraft:brown_mushroom":2,"ecologics:pot":1,"minecraft:oak_fence":1,"born_in_chaos_v1:infected_deepslate_diamond_ore":1,"minecraft:mushroom_stem":5,"farmersdelight:carrot_crate":1,"luminousworld:grassflowers":1,"minecraft:tall_grass":2,"minecraft:cobblestone":1,"minecraft:oak_planks":2,"supplementaries:urn":4,"minecraft:stripped_oak_wood":4,"minecraft:black_bed":1,"minecraft:grass":6,"minecraft:gravel":6,"luminousworld:grassvariant_3":1,"minecraft:cobweb":12,"minecraft:stonecutter":1,"minecraft:red_mushroom_block":3,"minecraft:stone_bricks":1,"minecraft:mossy_stone_bricks":1,"minecraft:deepslate":12,"minecraft:fern":1,"luminousworld:savannah_ground":2},"minecraft:dropped":{"minecraft:iron_sword":4,"minecraft:wheat_seeds":1,"farmersdelight:apple_pie":127,"minecraft:diamond":1,"minecraft:iron_helmet":1,"alexsmobs:rattlesnake_rattle":1,"iceandfire:ectoplasm":1,"minecraft:stick":4,"born_in_chaos_v1:monster_flesh":2,"minecraft:torch":1,"born_in_chaos_v1:monster_skin":1,"evilcraft:broom":1,"luminousworld:savannah_ground":1,"minecraft:map":3,"minecraft:sand":4,"minecraft:iron_shovel":1,"minecraft:paper":5,"minecraft:string":1,"artifacts:digging_claws":1,"minecraft:spruce_sapling":5,"minecraft:redstone":1,"minecraft:bone":1,"minecraft:stone_axe":1,"minecraft:stone_sword":1,"born_in_chaos_v1:ethereal_spirit":2,"farmersdelight:cabbage":1,"minecraft:rotten_flesh":3,"minecraft:oak_planks":11,"sophisticatedbackpacks:backpack":1,"evilcraft:flesh_humanoid":1,"minecraft:chainmail_chestplate":1,"supplementaries:ash":8,"luminousworld:grassflowers":1,"minecraft:oak_button":2,"minecraft:gunpowder":1,"luminousworld:groundpebbles_1":1,"minecraft:mossy_stone_bricks":1,"artifacts:pickaxe_heater":1,"minecraft:spider_eye":1,"minecraft:bow":1,"minecraft:arrow":2,"minecraft:stone_pickaxe":1},"minecraft:custom":{"lootr:looted_stat":29,"minecraft:mob_kills":22,"minecraft:interact_with_anvil":1,"minecraft:interact_with_crafting_table":5,"minecraft:damage_dealt_resisted":48,"minecraft:leave_game":1,"minecraft:time_since_death":9824,"minecraft:climb_one_cm":13859,"minecraft:sprint_one_cm":209100,"minecraft:walk_one_cm":349542,"minecraft:drop":55,"minecraft:play_time":93377,"minecraft:deaths":1,"minecraft:sneak_time":2199,"minecraft:walk_under_water_one_cm":3257,"minecraft:jump":1230,"minecraft:interact_with_brewingstand":1,"minecraft:interact_with_blast_furnace":4,"minecraft:walk_on_water_one_cm":2651,"minecraft:total_world_time":93377,"minecraft:interact_with_furnace":3,"minecraft:sleep_in_bed":1,"minecraft:time_since_rest":9832,"minecraft:damage_taken":5723,"minecraft:trigger_trapped_chest":1,"minecraft:damage_dealt":5253,"minecraft:swim_one_cm":4580,"minecraft:fly_one_cm":194293,"minecraft:open_chest":1,"minecraft:crouch_one_cm":8665,"tombstone:undead_killed":14,"minecraft:fall_one_cm":30764}},"DataVersion":3465}