{"stats":{"minecraft:dropped":{"minecraft:brown_mushroom":10,"botania:yellow_mystical_flower":4,"vampirism:armor_of_swiftness_feet_ultimate":2,"minecraft:wheat_seeds":7,"minecraft:cooked_beef":50,"born_in_chaos_v1:fire_dust":1,"minecraft:birch_sapling":8,"minecraft:rotten_flesh":3,"minecraft:oak_planks":1,"iceandfire:dragon_skull_ice":1,"vampirism:hunter_coat_feet_ultimate":1,"minecraft:stick":6,"minecraft:dirt":5,"luminousworld:grassflowers":3,"minecraft:dark_oak_log":1,"minecraft:dark_oak_fence":1,"minecraft:spruce_planks":15,"tombstone:grave_key":1,"luminousworld:groundpebbles_1":3,"minecraft:beetroot_seeds":1,"minecraft:oak_sapling":4,"tombstone:grave_dust":1,"quark:smithing_template_rune":1,"minecraft:sand":3,"ecologics:seashell":1,"artifacts:rooted_boots":1,"minecraft:dark_oak_planks":1,"minecraft:spruce_sapling":1,"iceandfire:dragonbone":17},"minecraft:killed":{"born_in_chaos_v1:zombie_lumberjack":1,"minecraft:spider":1,"enemyexpansion:direwolf":1,"born_in_chaos_v1:zombie_bruiser":1,"born_in_chaos_v1:firelight_not_despawn":1,"enemyexpansion:wasp":1},"minecraft:custom":{"minecraft:interact_with_furnace":2,"lootr:looted_stat":5,"minecraft:mob_kills":6,"minecraft:interact_with_crafting_table":5,"tombstone:exorcism":1,"minecraft:time_since_death":35182,"minecraft:sleep_in_bed":5,"minecraft:climb_one_cm":6652,"minecraft:time_since_rest":18445,"minecraft:damage_absorbed":40,"minecraft:sprint_one_cm":290845,"minecraft:damage_taken":3674,"minecraft:walk_one_cm":219589,"minecraft:drop":63,"minecraft:damage_dealt":1727,"tombstone:cast_on_ally":0,"minecraft:swim_one_cm":62455,"minecraft:fly_one_cm":432203,"minecraft:crouch_one_cm":5646,"minecraft:play_time":84129,"tombstone:undead_killed":2,"minecraft:deaths":4,"minecraft:sneak_time":1422,"minecraft:walk_under_water_one_cm":14402,"minecraft:boat_one_cm":153276,"minecraft:interact_with_brewingstand":1,"minecraft:jump":1670,"minecraft:walk_on_water_one_cm":41459,"minecraft:total_world_time":84129,"minecraft:fall_one_cm":41113},"minecraft:crafted":{"minecraft:crafting_table":2,"minecraft:spruce_planks":24,"minecraft:birch_planks":8,"luminousworld:white_oak_plank":44,"minecraft:spruce_boat":1},"minecraft:picked_up":{"minecraft:birch_log":41,"minecraft:mud":2,"luminousworld:groundpebbles_1":8,"minecraft:iron_chestplate":1,"minecraft:cooked_beef":121,"vampirism:item_tent":1,"minecraft:clay_ball":16,"minecraft:brown_mushroom":17,"ecologics:seashell":1,"minecraft:oak_log":68,"minecraft:dirt":3,"minecraft:iron_axe":1,"minecraft:iron_leggings":1,"minecraft:iron_shovel":1,"minecraft:apple":7,"minecraft:wheat_seeds":12,"minecraft:iron_ingot":6,"minecraft:iron_pickaxe":1,"luminousworld:white_oak_plank":2,"sophisticatedbackpacks:netherite_backpack":1,"minecraft:iron_sword":1,"minecraft:birch_sapling":8,"minecraft:oak_planks":2,"vampirism:armor_of_swiftness_feet_ultimate":1,"minecraft:iron_boots":1,"tombstone:ankh_of_pray":1,"minecraft:stick":30,"iceandfire:dragonbone":17,"minecraft:green_bed":2,"minecraft:copper_ingot":3,"botania:yellow_mystical_flower":4,"minecraft:sand":3,"minecraft:spruce_sapling":1,"tombstone:grave_dust":1,"minecraft:spruce_log":6,"minecraft:dark_oak_log":1,"luminousworld:whiteoaklog":23,"minecraft:dark_oak_planks":1,"iceandfire:dragon_skull_ice":1,"luminousworld:white_oak_sapling":3,"luminousworld:grassflowers":3,"born_in_chaos_v1:fire_dust":1,"minecraft:rotten_flesh":3,"minecraft:beetroot_seeds":1,"minecraft:iron_helmet":1,"minecraft:oak_sapling":40,"minecraft:dark_oak_fence":1},"minecraft:used":{"tombstone:scroll_of_knowledge":1,"minecraft:birch_planks":8,"minecraft:oak_planks":1,"luminousworld:white_oak_plank":36,"minecraft:iron_sword":30,"minecraft:green_bed":2,"minecraft:golden_apple":1,"minecraft:dirt":14,"minecraft:crafting_table":2,"minecraft:spruce_boat":1,"minecraft:mud":2,"vampirism:item_tent":1,"minecraft:iron_axe":159,"tombstone:gift":1,"alexsmobs:animal_dictionary":1,"minecraft:cooked_beef":23},"minecraft:killed_by":{"iceandfire:stymphalian_bird":1},"minecraft:mined":{"minecraft:dark_oak_planks":1,"minecraft:dark_oak_leaves":2,"vampirism:tent_main":1,"minecraft:clay":4,"minecraft:dark_oak_fence":1,"minecraft:grass_block":2,"luminousworld:grassvariant_2":1,"minecraft:spruce_leaves":2,"luminousworld:white_oak_plank":2,"luminousworld:whiteoaklog":24,"farmersdelight:wild_beetroots":1,"naturalist:duckweed":2,"ecologics:seashell":1,"minecraft:mud":2,"minecraft:birch_log":40,"minecraft:fire":1,"minecraft:spruce_log":6,"vampirism:tent":1,"minecraft:grass":2,"minecraft:oak_log":68,"minecraft:sand":6,"minecraft:dirt":1,"minecraft:packed_ice":1,"luminousworld:grassvariant_3":1,"minecraft:oak_leaves":7,"minecraft:green_bed":3}},"DataVersion":3465}