{"stats":{"minecraft:crafted":{"hangglider:glider_framework":1,"minecraft:cherry_planks":272,"minecraft:coal":9,"comforts:sleeping_bag_white":1,"hangglider:hang_glider":1,"minecraft:cherry_boat":1,"minecraft:diamond_shovel":1,"hangglider:glider_wing":2,"quark:cherry_chest":2,"minecraft:leather":31,"minecraft:magenta_dye":1,"sophisticatedbackpacks:iron_backpack":2,"minecraft:red_dye":3,"sophisticatedbackpacks:backpack":2,"enchantinginfuser:enchanting_infuser":1,"minecraft:crafting_table":1,"minecraft:enchanting_table":1,"sophisticatedbackpacks:gold_backpack":2,"minecraft:air":0,"minecraft:blue_dye":1,"minecraft:purple_dye":2,"minecraft:yellow_dye":4,"minecraft:white_dye":1,"sophisticatedbackpacks:diamond_backpack":15,"minecraft:light_blue_dye":2,"minecraft:iron_ingot":13,"minecraft:acacia_planks":18,"ancient_elements:raw_aetherium":4,"minecraft:torch":36},"minecraft:used":{"minecraft:cherry_boat":1,"minecraft:cherry_sapling":4,"minecraft:netherite_sword":654,"minecraft:iron_shovel":60,"tombstone:scroll_of_frost_resistance":1,"minecraft:stripped_birch_wood":1,"minecraft:player_head":1,"minecraft:smooth_sandstone_stairs":1,"minecraft:torch":5,"minecraft:dirt":99,"quark:cherry_chest":4,"alexsmobs:maraca":15,"minecraft:lily_of_the_valley":1,"minecraft:diamond_helmet":1,"minecraft:pink_terracotta":1,"quark:cherry_bookshelf":18,"minecraft:iron_axe":3,"minecraft:smooth_sandstone":10,"minecraft:dark_oak_wood":1,"minecraft:netherite_boots":1,"minecraft:magenta_terracotta":2,"minecraft:golden_carrot":122,"minecraft:bow":163,"minecraft:furnace":1,"tombstone:gift":2,"comforts:sleeping_bag_white":4,"torchmaster:megatorch":1,"minecraft:acacia_planks":13,"minecraft:cherry_log":1,"minecraft:enchanted_golden_apple":1,"minecraft:water_bucket":2,"minecraft:end_stone_bricks":2,"minecraft:ender_pearl":2,"minecraft:sandstone":2,"minecraft:cherry_planks":55,"minecraft:diamond_axe":695,"minecraft:golden_apple":1,"minecraft:crafting_table":1,"minecraft:netherite_helmet":1,"minecraft:black_bed":2,"minecraft:diamond_pickaxe":191,"minecraft:diamond_shovel":551,"minecraft:cyan_bed":1,"minecraft:brown_wool":1,"minecraft:soul_lantern":1,"minecraft:pink_petals":6,"enchantinginfuser:enchanting_infuser":2,"minecraft:cobblestone":69,"minecraft:stripped_crimson_hyphae":1,"minecraft:bucket":1,"minecraft:purpur_block":1,"minecraft:stripped_acacia_wood":4,"minecraft:splash_potion":1,"minecraft:diamond_leggings":2,"minecraft:experience_bottle":1},"minecraft:mined":{"minecraft:crying_obsidian":1,"enchantinginfuser:enchanting_infuser":1,"minecraft:cherry_log":615,"minecraft:jungle_leaves":1,"torchmaster:megatorch":1,"minecraft:nether_bricks":2,"minecraft:stripped_crimson_hyphae":1,"minecraft:allium":1,"minecraft:grass_block":187,"luminousworld:grassvariant_2":1,"minecraft:coal_block":1,"minecraft:oxeye_daisy":1,"minecraft:sandstone":6,"luminousworld:savanna_grass_2":1,"minecraft:crimson_stem":1,"minecraft:spawner":51,"comforts:sleeping_bag_white":1,"minecraft:weeping_vines_plant":1,"minecraft:fire":14,"minecraft:acacia_wood":8,"minecraft:diamond_block":9,"minecraft:enchanting_table":4,"minecraft:gold_block":8,"minecraft:brown_bed":1,"minecraft:red_tulip":1,"minecraft:brain_coral_wall_fan":1,"minecraft:end_stone_bricks":2,"minecraft:smooth_sandstone_stairs":1,"minecraft:bamboo":2,"minecraft:blue_orchid":2,"minecraft:iron_block":1,"minecraft:stone":33,"minecraft:player_head":2,"minecraft:pink_terracotta":1,"minecraft:acacia_leaves":4,"ecologics:pot":1,"minecraft:lily_of_the_valley":1,"minecraft:polished_granite":5,"minecraft:smooth_sandstone":22,"minecraft:cornflower":1,"minecraft:dark_oak_wood":1,"minecraft:rose_bush":5,"minecraft:glass":2,"minecraft:tall_grass":5,"minecraft:cobblestone":20,"minecraft:cyan_bed":1,"minecraft:pink_petals":73,"minecraft:coarse_dirt":1,"minecraft:magenta_terracotta":2,"minecraft:lilac":2,"minecraft:mangrove_leaves":1,"minecraft:purpur_block":1,"minecraft:lime_concrete":1,"minecraft:black_bed":1,"minecraft:grass":71,"minecraft:sunflower":2,"minecraft:dirt":415,"minecraft:crimson_planks":2,"minecraft:cobweb":2,"minecraft:stripped_birch_wood":1,"minecraft:oak_leaves":2,"minecraft:stripped_acacia_wood":4,"minecraft:emerald_block":2,"minecraft:infested_stone":1},"minecraft:custom":{"lootr:looted_stat":100,"minecraft:mob_kills":232,"minecraft:interact_with_crafting_table":6,"minecraft:damage_dealt_resisted":1636,"minecraft:leave_game":3,"minecraft:time_since_death":253981,"minecraft:climb_one_cm":7213,"minecraft:damage_resisted":139,"minecraft:sprint_one_cm":942824,"minecraft:walk_one_cm":814154,"minecraft:drop":62,"minecraft:play_time":253981,"minecraft:sneak_time":2779,"minecraft:walk_under_water_one_cm":41164,"minecraft:boat_one_cm":61307,"minecraft:jump":4267,"minecraft:walk_on_water_one_cm":32260,"minecraft:enchant_item":2,"minecraft:total_world_time":253981,"minecraft:interact_with_furnace":14,"minecraft:tune_noteblock":30,"minecraft:sleep_in_bed":9,"minecraft:time_since_rest":8936,"minecraft:damage_taken":15316,"minecraft:damage_absorbed":199,"minecraft:damage_dealt":57121,"minecraft:swim_one_cm":22659,"minecraft:fly_one_cm":1382664,"minecraft:open_chest":71,"minecraft:crouch_one_cm":5626,"tombstone:undead_killed":181,"minecraft:fall_one_cm":185379},"minecraft:broken":{"minecraft:diamond_chestplate":1,"minecraft:netherite_helmet":2,"minecraft:diamond_helmet":1,"minecraft:diamond_leggings":2,"minecraft:netherite_boots":2},"minecraft:picked_up":{"minecraft:end_stone_bricks":2,"minecraft:allium":1,"luminousworld:groundpebbles_1":1,"minecraft:coarse_dirt":1,"alexsmobs:maraca":2,"minecraft:chainmail_boots":2,"iceandfire:witherbone":8,"minecraft:brown_bed":1,"minecraft:gold_block":8,"minecraft:purpur_block":1,"alexscaves:music_disc_fusion":1,"minecraft:cornflower":1,"minecraft:music_disc_cat":1,"minecraft:string":27,"minecraft:iron_axe":2,"twilightforest:music_disc_motion":1,"minecraft:iron_shovel":1,"minecraft:blue_orchid":4,"ancient_elements:aetherial_shard":24,"minecraft:gold_nugget":2,"bosses_of_mass_destruction:soul_star":2,"minecraft:netherite_sword":1,"comforts:sleeping_bag_white":4,"minecraft:beef":2,"minecraft:player_head":5,"minecraft:rose_bush":5,"minecraft:coal_block":1,"minecraft:iron_boots":1,"minecraft:stripped_crimson_hyphae":1,"minecraft:stick":227,"minecraft:sandstone":6,"minecraft:copper_ingot":2,"minecraft:cherry_log":612,"tombstone:grave_dust":28,"minecraft:pink_terracotta":1,"minecraft:purple_terracotta":1,"iceandfire:cyclops_eye":1,"quark:clear_shard":19,"minecraft:arrow":37,"minecraft:weeping_vines":1,"minecraft:rotten_flesh":134,"minecraft:nether_bricks":2,"minecraft:beetroot_seeds":5,"minecraft:netherite_chestplate":1,"minecraft:peony":1,"aether:music_disc_chinchilla":1,"minecraft:red_tulip":1,"minecraft:iron_block":1,"farmersdelight:rope":13,"supplementaries:ash":2,"minecraft:stripped_birch_wood":1,"minecraft:mutton":2,"undead_revamp2:arapholia":1,"quark:music_disc_wind":1,"minecraft:cobblestone":47,"minecraft:enchanting_table":4,"minecraft:pink_petals":314,"minecraft:feather":2,"minecraft:crimson_stem":1,"minecraft:leather":2,"minecraft:black_bed":1,"minecraft:brown_wool":1,"minecraft:acacia_wood":8,"minecraft:potato":1,"minecraft:smooth_sandstone_stairs":1,"undead_revamp2:huntereye":2,"minecraft:wither_skeleton_skull":1,"minecraft:magenta_terracotta":2,"minecraft:dirt":654,"minecraft:smooth_sandstone":20,"minecraft:bone":60,"cataclysm:music_disc_ender_guardian":1,"mowziesmobs:umvuthana_mask_rage":1,"minecraft:kelp":1,"minecraft:bow":1,"minecraft:wheat_seeds":15,"minecraft:iron_ingot":1,"minecraft:dark_oak_sign":3,"tombstone:bag_of_seeds":2,"minecraft:bamboo":14,"minecraft:acacia_sapling":1,"mowziesmobs:umvuthana_mask_misery":2,"ancient_elements:aero_charge":54,"sophisticatedbackpacks:diamond_backpack":4,"minecraft:emerald_block":2,"minecraft:lime_concrete":1,"minecraft:stripped_acacia_wood":4,"torchmaster:megatorch":1,"minecraft:lily_of_the_valley":2,"minecraft:diamond_block":9,"minecraft:cyan_bed":1,"minecraft:crying_obsidian":1,"minecraft:spider_eye":10,"undead_revamp2:heavytooth":1,"minecraft:iron_hoe":1,"minecraft:bundle":3,"minecraft:slime_ball":1,"minecraft:soul_lantern":1,"enchantinginfuser:enchanting_infuser":1,"minecraft:cherry_sapling":406,"minecraft:netherite_hoe":1,"minecraft:chainmail_helmet":1,"undead_revamp2:bostroxingot":2,"minecraft:dark_oak_wood":1,"minecraft:baked_potato":9,"tombstone:magic_scroll":4,"minecraft:pink_dye":2,"minecraft:coal":3,"minecraft:sunflower":2},"minecraft:dropped":{"minecraft:wheat_seeds":7,"evilcraft:condensed_blood":3,"minecraft:diamond_leggings":1,"minecraft:cobblestone":4,"minecraft:yellow_dye":1,"minecraft:mutton":2,"minecraft:cherry_planks":2,"minecraft:diamond_helmet":2,"minecraft:amethyst_shard":2,"minecraft:pink_petals":18,"undead_revamp2:huntereye":1,"minecraft:kelp":1,"minecraft:player_head":1,"minecraft:coarse_dirt":1,"minecraft:dark_oak_sign":3,"iceandfire:witherbone":1,"minecraft:rotten_flesh":19,"sophisticatedbackpacks:diamond_backpack":4,"portablemobs:basic_capture_cell":2,"supplementaries:ash":1,"minecraft:diamond_chestplate":1,"mowziesmobs:umvuthana_mask_misery":1,"minecraft:acacia_sapling":1,"farmersdelight:rope":13,"minecraft:spider_eye":4,"minecraft:diamond_boots":1,"minecraft:arrow":63,"minecraft:bow":2,"minecraft:crying_obsidian":3},"minecraft:killed":{"minecraft:cave_spider":1,"undead_revamp2:thehunter":6,"undead_revamp2:theimmortal":1,"alexsmobs:tiger":2,"minecraft:spider":6,"undead_revamp2:bomber":3,"undead_revamp2:theswarmer":1,"minecraft:skeleton":29,"iceandfire:fire_dragon":2,"minecraft:bee":2,"alexsmobs:capuchin_monkey":1,"undead_revamp2:thebidy":1,"minecraft:silverfish":1,"undead_revamp2:therod":1,"undead_revamp2:sucker":4,"undead_revamp2:thespitter":1,"minecraft:husk":35,"earthmobsmod:bouldering_zombie":1,"luminousworld:hollow":11,"ancient_elements:aetherial_glaze":29,"undead_revamp2:the_moonflower":10,"undead_revamp2:theheavy":1,"mowziesmobs:umvuthana_follower_raptor":1,"undead_revamp2:thebeartamer":2,"minecraft:sheep":1,"undead_revamp2:thesomnolence":1,"minecraft:zombie":53,"creeperoverhaul:desert_creeper":1,"minecraft:wither_skeleton":20,"minecraft:cow":1,"undead_revamp2:thewolf":1}},"DataVersion":3465}