{"stats":{"minecraft:broken":{"minecraft:iron_boots":2,"minecraft:iron_chestplate":1,"minecraft:iron_leggings":1,"iceandfire:armor_bronze_boots":1,"minecraft:netherite_chestplate":1,"minecraft:iron_sword":2,"minecraft:crossbow":1,"minecraft:diamond_leggings":1,"minecraft:iron_pickaxe":3,"minecraft:iron_helmet":2,"minecraft:iron_shovel":17,"iceandfire:armor_bronze_leggings":1},"minecraft:dropped":{"minecraft:crimson_stem":1,"minecraft:iron_sword":7,"minecraft:cooked_beef":11,"minecraft:glass_bottle":2,"minecraft:diamond":1,"minecraft:crafting_table":1,"minecraft:sandstone_stairs":1,"minecraft:glow_berries":1,"iceandfire:ectoplasm":1,"born_in_chaos_v1:pieceofdarkmetal":15,"minecraft:rail":2,"born_in_chaos_v1:monster_flesh":5,"minecraft:dirt":9,"minecraft:birch_fence":2,"minecraft:dark_oak_fence":1,"evilcraft:broom":3,"minecraft:netherite_boots":2,"minecraft:chain":2,"minecraft:gold_nugget":7,"minecraft:sunflower":4,"minecraft:sand":6,"undead_revamp2:blacpetalblock":4,"minecraft:smooth_red_sandstone_slab":2,"minecraft:mangrove_slab":1,"minecraft:bone":26,"undead_revamp2:huntereye":2,"minecraft:stone_axe":1,"cataclysm:music_disc_ignis":1,"minecraft:cobbled_deepslate":37,"minecraft:pink_dye":2,"minecraft:netherite_sword":1,"undead_revamp2:arapholia":1,"farmersdelight:cabbage":1,"minecraft:rotten_flesh":179,"minecraft:oak_planks":11,"minecraft:enchanted_golden_apple":1,"iceandfire:crackled_gravel":1,"minecraft:warped_planks":7,"evilcraft:flesh_humanoid":5,"luminousworld:grassflowers":1,"iceandfire:ghost_chest":2,"minecraft:brick_stairs":4,"minecraft:charcoal":2,"minecraft:jungle_log":1,"minecraft:painting":1,"minecraft:spruce_slab":1,"minecraft:red_nether_bricks":1,"minecraft:beef":4,"minecraft:crimson_planks":3,"minecraft:iron_ingot":2,"born_in_chaos_v1:shattered_skull":1,"minecraft:wheat_seeds":10,"minecraft:tnt":1,"farmersdelight:apple_pie":127,"luminousworld:ishstone":15,"evilcraft:condensed_blood":11,"evilcraft:dark_gem_crushed":5,"minecraft:dark_prismarine_slab":2,"minecraft:yellow_terracotta":9,"minecraft:iron_helmet":1,"minecraft:cobblestone":76,"minecraft:book":7,"alexsmobs:rattlesnake_rattle":1,"minecraft:bamboo_block":1,"minecraft:coal":8,"minecraft:oxeye_daisy":1,"minecraft:cobweb":2,"minecraft:diamond_horse_armor":1,"iceandfire:deathworm_chitin_red":14,"born_in_chaos_v1:gnawed_bones":1,"minecraft:golden_carrot":34,"iceandfire:copper_nugget":2,"artifacts:plastic_drinking_hat":1,"minecraft:cherry_planks":38,"minecraft:diamond_helmet":2,"minecraft:potion":1,"minecraft:smooth_sandstone":112,"minecraft:string":13,"minecraft:paper":5,"minecraft:chainmail_leggings":1,"minecraft:iron_shovel":2,"iceandfire:dragonegg_gray":1,"minecraft:acacia_planks":12,"artifacts:digging_claws":1,"minecraft:spruce_sapling":10,"minecraft:pink_tulip":2,"minecraft:creeper_head":1,"minecraft:stone_sword":1,"iceandfire:myrmex_stinger":1,"evilcraft:box_of_eternal_closure":5,"minecraft:clay_ball":79,"minecraft:iron_boots":2,"sophisticatedbackpacks:backpack":3,"minecraft:cherry_slab":6,"minecraft:name_tag":3,"minecraft:nether_bricks":2,"earthmobsmod:harder_flesh":6,"minecraft:pumpkin_seeds":3,"minecraft:lily_of_the_valley":1,"minecraft:diamond_sword":1,"minecraft:cyan_wool":3,"minecraft:stone":15,"undead_revamp2:heavytooth":2,"minecraft:bundle":4,"sophisticatedbackpacks:magnet_upgrade":1,"minecraft:diamond_pickaxe":1,"artifacts:antidote_vessel":2,"artifacts:pickaxe_heater":1,"minecraft:brown_bed":3,"minecraft:spider_eye":9,"minecraft:sandstone":54,"minecraft:magenta_dye":1,"minecraft:bow":2,"minecraft:dark_prismarine":13,"minecraft:cooked_rabbit":1,"minecraft:diamond_axe":1,"botania:cyan_petal":2,"minecraft:leather":4,"minecraft:birch_slab":1,"minecraft:flint":1,"born_in_chaos_v1:monster_skin":5,"minecraft:cornflower":2,"minecraft:cut_sandstone":40,"minecraft:pumpkin_pie":9,"iceandfire:ash":4,"tombstone:scroll_of_preservation":1,"minecraft:gold_ingot":1,"minecraft:gravel":25,"hangglider:hang_glider":2,"minecraft:cherry_stairs":1,"minecraft:smooth_sandstone_stairs":2,"born_in_chaos_v1:ethereal_spirit":6,"minecraft:cherry_sapling":15,"luminousworld:savannah_soil":5,"minecraft:carrot":3,"supplementaries:antique_ink":3,"minecraft:chainmail_chestplate":2,"supplementaries:ash":136,"born_in_chaos_v1:seedof_chaos":3,"minecraft:mangrove_log":2,"minecraft:gunpowder":4,"minecraft:skeleton_skull":2,"born_in_chaos_v1:corpse_maggot":4,"minecraft:arrow":16,"minecraft:smooth_red_sandstone_stairs":5,"minecraft:polished_granite":16,"born_in_chaos_v1:dark_rod":3,"born_in_chaos_v1:black_argillitepressureplate":2,"minecraft:purple_terracotta":2,"minecraft:cherry_log":14,"tombstone:tablet_of_home":1,"quark:blossom_planks":16,"minecraft:diamond_leggings":2,"minecraft:amethyst_block":5,"evilcraft:dark_gem":4,"minecraft:acacia_log":2,"tombstone:ankh_of_pray":2,"minecraft:stick":18,"minecraft:smooth_red_sandstone":5,"minecraft:torch":3,"tombstone:grave_key":2,"luminousworld:savannah_ground":1,"born_in_chaos_v1:fused_bone":1,"minecraft:map":3,"tombstone:grave_dust":2,"minecraft:iron_leggings":1,"tombstone:dark_marble":4,"minecraft:iron_axe":2,"sophisticatedbackpacks:crafting_upgrade":1,"earthmobsmod:duck_egg":1,"minecraft:pink_petals":471,"minecraft:tripwire_hook":6,"minecraft:chiseled_sandstone":1,"iceandfire:dragonbone":12,"minecraft:redstone":1,"alexsmobs:maggot":2,"minecraft:oak_trapdoor":2,"minecraft:raw_copper":9,"iceandfire:myrmex_desert_resin":10,"minecraft:tuff":40,"supplementaries:bomb":4,"iceandfire:witherbone":2,"minecraft:iron_hoe":1,"iceandfire:dragonbone_sword_ice":1,"alexsmobs:bear_fur":2,"minecraft:red_terracotta":3,"luminousworld:yellow_grassflowers":1,"minecraft:oak_button":2,"aether:iron_gloves":2,"minecraft:diamond_chestplate":2,"iceandfire:chared_cobblestone":10,"minecraft:iron_chestplate":2,"luminousworld:groundpebbles_1":4,"minecraft:andesite":20,"minecraft:mossy_stone_bricks":1,"minecraft:oak_sapling":5,"botania:mana_bottle":1,"tombstone:essence_of_undeath":4,"minecraft:diamond_boots":1,"minecraft:stripped_crimson_hyphae":5,"minecraft:stone_pickaxe":1},"minecraft:mined":{"minecraft:dark_oak_planks":5,"iceandfire:myrmex_resin_desert":1,"minecraft:cherry_log":356,"minecraft:red_nether_bricks":1,"minecraft:obsidian":24,"minecraft:granite":2,"minecraft:smooth_red_sandstone_stairs":3,"placeablesmod:nametagblock":2,"minecraft:bamboo_block":1,"luminousworld:savanna_grass_2":1,"minecraft:spawner":30,"minecraft:cobbled_deepslate":6,"minecraft:fire":86,"minecraft:nether_brick_stairs":1,"minecraft:smooth_red_sandstone":5,"iceandfire:gold_pile":2,"minecraft:dirt_path":2,"minecraft:smooth_sandstone_stairs":1,"minecraft:stripped_mangrove_wood":1,"minecraft:orange_bed":1,"minecraft:cut_sandstone":2,"minecraft:brown_mushroom":2,"minecraft:amethyst_cluster":3,"minecraft:torch":1,"born_in_chaos_v1:infected_deepslate_diamond_ore":3,"minecraft:blast_furnace":4,"minecraft:dead_bush":1,"minecraft:amethyst_block":5,"minecraft:cherry_slab":8,"minecraft:cyan_wool":3,"quark:cherry_bookshelf":19,"minecraft:lilac":1,"minecraft:black_bed":4,"minecraft:grass":187,"placeablesmod:emerald_block_1":1,"luminousworld:grassvariant_3":1,"minecraft:smooth_basalt":2,"minecraft:red_mushroom_block":3,"minecraft:stonecutter":2,"minecraft:deepslate":953,"minecraft:suspicious_gravel":1,"luminousworld:savannah_ground":2,"minecraft:yellow_terracotta":5,"minecraft:dark_prismarine":14,"minecraft:nether_bricks":2,"minecraft:dark_oak_fence":2,"minecraft:allium":1,"born_in_chaos_v1:black_argillite":3,"minecraft:red_mushroom":1,"evilcraft:box_of_eternal_closure":5,"minecraft:andesite":20,"minecraft:diamond_block":8,"minecraft:potatoes":19,"luminousworld:groundpebbles_2":1,"minecraft:bamboo":17,"luminousworld:savannah_soil":10,"minecraft:cherry_planks":25,"quark:oak_chest":1,"minecraft:smooth_sandstone":110,"minecraft:emerald_ore":2,"luminousworld:grassflowers":1,"minecraft:tall_grass":8,"minecraft:smooth_red_sandstone_slab":2,"minecraft:deepslate_gold_ore":14,"minecraft:red_terracotta":5,"minecraft:mangrove_leaves":1,"luminousworld:ishstone":11,"minecraft:mycelium":1,"minecraft:sunflower":3,"minecraft:gravel":46,"minecraft:cobweb":13,"minecraft:stone_bricks":45,"minecraft:gold_ore":1,"minecraft:fern":1,"minecraft:large_amethyst_bud":1,"minecraft:stone_pressure_plate":2,"minecraft:spruce_planks":2,"quark:cherry_chest":12,"minecraft:sculk_vein":1,"minecraft:potted_cactus":1,"minecraft:stripped_crimson_hyphae":5,"minecraft:grass_block":3384,"minecraft:sandstone_stairs":1,"minecraft:iron_ore":77,"minecraft:anvil":1,"minecraft:brown_bed":5,"iceandfire:chared_cobblestone":12,"minecraft:deepslate_redstone_ore":10,"ecologics:pot":1,"minecraft:medium_amethyst_bud":2,"minecraft:clay":17,"iceandfire:ghost_chest":2,"minecraft:mushroom_stem":8,"minecraft:cobblestone":63,"minecraft:oak_planks":2,"minecraft:pink_petals":556,"lootr:trophy":1,"minecraft:warped_planks":7,"evilcraft:dark_ore_deepslate":2,"minecraft:stripped_oak_wood":4,"minecraft:tnt":10,"minecraft:oak_log":4,"minecraft:sand":146,"minecraft:dirt":1384,"minecraft:crimson_planks":3,"minecraft:netherrack":1,"luminousworld:savannah_grass_4":1,"minecraft:oak_leaves":2,"minecraft:emerald_block":2,"iceandfire:chared_stone":5,"luminousworld:groundpebbles_1":4,"minecraft:crying_obsidian":1,"minecraft:diamond_ore":1,"minecraft:tuff":102,"minecraft:deepslate_diamond_ore":27,"enchantinginfuser:enchanting_infuser":1,"minecraft:glow_lichen":1,"minecraft:purple_terracotta":5,"minecraft:brick_stairs":2,"minecraft:brown_mushroom_block":4,"minecraft:birch_slab":1,"minecraft:sandstone":20,"minecraft:crimson_stem":1,"minecraft:hay_block":16,"minecraft:carrots":17,"evilcraft:dark_ore":2,"minecraft:gold_block":10,"minecraft:bookshelf":23,"minecraft:deepslate_iron_ore":8,"minecraft:packed_ice":11,"minecraft:stone":683,"minecraft:acacia_leaves":5,"minecraft:polished_granite":20,"minecraft:oak_fence":1,"farmersdelight:carrot_crate":1,"minecraft:lapis_ore":1,"supplementaries:urn":9,"minecraft:spruce_stairs":3,"botania:cyan_mystical_flower":1,"minecraft:birch_planks":2,"minecraft:magenta_terracotta":2,"minecraft:ice":2,"minecraft:yellow_bed":1,"minecraft:mangrove_slab":1,"minecraft:coal_ore":49,"minecraft:mossy_stone_bricks":1},"minecraft:crafted":{"minecraft:smooth_stone":46,"sophisticatedbackpacks:crafting_upgrade":2,"ironchest:crystal_chest":5,"minecraft:glass":128,"minecraft:diamond_helmet":1,"minecraft:diamond_leggings":1,"minecraft:magenta_dye":1,"minecraft:emerald":18,"enchantinginfuser:enchanting_infuser":1,"minecraft:stone_brick_stairs":8,"quark:oak_chest":2,"minecraft:iron_pickaxe":2,"minecraft:iron_block":25,"minecraft:gold_ingot":220,"minecraft:netherite_ingot":6,"sophisticatedbackpacks:netherite_backpack":2,"hangglider:glider_framework":3,"minecraft:smooth_stone_slab":12,"tombstone:strange_tablet":1,"hangglider:glider_wing":6,"minecraft:pink_dye":3,"quark:cherry_bookshelf":19,"minecraft:cherry_trapdoor":114,"minecraft:diamond":18,"minecraft:diamond_boots":1,"ironchest:gold_chest":5,"minecraft:enchanting_table":1,"iceandfire:dragonscales_bronze":36,"minecraft:iron_shovel":18,"minecraft:iron_leggings":1,"minecraft:armor_stand":1,"iceandfire:armor_bronze_leggings":1,"minecraft:oak_planks":40,"minecraft:cherry_slab":177,"hangglider:hang_glider":3,"minecraft:stone":494,"quark:cherry_chest":18,"minecraft:iron_boots":1,"minecraft:oak_button":1,"botania:cyan_petal":2,"minecraft:crafting_table":5,"minecraft:iron_helmet":2,"tombstone:decorative_grave_simple":1,"minecraft:gold_block":80,"sophisticatedbackpacks:upgrade_base":2,"ironchest:diamond_chest":5,"minecraft:iron_chestplate":2,"minecraft:diamond_pickaxe":1,"iceandfire:dragonscale_bronze":4,"minecraft:stick":40,"minecraft:iron_ingot":20,"iceandfire:armor_bronze_helmet":1,"minecraft:cherry_planks":854,"minecraft:stone_brick_wall":48,"minecraft:furnace":2,"minecraft:diamond_block":36,"minecraft:flint_and_steel":1,"minecraft:leather":41,"minecraft:iron_axe":1,"iceandfire:armor_bronze_chestplate":1,"minecraft:diamond_sword":1,"iceandfire:armor_bronze_boots":1,"minecraft:iron_sword":2,"tombstone:ankh_of_pray":1,"minecraft:mangrove_planks":8,"minecraft:bucket":2,"minecraft:air":0,"minecraft:jungle_planks":4,"tombstone:dark_marble":9,"minecraft:cherry_door":3,"minecraft:diamond_chestplate":1,"ironchest:iron_chest":5},"minecraft:custom":{"minecraft:interact_with_crafting_table":129,"minecraft:open_barrel":2,"minecraft:eat_cake_slice":3,"minecraft:leave_game":6,"minecraft:time_since_death":29140,"minecraft:play_time":849581,"minecraft:deaths":19,"minecraft:jump":16669,"minecraft:enchant_item":4,"minecraft:interact_with_furnace":107,"minecraft:sleep_in_bed":21,"minecraft:damage_dealt":78991,"tombstone:undead_killed":205,"minecraft:interact_with_smoker":1,"minecraft:interact_with_anvil":8,"minecraft:damage_dealt_absorbed":121,"minecraft:sneak_time":11948,"minecraft:interact_with_blast_furnace":10,"minecraft:total_world_time":849581,"tombstone:raider_killed":7,"minecraft:interact_with_stonecutter":17,"minecraft:time_since_rest":26874,"tombstone:cast_on_ally":2,"minecraft:swim_one_cm":19494,"minecraft:fly_one_cm":2140640,"minecraft:open_chest":749,"minecraft:fall_one_cm":282444,"lootr:looted_stat":140,"minecraft:sprint_one_cm":1538071,"minecraft:drop":539,"minecraft:talked_to_villager":4,"minecraft:interact_with_brewingstand":1,"minecraft:walk_on_water_one_cm":53290,"minecraft:crouch_one_cm":29483,"minecraft:mob_kills":343,"minecraft:damage_dealt_resisted":2129,"minecraft:climb_one_cm":56905,"minecraft:walk_one_cm":3021683,"tombstone:consume_soul":1,"minecraft:walk_under_water_one_cm":31131,"minecraft:pot_flower":1,"minecraft:damage_taken":2147483647,"minecraft:damage_absorbed":242,"minecraft:trigger_trapped_chest":7},"minecraft:used":{"minecraft:stone":1,"lootr:trophy":2,"quark:cherry_chest":17,"minecraft:bow":1,"supplementaries:ash":2,"minecraft:furnace":2,"iceandfire:dragonbone_sword_ice":48,"minecraft:golden_apple":6,"minecraft:stripped_mangrove_wood":1,"minecraft:sand":1,"minecraft:blast_furnace":4,"minecraft:purple_terracotta":1,"earthmobsmod:duck_egg":1,"minecraft:polished_granite":7,"minecraft:diamond_sword":658,"minecraft:stone_sword":18,"minecraft:armor_stand":2,"minecraft:netherrack":1,"minecraft:orange_bed":1,"minecraft:anvil":1,"quark:cherry_bookshelf":19,"minecraft:nether_brick_stairs":1,"tombstone:ankh_of_pray":7,"minecraft:iron_axe":364,"minecraft:cherry_slab":8,"undead_revamp2:huntereye":2,"minecraft:bamboo":16,"luminousworld:savannah_soil":3,"minecraft:magenta_terracotta":1,"tombstone:gift":15,"minecraft:acacia_planks":6,"minecraft:cobbled_deepslate":35,"minecraft:cherry_log":15,"minecraft:water_bucket":26,"minecraft:cherry_planks":168,"minecraft:cracked_stone_bricks":1,"minecraft:crafting_table":4,"supplementaries:bomb":1,"minecraft:diamond_pickaxe":1769,"minecraft:sunflower":1,"minecraft:iron_pickaxe":749,"tombstone:magic_scroll":1,"enchantinginfuser:enchanting_infuser":2,"minecraft:cobblestone":125,"minecraft:potion":2,"quark:oak_chest":2,"minecraft:diamond_leggings":1,"minecraft:cherry_sapling":27,"minecraft:iron_shovel":5511,"minecraft:iron_sword":686,"luminousworld:savannah_ground":2,"minecraft:smooth_sandstone_stairs":1,"tombstone:scroll_of_preservation":2,"minecraft:carrot":15,"minecraft:tuff":2,"minecraft:obsidian":12,"tombstone:decorative_grave_simple":1,"minecraft:stone_bricks":403,"iceandfire:armor_bronze_boots":1,"minecraft:stone_pickaxe":3,"minecraft:oak_planks":11,"minecraft:sandstone":5,"minecraft:diamond_axe":321,"minecraft:crossbow":3,"minecraft:black_bed":4,"minecraft:bread":24,"minecraft:gravel":8,"minecraft:air":1,"ironchest:crystal_chest":7,"minecraft:experience_bottle":8,"minecraft:oak_fence":2,"minecraft:flint_and_steel":4,"born_in_chaos_v1:black_argillite":3,"minecraft:dirt":191,"farmersdelight:carrot_crate":2,"minecraft:spruce_stairs":3,"minecraft:dark_oak_planks":3,"minecraft:smooth_sandstone":4,"evilcraft:box_of_eternal_closure":1,"minecraft:golden_carrot":252,"minecraft:cooked_beef":64,"minecraft:brown_bed":3,"tombstone:scroll_of_knowledge":2,"luminousworld:ishstone":1,"minecraft:stonecutter":2,"tombstone:tablet_of_home":1,"tombstone:bag_of_seeds":1,"minecraft:flower_pot":1,"minecraft:stone_axe":30,"minecraft:bucket":26,"minecraft:yellow_bed":1,"minecraft:pumpkin_pie":2,"minecraft:splash_potion":5},"minecraft:killed_by":{"minecraft:zombie":2,"undead_revamp2:sucker":1,"iceandfire:fire_dragon":1,"minecraft:player":1},"minecraft:killed":{"minecraft:cave_spider":5,"born_in_chaos_v1:restless_spirit":2,"born_in_chaos_v1:zombie_lumberjack":4,"born_in_chaos_v1:siamese_skeletonsright":1,"minecraft:skeleton":20,"born_in_chaos_v1:skeleton_thrasher":1,"earthmobsmod:zombified_rabbit":1,"undead_revamp2:thespitter":1,"iceandfire:myrmex_worker":2,"luminousworld:hollow":4,"undead_revamp2:theheavy":1,"born_in_chaos_v1:dread_hound_not_despawn":1,"minecraft:pillager":3,"enemyexpansion:meature":1,"minecraft:zombie":54,"iceandfire:myrmex_queen":1,"born_in_chaos_v1:corpse_fly":1,"enemyexpansion:botfly":7,"born_in_chaos_v1:door_knight":1,"undead_revamp2:thehunter":11,"undead_revamp2:bomber":1,"earthmobsmod:albino_cow":1,"enemyexpansion:scorpion":1,"minecraft:husk":28,"earthmobsmod:bouldering_zombie":6,"undead_revamp2:the_moonflower":17,"enemyexpansion:sprinter":4,"born_in_chaos_v1:decrepit_skeleton":5,"undead_revamp2:thesomnolence":6,"iceandfire:ghost":6,"born_in_chaos_v1:dark_vortex":2,"minecraft:spider":7,"born_in_chaos_v1:scarlet_persecutor":3,"alexsmobs:grizzly_bear":1,"born_in_chaos_v1:diamond_termite":6,"undead_revamp2:thebeartamer":1,"minecraft:creeper":3,"undead_revamp2:theordure":1,"luminousworld:savannah_skeleton":1,"born_in_chaos_v1:dread_hound":4,"alexsmobs:fly":4,"born_in_chaos_v1:siamese_skeletonsleft":1,"alexsmobs:tiger":1,"enemyexpansion:direwolf":8,"alexsmobs:rattlesnake":3,"born_in_chaos_v1:zombie_bruiser":3,"born_in_chaos_v1:maggot":10,"minecraft:phantom":4,"iceandfire:fire_dragon":1,"undead_revamp2:thehorrors":1,"undead_revamp2:sucker":4,"luminousworld:savannah_zombie":2,"born_in_chaos_v1:fallen_chaos_knight":2,"born_in_chaos_v1:baby_skeleton":4,"born_in_chaos_v1:spirit_guide_assistant":2,"born_in_chaos_v1:phantom_creeper_copy":1,"iceandfire:myrmex_soldier":3,"born_in_chaos_v1:nightmare_stalker":1,"minecraft:wither_skeleton":9,"enemyexpansion:slugger":3},"minecraft:picked_up":{"minecraft:iron_chestplate":2,"minecraft:flower_pot":1,"minecraft:creeper_head":1,"minecraft:anvil":1,"minecraft:diamond_sword":5,"minecraft:brown_bed":6,"minecraft:enchanted_book":10,"minecraft:amethyst_block":5,"sophisticatedbackpacks:magnet_upgrade":1,"minecraft:string":26,"farmersdelight:apple_pie":63,"minecraft:red_nether_bricks":1,"minecraft:diamond_leggings":1,"minecraft:gold_nugget":87,"minecraft:cobbled_deepslate":533,"iceandfire:myrmex_desert_resin":10,"minecraft:enchanted_golden_apple":1,"minecraft:mangrove_log":4,"born_in_chaos_v1:shattered_skull":2,"quark:cherry_chest":6,"minecraft:acacia_log":2,"iceandfire:armor_bronze_chestplate":1,"minecraft:cherry_log":370,"minecraft:warped_planks":7,"tombstone:tablet_of_cupidity":1,"minecraft:orange_bed":1,"evilcraft:box_of_eternal_closure":6,"minecraft:bamboo_block":1,"luminousworld:grassflowers":1,"minecraft:stone_sword":1,"luminousworld:yellow_grassflowers":2,"iceandfire:fire_dragon_heart":1,"supplementaries:ash":199,"endrem:rogue_eye":1,"minecraft:cooked_beef":11,"minecraft:birch_slab":1,"minecraft:jungle_log":2,"minecraft:flint":18,"farmersdelight:carrot_crate":1,"minecraft:mangrove_slab":1,"minecraft:magenta_terracotta":1,"lootr:trophy":1,"undead_revamp2:blacpetalblock":4,"minecraft:stonecutter":2,"artifacts:antidote_vessel":2,"patchouli:guide_book":1,"tombstone:scroll_of_feather_fall":1,"iceandfire:dragon_skull_fire":3,"iceandfire:lightning_dragon_heart":1,"iceandfire:myrmex_stinger":1,"minecraft:red_terracotta":3,"alexsmobs:animal_dictionary":1,"iceandfire:chared_cobblestone":10,"undead_revamp2:heavytooth":2,"minecraft:bundle":6,"minecraft:iron_hoe":1,"enchantinginfuser:enchanting_infuser":1,"minecraft:chainmail_helmet":2,"minecraft:bread":40,"alexsmobs:maggot":1,"minecraft:cherry_slab":8,"minecraft:dark_oak_fence":1,"minecraft:diamond_pickaxe":2,"luminousworld:groundpebbles_1":15,"minecraft:crafting_table":2,"iceandfire:witherbone":5,"minecraft:clay_ball":68,"born_in_chaos_v1:seedof_chaos":5,"minecraft:cornflower":2,"minecraft:iron_shovel":4,"supplementaries:bomb":2,"minecraft:cracked_stone_bricks":1,"minecraft:netherite_sword":1,"minecraft:beef":4,"born_in_chaos_v1:gnawed_bones":1,"minecraft:cyan_wool":3,"minecraft:spruce_slab":1,"minecraft:sandstone":67,"minecraft:stone":7,"sophisticatedbackpacks:backpack":3,"born_in_chaos_v1:pieceofdarkmetal":15,"minecraft:carrot":126,"minecraft:redstone":27,"botania:black_lotus":1,"minecraft:tnt":15,"minecraft:diamond_chestplate":2,"minecraft:sandstone_stairs":1,"minecraft:hay_block":16,"minecraft:yellow_terracotta":9,"tombstone:essence_of_undeath":2,"minecraft:gold_ingot":26,"minecraft:glow_berries":1,"minecraft:rail":5,"minecraft:oxeye_daisy":1,"minecraft:smooth_red_sandstone_stairs":5,"born_in_chaos_v1:monster_flesh":5,"minecraft:smooth_red_sandstone":5,"minecraft:tripwire_hook":6,"luminousworld:ishstone":15,"minecraft:red_mushroom":8,"minecraft:oak_log":6,"minecraft:apple":6,"minecraft:stone_bricks":46,"minecraft:stone_pickaxe":1,"minecraft:cobweb":1,"tombstone:bag_of_seeds":1,"minecraft:iron_sword":10,"iceandfire:chared_stone":3,"iceandfire:copper_nugget":2,"endrem:old_eye":1,"iceandfire:armor_bronze_helmet":1,"born_in_chaos_v1:ethereal_spirit":11,"minecraft:gravel":33,"minecraft:spruce_sapling":5,"minecraft:crying_obsidian":1,"minecraft:stone_axe":2,"minecraft:diamond_axe":7,"minecraft:painting":2,"minecraft:oak_button":1,"illagerinvasion:platinum_chunk":2,"tombstone:tablet_of_home":1,"aether:iron_gloves":2,"minecraft:potion":4,"minecraft:crimson_planks":3,"born_in_chaos_v1:black_argillite":3,"minecraft:raw_copper":9,"aether:diamond_gloves":1,"minecraft:iron_leggings":1,"minecraft:armor_stand":1,"minecraft:smooth_red_sandstone_slab":2,"earthmobsmod:duck_egg":2,"minecraft:eye_armor_trim_smithing_template":1,"minecraft:calcite":1,"iceandfire:armor_bronze_boots":1,"minecraft:iron_boots":5,"tombstone:scroll_of_lightning_resistance":1,"minecraft:stick":116,"iceandfire:ghost_chest":2,"aether:netherite_gloves":2,"ironchest:crystal_chest":2,"minecraft:oak_fence":2,"born_in_chaos_v1:phantom_powder":1,"minecraft:torch":3,"minecraft:spruce_stairs":3,"luminousworld:savannah_soil":8,"iceandfire:crackled_gravel":1,"tombstone:grave_dust":20,"born_in_chaos_v1:nightmare_claw":1,"quark:blossom_planks":20,"quark:ancient_tome":4,"minecraft:cactus":1,"minecraft:rotten_flesh":225,"supplementaries:antique_ink":5,"iceandfire:myrmex_desert_chitin":8,"minecraft:obsidian":24,"undead_revamp2:arapholia":1,"minecraft:cobblestone":742,"minecraft:pink_petals":2716,"luminousworld:savannah_ground":3,"minecraft:cherry_planks":30,"minecraft:andesite":20,"minecraft:black_bed":4,"minecraft:potato":115,"alexsmobs:bear_fur":2,"minecraft:tuff":82,"minecraft:smooth_sandstone_stairs":3,"evilcraft:flesh_humanoid":1,"undead_revamp2:huntereye":4,"minecraft:wither_skeleton_skull":1,"artifacts:pickaxe_heater":1,"minecraft:lapis_lazuli":6,"minecraft:dirt":4986,"iceandfire:dragonscales_bronze":73,"minecraft:polished_granite":23,"minecraft:name_tag":4,"born_in_chaos_v1:monster_skin":8,"minecraft:glass":14,"minecraft:bone":69,"minecraft:acacia_planks":22,"botania:cyan_mystical_flower":1,"minecraft:wheat_seeds":62,"minecraft:mossy_stone_bricks":1,"minecraft:bamboo":182,"minecraft:oak_planks":7,"earthmobsmod:harder_flesh":8,"evilcraft:dark_gem_crushed":5,"minecraft:sand":135,"minecraft:nether_brick_stairs":1,"minecraft:diamond_block":8,"minecraft:lily_of_the_valley":1,"minecraft:chiseled_sandstone":1,"minecraft:dark_prismarine":13,"tombstone:scroll_of_mercy":3,"minecraft:dark_prismarine_slab":2,"minecraft:diamond":41,"minecraft:netherite_helmet":1,"evilcraft:broom":2,"alexsmobs:rattlesnake_rattle":1,"minecraft:crossbow":1,"minecraft:golden_apple":3,"minecraft:emerald":27,"minecraft:netherrack":1,"minecraft:charcoal":2,"born_in_chaos_v1:diamond_termite_shard":5,"minecraft:allium":1,"minecraft:brown_mushroom":10,"minecraft:cooked_rabbit":1,"minecraft:gold_block":10,"minecraft:chain":2,"minecraft:oak_trapdoor":2,"minecraft:iron_axe":2,"minecraft:birch_fence":4,"minecraft:phantom_membrane":9,"tombstone:ankh_of_pray":1,"minecraft:stripped_crimson_hyphae":5,"minecraft:raw_iron":1,"iceandfire:dragonbone":12,"minecraft:stripped_mangrove_wood":1,"minecraft:cherry_stairs":1,"iceandfire:deathworm_chitin_red":14,"botania:mana_bottle":1,"minecraft:cookie":5,"iceandfire:deathworm_egg_giant":2,"minecraft:stone_pressure_plate":2,"minecraft:purple_terracotta":3,"minecraft:dark_oak_planks":3,"minecraft:arrow":40,"minecraft:pumpkin_pie":9,"minecraft:nether_bricks":2,"minecraft:pink_tulip":2,"minecraft:brick_stairs":4,"minecraft:skeleton_skull":2,"born_in_chaos_v1:fused_bone":2,"born_in_chaos_v1:corpse_maggot":8,"minecraft:netherite_boots":1,"minecraft:air":0,"minecraft:golden_carrot":34,"minecraft:crimson_stem":1,"minecraft:leather":4,"minecraft:cut_sandstone":42,"minecraft:chainmail_chestplate":4,"minecraft:yellow_bed":1,"iceandfire:dragonegg_gray":1,"minecraft:gunpowder":8,"botania:black_mystical_flower":3,"minecraft:smooth_sandstone":116,"minecraft:iron_ingot":123,"minecraft:stripped_oak_wood":4,"minecraft:book":123,"minecraft:emerald_block":2,"iceandfire:ash":3,"born_in_chaos_v1:black_argillitepressureplate":2,"born_in_chaos_v1:dark_rod":3,"minecraft:amethyst_shard":12,"mowziesmobs:wrought_helmet":1,"minecraft:blast_furnace":4,"quark:oak_chest":1,"minecraft:spider_eye":9,"minecraft:pumpkin_seeds":3,"minecraft:chainmail_leggings":1,"evilcraft:dark_gem":19,"minecraft:iron_helmet":1,"minecraft:cherry_sapling":282,"tombstone:magic_scroll":4,"minecraft:coal":103,"minecraft:sunflower":5}},"DataVersion":3465}