{"stats":{"minecraft:dropped":{"minecraft:iron_helmet":1,"quark:cherry_ladder":2,"minecraft:red_mushroom":5,"minecraft:stick":6,"artifacts:night_vision_goggles":1,"minecraft:dirt":1,"undead_revamp2:wincallerfan":2,"minecraft:stone_button":1,"evilcraft:broom":1,"minecraft:cherry_planks":7,"minecraft:gold_nugget":1,"minecraft:sand":2,"minecraft:pink_petals":2,"minecraft:iron_nugget":1,"iceandfire:lightning_dragon_heart":1,"minecraft:cobbled_deepslate":11,"vampirism:holy_water_bottle_ultimate":1,"minecraft:pointed_dripstone":2,"vampirism:holy_water_bottle_enhanced":1,"minecraft:rotten_flesh":2,"vampirism:blood_bottle":1,"vampirism:heart_striker_enhanced":1,"patchouli:guide_book":1,"supplementaries:ash":7,"vampirism:vampire_fang":1},"minecraft:picked_up":{"undead_revamp2:bostroxingot":6,"minecraft:coarse_dirt":4,"minecraft:crafting_table":1,"minecraft:iron_chestplate":1,"artifacts:night_vision_goggles":1,"minecraft:anvil":1,"artifacts:bunny_hoppers":1,"minecraft:brown_mushroom":1,"vampirism:heart_striker_enhanced":1,"minecraft:string":135,"minecraft:iron_axe":1,"minecraft:item_frame":1,"minecraft:iron_leggings":1,"minecraft:iron_shovel":1,"minecraft:experience_bottle":1,"minecraft:gold_nugget":1,"minecraft:cobbled_deepslate":11,"minecraft:cobblestone_slab":2,"minecraft:iron_nugget":1,"minecraft:iron_pickaxe":2,"sophisticatedbackpacks:netherite_backpack":1,"iceandfire:dragonscales_electric":13,"minecraft:phantom_membrane":3,"minecraft:iron_boots":1,"minecraft:stick":149,"minecraft:raw_iron":51,"minecraft:acacia_log":2,"minecraft:torch":13,"luminousworld:savannah_soil":5,"iceandfire:lightning_dragon_flesh":1,"minecraft:stone_button":1,"minecraft:cherry_log":461,"tombstone:grave_dust":2,"minecraft:pointed_dripstone":6,"minecraft:redstone":9,"minecraft:rotten_flesh":6,"minecraft:gold_ingot":5,"supplementaries:ash":15,"undead_revamp2:wincallerfan":3,"minecraft:rail":2,"minecraft:cobblestone":120,"minecraft:pink_petals":214,"luminousworld:savannah_ground":1,"minecraft:cherry_planks":10,"minecraft:andesite":1,"minecraft:red_mushroom":7,"minecraft:tuff":11,"quark:cherry_ladder":3,"minecraft:cobblestone_wall":11,"minecraft:dirt":1,"minecraft:blue_bed":1,"minecraft:cooked_mutton":1,"farmersdelight:cooking_pot":1,"minecraft:wheat_seeds":5,"minecraft:iron_ingot":4,"minecraft:cobweb":1,"tombstone:bag_of_seeds":1,"minecraft:iron_sword":3,"ancient_elements:aero_charge":10,"minecraft:book":4,"patchouli:guide_book":1,"minecraft:gravel":1,"minecraft:sand":6,"iceandfire:lightning_dragon_heart":2,"minecraft:spider_eye":3,"minecraft:bundle":1,"undead_revamp2:bostroxset_helmet":1,"minecraft:chainmail_leggings":1,"evilcraft:broom":1,"minecraft:iron_helmet":2,"minecraft:cherry_sapling":282,"minecraft:emerald":4,"minecraft:coal":22},"minecraft:custom":{"minecraft:interact_with_smithing_table":1,"lootr:looted_stat":32,"minecraft:mob_kills":30,"minecraft:interact_with_anvil":1,"minecraft:interact_with_crafting_table":11,"minecraft:damage_dealt_resisted":234,"minecraft:leave_game":3,"minecraft:time_since_death":107413,"minecraft:climb_one_cm":84951,"minecraft:sprint_one_cm":338711,"minecraft:walk_one_cm":351092,"vampirism:interact_with_totem":2,"minecraft:drop":39,"minecraft:play_time":118651,"minecraft:deaths":1,"minecraft:sneak_time":390,"minecraft:walk_under_water_one_cm":982,"minecraft:jump":3345,"minecraft:walk_on_water_one_cm":2867,"minecraft:total_world_time":118651,"tombstone:raider_killed":4,"vampirism:interact_with_research_table":2,"vampirism:interact_with_garlic_diffuser":1,"minecraft:sleep_in_bed":1,"minecraft:time_since_rest":19560,"minecraft:damage_taken":5698,"minecraft:damage_absorbed":100,"minecraft:damage_dealt":6161,"tombstone:cast_on_ally":2,"minecraft:fly_one_cm":373266,"minecraft:open_chest":12,"minecraft:crouch_one_cm":421,"tombstone:undead_killed":12,"minecraft:fall_one_cm":114802},"minecraft:crafted":{"minecraft:cherry_planks":280,"quark:cherry_ladder":12,"iceandfire:armor_electric_leggings":1,"quark:cherry_chest":2,"minecraft:pink_dye":11,"iceandfire:armor_electric_helmet":1,"minecraft:crafting_table":3,"minecraft:stick":32,"minecraft:iron_pickaxe":1,"minecraft:wooden_axe":9,"sophisticatedbackpacks:netherite_backpack":5,"minecraft:acacia_planks":8,"minecraft:torch":8},"minecraft:killed":{"luminousworld:miner_zombie":1,"minecraft:cave_spider":11,"undead_revamp2:thehunter":3,"minecraft:spider":1,"undead_revamp2:thesmoker":1,"minecraft:phantom":4,"undead_revamp2:sucker":1,"artifacts:mimic":1,"ancient_elements:aetherial_glaze":5,"undead_revamp2:slaveman":1,"minecraft:zombie":1},"minecraft:used":{"minecraft:iron_shovel":4,"vampirism:heart_striker_enhanced":13,"minecraft:iron_sword":153,"luminousworld:savannah_ground":1,"minecraft:iron_chestplate":1,"minecraft:torch":27,"quark:cherry_chest":2,"minecraft:anvil":1,"minecraft:cobblestone_wall":3,"minecraft:wooden_axe":522,"quark:cherry_ladder":13,"minecraft:iron_axe":94,"minecraft:iron_boots":1,"minecraft:golden_carrot":62,"luminousworld:savannah_soil":5,"iceandfire:armor_electric_leggings":1,"farmersdelight:cooking_pot":1,"tombstone:gift":4,"minecraft:iron_leggings":1,"tombstone:scroll_of_reach":1,"minecraft:cherry_planks":14,"minecraft:blue_bed":1,"minecraft:golden_apple":4,"minecraft:sand":4,"minecraft:crafting_table":4,"iceandfire:armor_electric_helmet":1,"undead_revamp2:bostroxset_helmet":1,"minecraft:iron_pickaxe":253,"tombstone:magic_scroll":1,"minecraft:pink_petals":1,"minecraft:cobblestone":77,"minecraft:andesite":1,"minecraft:coarse_dirt":4,"minecraft:experience_bottle":1,"minecraft:chainmail_leggings":1},"minecraft:broken":{"minecraft:iron_sword":1,"minecraft:iron_pickaxe":1,"minecraft:wooden_axe":8},"minecraft:mined":{"minecraft:tuff":11,"minecraft:cherry_log":488,"minecraft:acacia_log":2,"minecraft:grass_block":1,"minecraft:brown_mushroom_block":3,"luminousworld:savanna_grass_2":2,"minecraft:iron_ore":50,"minecraft:andesite":2,"minecraft:anvil":1,"minecraft:bookshelf":1,"minecraft:pointed_dripstone":5,"quark:cherry_ladder":1,"minecraft:cobblestone_slab":2,"minecraft:stone":119,"farmersdelight:cooking_pot":1,"minecraft:deepslate_redstone_ore":2,"luminousworld:savannah_soil":5,"minecraft:cherry_planks":3,"minecraft:crafting_table":1,"minecraft:torch":5,"minecraft:emerald_ore":4,"minecraft:mushroom_stem":4,"minecraft:tall_grass":4,"minecraft:cobblestone":10,"minecraft:blue_bed":1,"minecraft:wall_torch":8,"minecraft:pink_petals":90,"supplementaries:urn":2,"minecraft:coarse_dirt":4,"minecraft:cobblestone_wall":7,"minecraft:grass":39,"minecraft:coal_ore":17,"minecraft:mycelium":1,"minecraft:gravel":1,"minecraft:sand":6,"minecraft:cobweb":111,"minecraft:red_mushroom_block":9,"luminousworld:savannah_grass_4":1,"minecraft:oak_leaves":5,"minecraft:deepslate":11,"luminousworld:savannah_ground":1}},"DataVersion":3465}