{"stats":{"minecraft:crafted":{"hangglider:glider_framework":1,"minecraft:cherry_planks":168,"minecraft:coal":9,"comforts:sleeping_bag_white":1,"hangglider:hang_glider":1,"minecraft:cherry_boat":1,"minecraft:diamond_shovel":1,"hangglider:glider_wing":2,"quark:cherry_chest":2,"minecraft:leather":31,"sophisticatedbackpacks:iron_backpack":2,"sophisticatedbackpacks:backpack":2,"enchantinginfuser:enchanting_infuser":1,"minecraft:crafting_table":1,"minecraft:enchanting_table":1,"sophisticatedbackpacks:gold_backpack":2,"minecraft:air":0,"minecraft:yellow_dye":4,"sophisticatedbackpacks:diamond_backpack":5,"minecraft:iron_ingot":13,"ancient_elements:raw_aetherium":4,"minecraft:torch":36},"minecraft:used":{"minecraft:cherry_boat":1,"minecraft:cherry_sapling":4,"minecraft:netherite_sword":222,"minecraft:iron_shovel":60,"minecraft:torch":5,"minecraft:dirt":99,"quark:cherry_chest":4,"alexsmobs:maraca":12,"quark:cherry_bookshelf":18,"minecraft:iron_axe":3,"minecraft:golden_carrot":59,"minecraft:bow":130,"minecraft:furnace":1,"tombstone:gift":1,"comforts:sleeping_bag_white":3,"torchmaster:megatorch":1,"minecraft:cherry_log":1,"minecraft:water_bucket":2,"minecraft:ender_pearl":2,"minecraft:cherry_planks":31,"minecraft:diamond_axe":677,"minecraft:crafting_table":1,"minecraft:netherite_helmet":1,"minecraft:black_bed":2,"minecraft:diamond_pickaxe":61,"minecraft:diamond_shovel":551,"minecraft:cyan_bed":1,"minecraft:brown_wool":1,"minecraft:pink_petals":6,"enchantinginfuser:enchanting_infuser":2,"minecraft:cobblestone":69,"minecraft:bucket":1,"minecraft:diamond_leggings":1},"minecraft:mined":{"minecraft:crying_obsidian":1,"enchantinginfuser:enchanting_infuser":1,"minecraft:cherry_log":615,"torchmaster:megatorch":1,"minecraft:grass_block":187,"luminousworld:grassvariant_2":1,"minecraft:coal_block":1,"luminousworld:savanna_grass_2":1,"comforts:sleeping_bag_white":1,"minecraft:fire":14,"minecraft:brown_bed":1,"minecraft:iron_block":1,"minecraft:stone":33,"minecraft:tall_grass":2,"minecraft:cobblestone":20,"minecraft:cyan_bed":1,"minecraft:pink_petals":73,"minecraft:coarse_dirt":1,"minecraft:black_bed":1,"minecraft:grass":64,"minecraft:sunflower":2,"minecraft:dirt":415,"minecraft:infested_stone":1},"minecraft:custom":{"lootr:looted_stat":4,"minecraft:mob_kills":73,"minecraft:interact_with_crafting_table":6,"minecraft:damage_dealt_resisted":1495,"minecraft:leave_game":3,"minecraft:time_since_death":139981,"minecraft:climb_one_cm":820,"minecraft:sprint_one_cm":553767,"minecraft:walk_one_cm":443006,"minecraft:drop":49,"minecraft:play_time":139981,"minecraft:sneak_time":1320,"minecraft:walk_under_water_one_cm":8593,"minecraft:boat_one_cm":61307,"minecraft:jump":2693,"minecraft:walk_on_water_one_cm":12722,"minecraft:enchant_item":2,"minecraft:total_world_time":139981,"minecraft:interact_with_furnace":14,"minecraft:sleep_in_bed":7,"minecraft:time_since_rest":1840,"minecraft:damage_taken":4785,"minecraft:damage_dealt":13769,"minecraft:swim_one_cm":8894,"minecraft:fly_one_cm":928642,"minecraft:open_chest":71,"minecraft:crouch_one_cm":2802,"tombstone:undead_killed":37,"minecraft:fall_one_cm":135410},"minecraft:broken":{"minecraft:netherite_helmet":1,"minecraft:diamond_helmet":1,"minecraft:diamond_leggings":1},"minecraft:picked_up":{"luminousworld:groundpebbles_1":1,"minecraft:coarse_dirt":1,"alexsmobs:maraca":2,"minecraft:chainmail_boots":1,"minecraft:brown_bed":1,"minecraft:string":14,"minecraft:iron_axe":1,"ancient_elements:aetherial_shard":22,"minecraft:netherite_sword":1,"comforts:sleeping_bag_white":3,"minecraft:coal_block":1,"minecraft:stick":226,"minecraft:copper_ingot":2,"minecraft:cherry_log":612,"tombstone:grave_dust":2,"minecraft:arrow":4,"minecraft:rotten_flesh":27,"minecraft:beetroot_seeds":5,"minecraft:iron_block":1,"farmersdelight:rope":13,"supplementaries:ash":2,"minecraft:mutton":2,"undead_revamp2:arapholia":1,"minecraft:cobblestone":47,"minecraft:pink_petals":314,"minecraft:feather":2,"minecraft:black_bed":1,"minecraft:brown_wool":1,"undead_revamp2:huntereye":1,"minecraft:dirt":654,"minecraft:bone":6,"mowziesmobs:umvuthana_mask_rage":1,"minecraft:kelp":1,"minecraft:wheat_seeds":14,"minecraft:dark_oak_sign":3,"mowziesmobs:umvuthana_mask_misery":2,"ancient_elements:aero_charge":51,"sophisticatedbackpacks:diamond_backpack":4,"torchmaster:megatorch":1,"minecraft:cyan_bed":1,"minecraft:crying_obsidian":1,"undead_revamp2:heavytooth":1,"minecraft:bundle":2,"minecraft:slime_ball":1,"enchantinginfuser:enchanting_infuser":1,"minecraft:cherry_sapling":406,"minecraft:baked_potato":9,"minecraft:sunflower":2},"minecraft:dropped":{"minecraft:wheat_seeds":7,"minecraft:diamond_leggings":1,"minecraft:cobblestone":4,"minecraft:yellow_dye":1,"minecraft:cherry_planks":2,"minecraft:diamond_helmet":2,"minecraft:amethyst_shard":2,"minecraft:pink_petals":18,"minecraft:kelp":1,"minecraft:coarse_dirt":1,"sophisticatedbackpacks:diamond_backpack":4,"portablemobs:basic_capture_cell":2,"supplementaries:ash":1,"minecraft:diamond_chestplate":1,"mowziesmobs:umvuthana_mask_misery":1,"farmersdelight:rope":13,"minecraft:diamond_boots":1,"minecraft:crying_obsidian":3},"minecraft:killed":{"undead_revamp2:thehunter":4,"alexsmobs:tiger":2,"minecraft:spider":2,"undead_revamp2:bomber":3,"undead_revamp2:theswarmer":1,"minecraft:skeleton":6,"iceandfire:fire_dragon":2,"undead_revamp2:thebidy":1,"minecraft:silverfish":1,"undead_revamp2:therod":1,"undead_revamp2:sucker":4,"undead_revamp2:thespitter":1,"earthmobsmod:bouldering_zombie":1,"ancient_elements:aetherial_glaze":25,"undead_revamp2:the_moonflower":8,"undead_revamp2:theheavy":1,"mowziesmobs:umvuthana_follower_raptor":1,"minecraft:sheep":1,"undead_revamp2:thesomnolence":1,"minecraft:zombie":6}},"DataVersion":3465}