{"stats":{"minecraft:dropped":{"minecraft:oak_slab":1,"vampirism:armor_of_swiftness_feet_ultimate":3,"botania:yellow_mystical_flower":4,"minecraft:brown_mushroom":10,"minecraft:wheat_seeds":7,"minecraft:cooked_beef":50,"minecraft:oak_log":4,"luminousworld:white_oak_sapling":3,"minecraft:leather":6,"minecraft:coal":11,"vampirism:hunter_coat_feet_ultimate":1,"minecraft:stick":6,"minecraft:dirt":7,"minecraft:dark_oak_log":1,"minecraft:dark_oak_fence":1,"tombstone:grave_key":1,"minecraft:diamond_helmet":1,"tombstone:grave_dust":1,"minecraft:oak_stairs":4,"minecraft:iron_axe":1,"minecraft:sand":3,"minecraft:iron_pickaxe":1,"artifacts:rooted_boots":1,"minecraft:dark_oak_planks":1,"minecraft:spruce_sapling":1,"iceandfire:dragonbone":17,"luminousworld:white_oak_plank":4,"born_in_chaos_v1:fire_dust":2,"minecraft:birch_sapling":8,"undead_revamp2:arapholia":2,"iceandfire:witherbone":6,"minecraft:rotten_flesh":5,"minecraft:iron_boots":1,"minecraft:clay_ball":16,"minecraft:oak_planks":5,"alexsmobs:ancient_dart":1,"iceandfire:dragon_skull_ice":1,"minecraft:chainmail_chestplate":1,"minecraft:diamond_sword":1,"luminousworld:grassflowers":3,"ancient_elements:aero_charge":4,"minecraft:spruce_planks":19,"luminousworld:groundpebbles_1":3,"minecraft:beetroot_seeds":1,"born_in_chaos_v1:corpse_maggot":1,"minecraft:oak_sapling":40,"quark:smithing_template_rune":2,"minecraft:arrow":3,"ecologics:seashell":1,"luminousworld:whiteoaklog":5},"minecraft:killed":{"vampirism:vampire":1,"undead_revamp2:thehunter":1,"born_in_chaos_v1:zombie_lumberjack":1,"minecraft:spider":1,"undead_revamp2:bomber":1,"enemyexpansion:direwolf":1,"born_in_chaos_v1:zombie_bruiser":1,"undead_revamp2:theswarmer":1,"minecraft:phantom":1,"minecraft:skeleton":1,"undead_revamp2:sucker":1,"born_in_chaos_v1:firelight_not_despawn":1,"ancient_elements:aetherial_glaze":3,"undead_revamp2:the_moonflower":1,"minecraft:hoglin":11,"enemyexpansion:huntsman":1,"minecraft:wither_skeleton":14,"enemyexpansion:wasp":1,"enemyexpansion:slugger":1},"minecraft:custom":{"lootr:looted_stat":18,"minecraft:mob_kills":44,"minecraft:interact_with_crafting_table":9,"minecraft:damage_dealt_resisted":276,"minecraft:time_since_death":33625,"minecraft:climb_one_cm":6652,"minecraft:sprint_one_cm":310844,"minecraft:walk_one_cm":378710,"minecraft:drop":109,"minecraft:damage_dealt_absorbed":40,"minecraft:play_time":120129,"minecraft:deaths":5,"minecraft:sneak_time":2601,"minecraft:walk_under_water_one_cm":14402,"minecraft:boat_one_cm":153276,"minecraft:jump":2040,"minecraft:interact_with_brewingstand":1,"minecraft:walk_on_water_one_cm":41459,"minecraft:total_world_time":120129,"minecraft:interact_with_furnace":2,"tombstone:raider_killed":1,"tombstone:exorcism":1,"minecraft:sleep_in_bed":5,"minecraft:time_since_rest":33403,"minecraft:damage_taken":9718,"minecraft:damage_absorbed":120,"minecraft:damage_dealt":15246,"tombstone:cast_on_ally":1,"minecraft:swim_one_cm":62455,"minecraft:fly_one_cm":463924,"minecraft:crouch_one_cm":6822,"tombstone:undead_killed":25,"minecraft:fall_one_cm":54949},"minecraft:crafted":{"minecraft:diamond_helmet":1,"luminousworld:white_oak_plank":48,"minecraft:spruce_boat":1,"minecraft:diamond_sword":2,"minecraft:diamond_axe":1,"minecraft:crafting_table":3,"minecraft:spruce_planks":24,"minecraft:birch_planks":164},"minecraft:picked_up":{"luminousworld:groundpebbles_1":8,"minecraft:mud":2,"minecraft:iron_chestplate":1,"minecraft:chainmail_boots":2,"iceandfire:witherbone":6,"minecraft:clay_ball":16,"minecraft:brown_mushroom":17,"ecologics:seashell":1,"minecraft:oak_stairs":7,"minecraft:string":1,"minecraft:iron_axe":3,"minecraft:iron_leggings":1,"minecraft:iron_shovel":1,"minecraft:spruce_planks":23,"minecraft:iron_pickaxe":2,"sophisticatedbackpacks:netherite_backpack":1,"minecraft:birch_sapling":8,"luminousworld:white_oak_plank":2,"minecraft:iron_boots":1,"tombstone:ankh_of_pray":1,"minecraft:stick":30,"iceandfire:dragonbone":17,"minecraft:copper_ingot":3,"minecraft:oak_fence":2,"botania:yellow_mystical_flower":4,"minecraft:green_bed":2,"minecraft:porkchop":29,"vampirism:vampire_fang":1,"tombstone:grave_dust":3,"minecraft:dark_oak_planks":1,"iceandfire:dragon_skull_ice":1,"luminousworld:white_oak_sapling":3,"luminousworld:grassflowers":3,"minecraft:arrow":4,"minecraft:rotten_flesh":5,"minecraft:beetroot_seeds":1,"undead_revamp2:arapholia":2,"minecraft:birch_log":41,"born_in_chaos_v1:corpse_maggot":1,"minecraft:cooked_beef":121,"vampirism:item_tent":1,"minecraft:leather":6,"minecraft:birch_planks":2,"quark:smithing_template_rune":2,"minecraft:oak_log":72,"minecraft:chainmail_chestplate":1,"minecraft:gunpowder":2,"minecraft:dirt":5,"minecraft:bone":20,"minecraft:apple":7,"minecraft:wheat_seeds":12,"minecraft:iron_ingot":6,"minecraft:oak_planks":10,"minecraft:iron_sword":2,"vampirism:armor_of_swiftness_feet_ultimate":2,"ancient_elements:aero_charge":8,"minecraft:oak_slab":1,"minecraft:sand":3,"minecraft:spruce_sapling":1,"minecraft:spruce_log":6,"minecraft:dark_oak_log":1,"luminousworld:whiteoaklog":23,"born_in_chaos_v1:fire_dust":2,"undead_revamp2:beespheromones":1,"minecraft:iron_helmet":1,"tombstone:magic_scroll":1,"minecraft:oak_sapling":40,"minecraft:dark_oak_fence":1,"minecraft:coal":7},"minecraft:broken":{"minecraft:iron_leggings":1,"minecraft:iron_helmet":1},"minecraft:used":{"luminousworld:whiteoaklog":6,"minecraft:spruce_planks":14,"minecraft:iron_sword":130,"tombstone:scroll_of_preservation":1,"minecraft:dirt":14,"minecraft:diamond_helmet":2,"minecraft:spruce_boat":1,"vampirism:item_tent":1,"minecraft:iron_axe":206,"minecraft:golden_carrot":11,"tombstone:gift":5,"minecraft:cooked_beef":68,"tombstone:scroll_of_knowledge":1,"minecraft:birch_planks":48,"minecraft:oak_planks":1,"luminousworld:white_oak_plank":38,"minecraft:diamond_axe":53,"minecraft:green_bed":2,"minecraft:golden_apple":4,"minecraft:crafting_table":3,"supplementaries:bomb":1,"minecraft:oak_log":4,"minecraft:mud":2,"minecraft:iron_pickaxe":6,"tombstone:magic_scroll":1,"minecraft:diamond_sword":73,"minecraft:potion":1,"minecraft:chainmail_boots":1,"alexsmobs:animal_dictionary":1,"minecraft:splash_potion":2},"minecraft:killed_by":{"iceandfire:stymphalian_bird":1},"minecraft:mined":{"minecraft:dark_oak_planks":1,"minecraft:spruce_planks":12,"minecraft:dark_oak_leaves":2,"minecraft:dark_oak_fence":1,"minecraft:grass_block":2,"luminousworld:grassvariant_2":1,"minecraft:spruce_leaves":2,"luminousworld:white_oak_plank":2,"minecraft:spawner":2,"minecraft:fire":1,"vampirism:tent":1,"minecraft:oak_stairs":1,"minecraft:packed_ice":1,"minecraft:green_bed":3,"minecraft:oak_slab":1,"vampirism:tent_main":1,"minecraft:clay":4,"minecraft:tall_grass":2,"luminousworld:whiteoaklog":24,"farmersdelight:wild_beetroots":1,"minecraft:birch_planks":4,"naturalist:duckweed":2,"ecologics:seashell":1,"minecraft:mud":2,"minecraft:birch_log":40,"minecraft:spruce_log":6,"minecraft:grass":2,"minecraft:oak_log":68,"minecraft:sand":6,"minecraft:dirt":1,"luminousworld:grassvariant_3":1,"minecraft:cobweb":1,"minecraft:oak_leaves":7}},"DataVersion":3465}