{"stats":{"minecraft:killed":{"minecraft:cave_spider":3,"undead_revamp2:thehunter":5,"born_in_chaos_v1:restless_spirit":1,"alexsmobs:rattlesnake":1,"born_in_chaos_v1:maggot":1,"minecraft:skeleton":2,"earthmobsmod:zombified_rabbit":1,"luminousworld:savannah_zombie":2,"earthmobsmod:bouldering_zombie":1,"born_in_chaos_v1:baby_skeleton":1,"born_in_chaos_v1:spirit_guide_assistant":2,"enemyexpansion:sprinter":1,"born_in_chaos_v1:dread_hound_not_despawn":1,"minecraft:creeper":1,"undead_revamp2:theordure":1,"luminousworld:savannah_skeleton":1,"enemyexpansion:meature":1,"minecraft:zombie":2,"iceandfire:ghost":1,"born_in_chaos_v1:dread_hound":1,"enemyexpansion:botfly":1},"minecraft:used":{"minecraft:oak_fence":2,"minecraft:cherry_sapling":6,"minecraft:stone_sword":18,"minecraft:iron_shovel":1702,"minecraft:iron_sword":261,"luminousworld:savannah_ground":2,"minecraft:orange_bed":1,"quark:cherry_chest":2,"minecraft:dirt":75,"farmersdelight:carrot_crate":2,"minecraft:nether_brick_stairs":1,"minecraft:dark_oak_planks":1,"minecraft:iron_axe":271,"minecraft:stone_bricks":2,"minecraft:golden_carrot":8,"luminousworld:savannah_soil":3,"supplementaries:ash":1,"tombstone:gift":6,"minecraft:cooked_beef":64,"minecraft:cobbled_deepslate":9,"minecraft:acacia_planks":6,"minecraft:cherry_log":10,"minecraft:brown_bed":2,"minecraft:stone_pickaxe":3,"minecraft:oak_planks":6,"minecraft:crafting_table":3,"supplementaries:bomb":1,"minecraft:black_bed":4,"earthmobsmod:duck_egg":1,"minecraft:bread":10,"minecraft:iron_pickaxe":169,"minecraft:gravel":4,"minecraft:stone_axe":30,"quark:oak_chest":2,"minecraft:pumpkin_pie":2},"minecraft:crafted":{"minecraft:cherry_planks":36,"minecraft:oak_planks":32,"quark:cherry_chest":4,"minecraft:iron_boots":1,"minecraft:oak_button":1,"minecraft:crafting_table":3,"minecraft:iron_helmet":2,"minecraft:iron_sword":1,"minecraft:iron_chestplate":1,"minecraft:stick":8,"quark:oak_chest":1,"minecraft:iron_shovel":9},"minecraft:broken":{"minecraft:iron_shovel":5},"minecraft:picked_up":{"luminousworld:groundpebbles_1":11,"minecraft:anvil":1,"minecraft:brown_mushroom":2,"minecraft:brown_bed":4,"minecraft:potion":2,"minecraft:enchanted_book":2,"minecraft:string":15,"minecraft:iron_axe":1,"farmersdelight:apple_pie":63,"minecraft:iron_shovel":1,"supplementaries:bomb":2,"minecraft:gold_nugget":17,"minecraft:cobbled_deepslate":9,"earthmobsmod:duck_egg":2,"minecraft:stick":63,"minecraft:raw_iron":1,"iceandfire:dragonbone":10,"minecraft:oak_fence":2,"minecraft:torch":1,"luminousworld:savannah_soil":8,"sophisticatedbackpacks:backpack":1,"minecraft:cherry_log":234,"minecraft:carrot":123,"minecraft:redstone":1,"quark:blossom_planks":20,"minecraft:dark_oak_planks":1,"minecraft:orange_bed":1,"minecraft:arrow":4,"luminousworld:grassflowers":1,"minecraft:stone_sword":1,"minecraft:rotten_flesh":17,"luminousworld:yellow_grassflowers":1,"supplementaries:antique_ink":2,"minecraft:hay_block":16,"supplementaries:ash":24,"minecraft:rail":1,"minecraft:cobblestone":126,"minecraft:pink_petals":1521,"luminousworld:savannah_ground":3,"minecraft:cherry_planks":4,"born_in_chaos_v1:monster_flesh":2,"minecraft:tripwire_hook":3,"minecraft:black_bed":4,"minecraft:red_mushroom":7,"minecraft:potato":115,"minecraft:flint":1,"minecraft:oak_log":4,"minecraft:chainmail_chestplate":2,"undead_revamp2:huntereye":1,"minecraft:gunpowder":3,"farmersdelight:carrot_crate":1,"artifacts:pickaxe_heater":1,"minecraft:dirt":1420,"born_in_chaos_v1:monster_skin":2,"minecraft:bone":5,"minecraft:acacia_planks":16,"minecraft:stone_bricks":2,"minecraft:stonecutter":1,"minecraft:wheat_seeds":35,"minecraft:stone_pickaxe":1,"minecraft:iron_ingot":35,"minecraft:stripped_oak_wood":4,"minecraft:mossy_stone_bricks":1,"minecraft:bamboo":11,"minecraft:iron_sword":5,"minecraft:oak_planks":2,"minecraft:book":69,"born_in_chaos_v1:ethereal_spirit":2,"minecraft:gravel":6,"iceandfire:dragon_skull_fire":1,"minecraft:sand":4,"minecraft:spruce_sapling":5,"minecraft:nether_brick_stairs":1,"quark:oak_chest":1,"minecraft:spider_eye":1,"minecraft:iron_hoe":1,"minecraft:diamond":5,"minecraft:stone_axe":2,"evilcraft:broom":1,"alexsmobs:rattlesnake_rattle":1,"minecraft:painting":1,"minecraft:cherry_sapling":168,"minecraft:chainmail_helmet":1,"minecraft:golden_apple":1,"minecraft:emerald":4,"minecraft:bread":40,"minecraft:oak_button":1},"minecraft:dropped":{"minecraft:iron_sword":5,"minecraft:wheat_seeds":1,"farmersdelight:apple_pie":127,"minecraft:diamond":1,"minecraft:iron_helmet":1,"minecraft:cobblestone":8,"alexsmobs:rattlesnake_rattle":1,"iceandfire:ectoplasm":1,"minecraft:stick":6,"minecraft:flint":1,"born_in_chaos_v1:monster_flesh":2,"minecraft:torch":1,"born_in_chaos_v1:monster_skin":1,"evilcraft:broom":1,"luminousworld:savannah_ground":1,"minecraft:map":3,"minecraft:potion":1,"minecraft:iron_axe":1,"minecraft:sand":4,"minecraft:pink_petals":320,"minecraft:iron_shovel":1,"minecraft:paper":5,"minecraft:string":1,"minecraft:tripwire_hook":3,"earthmobsmod:duck_egg":1,"artifacts:digging_claws":1,"minecraft:spruce_sapling":10,"minecraft:redstone":1,"minecraft:bone":1,"minecraft:gravel":2,"minecraft:stone_axe":1,"minecraft:stone_sword":1,"supplementaries:bomb":4,"born_in_chaos_v1:ethereal_spirit":2,"farmersdelight:cabbage":1,"minecraft:rotten_flesh":8,"minecraft:oak_planks":11,"sophisticatedbackpacks:backpack":1,"luminousworld:savannah_soil":5,"evilcraft:flesh_humanoid":1,"minecraft:chainmail_chestplate":1,"supplementaries:ash":9,"luminousworld:grassflowers":1,"minecraft:oak_button":2,"minecraft:gunpowder":1,"luminousworld:groundpebbles_1":1,"minecraft:mossy_stone_bricks":1,"minecraft:oak_sapling":5,"minecraft:brown_bed":2,"artifacts:pickaxe_heater":1,"minecraft:spider_eye":1,"minecraft:bow":1,"minecraft:arrow":2,"minecraft:stone_pickaxe":1},"minecraft:custom":{"lootr:looted_stat":33,"minecraft:mob_kills":35,"minecraft:interact_with_anvil":1,"minecraft:interact_with_crafting_table":18,"minecraft:damage_dealt_resisted":120,"minecraft:eat_cake_slice":3,"minecraft:leave_game":1,"minecraft:time_since_death":87824,"minecraft:climb_one_cm":16764,"minecraft:sprint_one_cm":400829,"minecraft:walk_one_cm":755405,"minecraft:drop":90,"minecraft:play_time":171377,"minecraft:deaths":1,"minecraft:sneak_time":2582,"minecraft:walk_under_water_one_cm":3257,"minecraft:jump":2268,"minecraft:interact_with_brewingstand":1,"minecraft:interact_with_blast_furnace":5,"minecraft:walk_on_water_one_cm":3290,"minecraft:total_world_time":171377,"minecraft:interact_with_furnace":3,"minecraft:sleep_in_bed":4,"minecraft:time_since_rest":13335,"minecraft:damage_taken":8832,"minecraft:trigger_trapped_chest":1,"minecraft:damage_dealt":7834,"minecraft:swim_one_cm":4580,"minecraft:fly_one_cm":422451,"minecraft:open_chest":49,"minecraft:crouch_one_cm":9810,"tombstone:undead_killed":21,"minecraft:fall_one_cm":58236},"minecraft:mined":{"minecraft:dark_oak_planks":3,"minecraft:spruce_planks":2,"minecraft:deepslate_diamond_ore":2,"minecraft:cherry_log":227,"minecraft:sculk_vein":1,"minecraft:grass_block":1025,"minecraft:brown_mushroom_block":3,"minecraft:red_mushroom":1,"luminousworld:savanna_grass_2":1,"minecraft:spawner":2,"minecraft:hay_block":16,"minecraft:carrots":17,"minecraft:iron_ore":12,"minecraft:fire":21,"minecraft:anvil":1,"minecraft:nether_brick_stairs":1,"minecraft:brown_bed":3,"minecraft:bookshelf":23,"minecraft:potatoes":19,"luminousworld:groundpebbles_2":1,"minecraft:bamboo":1,"minecraft:stone":118,"minecraft:orange_bed":1,"luminousworld:savannah_soil":10,"minecraft:brown_mushroom":2,"ecologics:pot":1,"quark:oak_chest":1,"minecraft:oak_fence":1,"born_in_chaos_v1:infected_deepslate_diamond_ore":1,"minecraft:mushroom_stem":5,"farmersdelight:carrot_crate":1,"luminousworld:grassflowers":1,"minecraft:tall_grass":2,"minecraft:cobblestone":1,"minecraft:oak_planks":2,"minecraft:pink_petals":278,"supplementaries:urn":4,"minecraft:stripped_oak_wood":4,"minecraft:black_bed":4,"minecraft:grass":120,"minecraft:oak_log":4,"minecraft:gravel":6,"minecraft:dirt":337,"luminousworld:grassvariant_3":1,"minecraft:cobweb":12,"minecraft:stonecutter":1,"minecraft:red_mushroom_block":3,"minecraft:stone_bricks":1,"luminousworld:savannah_grass_4":1,"minecraft:mossy_stone_bricks":1,"minecraft:oak_leaves":2,"minecraft:deepslate":12,"minecraft:fern":1,"luminousworld:savannah_ground":2}},"DataVersion":3465}