{"stats":{"minecraft:crafted":{"hangglider:glider_framework":1,"minecraft:cherry_planks":96,"sophisticatedbackpacks:backpack":2,"enchantinginfuser:enchanting_infuser":1,"minecraft:crafting_table":1,"minecraft:enchanting_table":1,"hangglider:hang_glider":1,"sophisticatedbackpacks:gold_backpack":2,"hangglider:glider_wing":2,"quark:cherry_chest":2,"minecraft:air":0,"minecraft:leather":31,"sophisticatedbackpacks:diamond_backpack":2,"minecraft:iron_ingot":13,"ancient_elements:raw_aetherium":4,"sophisticatedbackpacks:iron_backpack":2},"minecraft:used":{"minecraft:cherry_sapling":4,"minecraft:water_bucket":2,"minecraft:netherite_sword":173,"minecraft:iron_shovel":60,"minecraft:cherry_planks":28,"minecraft:diamond_axe":651,"quark:cherry_chest":4,"minecraft:dirt":64,"minecraft:crafting_table":1,"minecraft:netherite_helmet":1,"quark:cherry_bookshelf":18,"minecraft:black_bed":2,"minecraft:diamond_pickaxe":59,"minecraft:iron_axe":3,"minecraft:pink_petals":6,"enchantinginfuser:enchanting_infuser":2,"minecraft:cobblestone":69,"minecraft:golden_carrot":39,"minecraft:bow":103,"minecraft:furnace":1,"minecraft:bucket":1,"tombstone:gift":1,"torchmaster:megatorch":1,"minecraft:cherry_log":1,"minecraft:diamond_leggings":1},"minecraft:mined":{"enchantinginfuser:enchanting_infuser":1,"minecraft:cherry_log":593,"torchmaster:megatorch":1,"minecraft:grass_block":35,"minecraft:tall_grass":2,"minecraft:cobblestone":20,"minecraft:pink_petals":63,"minecraft:coarse_dirt":1,"minecraft:fire":14,"minecraft:black_bed":1,"minecraft:grass":51,"minecraft:dirt":26,"minecraft:stone":33,"minecraft:iron_block":1,"minecraft:infested_stone":1},"minecraft:custom":{"minecraft:interact_with_furnace":14,"lootr:looted_stat":1,"minecraft:mob_kills":55,"minecraft:interact_with_crafting_table":6,"minecraft:damage_dealt_resisted":1495,"minecraft:leave_game":3,"minecraft:time_since_death":92331,"minecraft:sleep_in_bed":3,"minecraft:time_since_rest":2084,"minecraft:sprint_one_cm":384477,"minecraft:damage_taken":2951,"minecraft:walk_one_cm":309016,"minecraft:drop":37,"minecraft:damage_dealt":10052,"minecraft:swim_one_cm":2867,"minecraft:fly_one_cm":646571,"minecraft:open_chest":63,"minecraft:crouch_one_cm":2164,"minecraft:play_time":92331,"tombstone:undead_killed":26,"minecraft:sneak_time":869,"minecraft:walk_under_water_one_cm":1217,"minecraft:jump":1836,"minecraft:walk_on_water_one_cm":980,"minecraft:total_world_time":92331,"minecraft:fall_one_cm":102319},"minecraft:broken":{"minecraft:diamond_helmet":1,"minecraft:diamond_leggings":1},"minecraft:picked_up":{"minecraft:pink_petals":183,"minecraft:coarse_dirt":1,"minecraft:chainmail_boots":1,"minecraft:black_bed":1,"undead_revamp2:huntereye":1,"minecraft:dirt":122,"minecraft:string":14,"minecraft:iron_axe":1,"minecraft:bone":1,"ancient_elements:aetherial_shard":22,"minecraft:wheat_seeds":9,"minecraft:netherite_sword":1,"sophisticatedbackpacks:diamond_backpack":4,"ancient_elements:aero_charge":44,"minecraft:stick":215,"minecraft:copper_ingot":2,"torchmaster:megatorch":1,"minecraft:cherry_log":590,"tombstone:grave_dust":2,"undead_revamp2:heavytooth":1,"minecraft:bundle":2,"minecraft:rotten_flesh":17,"minecraft:slime_ball":1,"minecraft:beetroot_seeds":5,"enchantinginfuser:enchanting_infuser":1,"minecraft:iron_block":1,"minecraft:cherry_sapling":393,"farmersdelight:rope":13,"supplementaries:ash":2,"undead_revamp2:arapholia":1,"minecraft:cobblestone":47},"minecraft:dropped":{"minecraft:wheat_seeds":5,"minecraft:coarse_dirt":1,"minecraft:cobblestone":4,"sophisticatedbackpacks:diamond_backpack":4,"supplementaries:ash":1,"minecraft:cherry_planks":2,"farmersdelight:rope":13,"minecraft:amethyst_shard":2,"minecraft:crying_obsidian":3,"minecraft:pink_petals":18},"minecraft:killed":{"earthmobsmod:bouldering_zombie":1,"undead_revamp2:thehunter":4,"alexsmobs:tiger":2,"ancient_elements:aetherial_glaze":22,"undead_revamp2:the_moonflower":3,"minecraft:spider":2,"undead_revamp2:theheavy":1,"undead_revamp2:bomber":3,"undead_revamp2:theswarmer":1,"minecraft:skeleton":1,"minecraft:zombie":5,"iceandfire:fire_dragon":1,"undead_revamp2:thebidy":1,"minecraft:silverfish":1,"undead_revamp2:therod":1,"undead_revamp2:sucker":4,"undead_revamp2:thespitter":1}},"DataVersion":3465}