{"stats":{"minecraft:dropped":{"minecraft:brown_mushroom":5,"minecraft:wheat_seeds":5,"minecraft:cooked_beef":57,"minecraft:oak_log":6,"ae2:sky_stone_block":1,"minecraft:feather":2,"minecraft:cobblestone":59,"minecraft:oak_planks":7,"minecraft:stick":5,"luminousworld:yellow_grassflowers":1,"ecologics:walnut_planks":2,"minecraft:dirt":3,"minecraft:oak_sapling":3,"minecraft:pumpkin":1,"quark:blossom_trapdoor":2,"artifacts:rooted_boots":1,"minecraft:string":1,"minecraft:stone_brick_stairs":1,"minecraft:lily_pad":9,"luminousworld:decorative_brown_2":1,"minecraft:gold_ingot":8},"minecraft:killed":{"earthmobsmod:duck":1,"iceandfire:stymphalian_bird":2,"minecraft:creeper":1,"minecraft:sheep":3},"minecraft:custom":{"minecraft:interact_with_furnace":1,"lootr:looted_stat":4,"minecraft:mob_kills":7,"minecraft:interact_with_crafting_table":6,"minecraft:leave_game":2,"minecraft:time_since_death":13574,"minecraft:sleep_in_bed":2,"minecraft:climb_one_cm":5153,"minecraft:time_since_rest":12916,"minecraft:sprint_one_cm":415287,"minecraft:damage_taken":1874,"minecraft:walk_one_cm":199851,"minecraft:drop":38,"minecraft:damage_dealt":1061,"minecraft:swim_one_cm":20620,"minecraft:fly_one_cm":404080,"minecraft:open_chest":7,"minecraft:crouch_one_cm":1991,"minecraft:play_time":83896,"minecraft:deaths":3,"minecraft:sneak_time":969,"minecraft:walk_under_water_one_cm":617,"minecraft:jump":1574,"minecraft:total_world_time":83896,"minecraft:boat_one_cm":9045,"minecraft:walk_on_water_one_cm":17036,"minecraft:fall_one_cm":38002},"minecraft:crafted":{"minecraft:oak_planks":32,"quark:blossom_planks":124,"minecraft:crafting_table":1,"ecologics:walnut_planks":8,"minecraft:furnace":1,"quark:blossom_chest":1,"minecraft:oak_boat":1,"minecraft:charcoal":3,"minecraft:stick":4,"minecraft:white_bed":1,"minecraft:torch":12,"minecraft:shears":1,"quark:blossom_trapdoor":4},"minecraft:picked_up":{"ecologics:walnut_planks":1,"minecraft:crafting_table":3,"minecraft:iron_chestplate":1,"vampirism:vampire_book":2,"minecraft:feather":2,"minecraft:cooked_beef":114,"luminousworld:decorative_brown_2":1,"minecraft:chicken":1,"vampirism:item_tent":3,"minecraft:brown_mushroom":9,"minecraft:red_mushroom":8,"minecraft:enchanted_book":1,"minecraft:stone_brick_stairs":2,"minecraft:oak_log":14,"minecraft:lily_pad":18,"luminousworld:purple_petunias":1,"minecraft:string":1,"minecraft:dirt":13,"minecraft:iron_axe":1,"minecraft:iron_leggings":2,"minecraft:iron_shovel":1,"minecraft:apple":1,"minecraft:wheat_seeds":5,"minecraft:iron_ingot":4,"minecraft:oak_boat":1,"minecraft:mossy_stone_bricks":1,"minecraft:iron_pickaxe":1,"quark:yellow_blossom_sapling":7,"sophisticatedbackpacks:netherite_backpack":1,"minecraft:iron_sword":1,"minecraft:oak_planks":10,"minecraft:mossy_stone_brick_stairs":2,"minecraft:furnace":1,"minecraft:iron_boots":2,"minecraft:stick":5,"minecraft:pumpkin":1,"ecologics:walnut_log":2,"artifacts:rooted_boots":1,"patchouli:guide_book":2,"vampirism:fire_place":1,"evilcraft:origins_of_darkness":1,"quark:blossom_log":61,"iceandfire:stymphalian_bird_feather":51,"minecraft:white_bed":2,"quark:blossom_trapdoor":3,"alexsmobs:animal_dictionary":2,"quark:blossom_planks":60,"ae2:sky_stone_block":1,"luminousworld:decorative_brown_mushroom_1":1,"minecraft:light_gray_candle":15,"luminousworld:yellow_grassflowers":1,"minecraft:shears":1,"minecraft:iron_helmet":2,"tombstone:scroll_of_aquatic_life":1,"minecraft:gold_ingot":16,"quark:blossom_chest":1,"evilcraft:condensed_blood":17,"minecraft:oak_sapling":3,"endrem:rogue_eye":1,"minecraft:mutton":2,"minecraft:white_wool":3,"minecraft:cobblestone":157},"minecraft:used":{"minecraft:iron_shovel":1,"minecraft:oak_planks":15,"minecraft:mossy_stone_brick_stairs":2,"minecraft:iron_sword":16,"minecraft:iron_chestplate":1,"minecraft:torch":1,"minecraft:mutton":2,"minecraft:crafting_table":3,"minecraft:white_bed":2,"vampirism:item_tent":3,"minecraft:iron_axe":93,"minecraft:chicken":1,"minecraft:iron_pickaxe":122,"minecraft:iron_helmet":1,"quark:blossom_chest":1,"quark:blossom_trapdoor":3,"minecraft:furnace":1,"minecraft:cooked_beef":17,"minecraft:cobblestone":46,"minecraft:oak_boat":1,"luminousworld:purple_petunias":1,"quark:blossom_planks":29},"minecraft:killed_by":{"minecraft:zombie":1},"minecraft:mined":{"minecraft:white_bed":2,"minecraft:dark_oak_leaves":2,"luminousworld:purple_petunias":1,"vampirism:tent_main":2,"minecraft:crafting_table":3,"minecraft:grass_block":5,"quark:blossom_log":62,"minecraft:mushroom_stem":3,"luminousworld:grassvariant_2":1,"minecraft:tall_grass":4,"minecraft:cobblestone":2,"luminousworld:decorative_brown_mushroom_1":1,"luminousworld:blackberrybush":3,"minecraft:spruce_leaves":4,"minecraft:oak_planks":2,"minecraft:large_fern":3,"minecraft:seagrass":1,"minecraft:light_gray_candle":2,"quark:blossom_chest":1,"minecraft:furnace":1,"minecraft:wheat":1,"luminousworld:mossbuds_3":1,"minecraft:pumpkin":1,"quark:blossom_planks":1,"minecraft:stone_brick_stairs":1,"minecraft:grass":8,"minecraft:mossy_stone_brick_stairs":2,"minecraft:oak_log":14,"vampirism:fire_place":1,"minecraft:stone":92,"minecraft:dirt":6,"minecraft:cobweb":1,"minecraft:cracked_stone_bricks":2,"luminousworld:grassvariant_3":1,"ecologics:walnut_log":2,"minecraft:stone_bricks":2,"minecraft:red_mushroom_block":12,"luminousworld:decorative_brown_2":1,"ae2:sky_stone_block":1,"minecraft:mossy_stone_bricks":5,"placeablesmod:iron_helmet":1,"minecraft:oak_leaves":1}},"DataVersion":3465}