{"stats":{"minecraft:dropped":{"artifacts:antidote_vessel":2,"minecraft:golden_carrot":34},"minecraft:used":{"minecraft:golden_carrot":7},"minecraft:custom":{"minecraft:jump":182,"minecraft:open_chest":2,"minecraft:time_since_rest":14809,"minecraft:damage_dealt":18,"minecraft:crouch_one_cm":1186,"minecraft:walk_on_water_one_cm":55,"minecraft:sprint_one_cm":34232,"minecraft:play_time":14809,"minecraft:damage_taken":610,"minecraft:time_since_death":14809,"minecraft:walk_one_cm":39716,"minecraft:sneak_time":382,"minecraft:climb_one_cm":2037,"minecraft:total_world_time":14809,"minecraft:drop":36,"minecraft:fall_one_cm":8532,"minecraft:fly_one_cm":34560},"minecraft:picked_up":{"minecraft:golden_carrot":34,"artifacts:antidote_vessel":2,"evilcraft:broom":1}},"DataVersion":3465}