{"stats":{"minecraft:dropped":{"minecraft:golden_carrot":34,"minecraft:diamond_pickaxe":1,"artifacts:antidote_vessel":2,"iceandfire:fire_dragon_heart":1,"iceandfire:dragon_skull_fire":1,"iceandfire:dragonscales_bronze":73,"iceandfire:dragonegg_gray":1},"minecraft:broken":{"minecraft:iron_shovel":1},"minecraft:mined":{"minecraft:brown_mushroom":1,"minecraft:cherry_log":21,"farmersdelight:wild_carrots":3,"minecraft:soul_lantern":1,"minecraft:blast_furnace":3,"minecraft:grass_block":342,"placeablesmod:nametagblock":1,"minecraft:tall_grass":5,"botania:light_gray_mystical_flower":2,"minecraft:pink_petals":11,"botania:purple_mystical_flower":2,"minecraft:grass":51,"minecraft:coal_ore":2,"minecraft:cherry_leaves":1,"minecraft:sunflower":3,"minecraft:dirt":2,"minecraft:potted_cornflower":1,"luminousworld:groundpebbles_2":2,"minecraft:stripped_mangrove_wood":9,"botania:magenta_double_flower":1},"minecraft:crafted":{"minecraft:cherry_planks":32,"minecraft:crafting_table":1,"minecraft:iron_helmet":1,"quark:cherry_chest":2,"minecraft:iron_boots":1,"minecraft:iron_chestplate":1,"minecraft:shield":1,"minecraft:iron_axe":1,"minecraft:iron_pickaxe":1,"minecraft:iron_shovel":2,"minecraft:iron_leggings":1},"minecraft:used":{"minecraft:cherry_sapling":1,"minecraft:iron_shovel":358,"minecraft:shield":7,"minecraft:cherry_planks":6,"minecraft:iron_chestplate":1,"minecraft:dirt":10,"quark:cherry_chest":2,"minecraft:crafting_table":1,"minecraft:flower_pot":1,"minecraft:sunflower":1,"minecraft:iron_axe":29,"minecraft:iron_pickaxe":6,"minecraft:golden_carrot":23,"minecraft:iron_leggings":1},"minecraft:custom":{"minecraft:interact_with_furnace":4,"lootr:looted_stat":1,"minecraft:mob_kills":3,"minecraft:interact_with_crafting_table":8,"minecraft:time_since_death":37451,"minecraft:sleep_in_bed":3,"minecraft:climb_one_cm":4181,"minecraft:time_since_rest":7571,"minecraft:sprint_one_cm":195210,"minecraft:damage_taken":2224,"minecraft:walk_one_cm":187904,"minecraft:damage_blocked_by_shield":450,"minecraft:drop":42,"minecraft:damage_dealt":801,"minecraft:fly_one_cm":209314,"minecraft:open_chest":2,"minecraft:crouch_one_cm":6726,"minecraft:play_time":74809,"minecraft:deaths":1,"minecraft:sneak_time":2608,"minecraft:walk_under_water_one_cm":929,"minecraft:jump":800,"minecraft:interact_with_blast_furnace":1,"minecraft:walk_on_water_one_cm":490,"minecraft:enchant_item":1,"minecraft:total_world_time":74809,"minecraft:fall_one_cm":31771},"minecraft:killed":{"enemyexpansion:direwolf":2,"born_in_chaos_v1:corpse_fly":1},"minecraft:picked_up":{"born_in_chaos_v1:fused_bone":1,"born_in_chaos_v1:corpse_maggot":2,"minecraft:pink_petals":122,"luminousworld:groundpebbles_1":13,"minecraft:golden_carrot":34,"minecraft:flower_pot":1,"minecraft:brown_mushroom":1,"minecraft:gunpowder":1,"iceandfire:dragonegg_gray":2,"minecraft:cornflower":1,"minecraft:dirt":329,"iceandfire:dragonscales_bronze":73,"minecraft:name_tag":1,"iceandfire:dragonbone_sword_ice":1,"minecraft:bone":4,"minecraft:wheat_seeds":14,"botania:purple_mystical_flower":2,"artifacts:antidote_vessel":2,"iceandfire:fire_dragon_flesh":5,"minecraft:stick":12,"iceandfire:dragonbone":34,"minecraft:stripped_mangrove_wood":9,"iceandfire:dragon_skull_fire":1,"minecraft:cherry_log":21,"minecraft:blast_furnace":3,"minecraft:carrot":3,"minecraft:rotten_flesh":2,"botania:light_gray_mystical_flower":6,"evilcraft:broom":1,"iceandfire:fire_dragon_heart":1,"minecraft:cherry_sapling":6,"tombstone:essence_of_undeath":2,"botania:magenta_double_flower":1,"minecraft:coal":2,"minecraft:diamond_pickaxe":1,"minecraft:sunflower":3}},"DataVersion":3465}