{"stats":{"minecraft:dropped":{"minecraft:brown_mushroom":5,"minecraft:wheat_seeds":5,"minecraft:cooked_beef":57,"minecraft:oak_log":6,"ae2:sky_stone_block":1,"minecraft:feather":2,"minecraft:cobblestone":59,"minecraft:stick":5,"ecologics:walnut_planks":2,"minecraft:dirt":3,"minecraft:pumpkin":1,"quark:blossom_trapdoor":2,"artifacts:rooted_boots":1,"minecraft:lily_pad":9,"minecraft:string":1,"luminousworld:decorative_brown_2":1,"minecraft:gold_ingot":8,"minecraft:oak_planks":7,"luminousworld:yellow_grassflowers":1,"minecraft:oak_sapling":3,"minecraft:stone_brick_stairs":1},"minecraft:killed":{"earthmobsmod:duck":1,"born_in_chaos_v1:restless_spirit":1,"enemyexpansion:direwolf":1,"iceandfire:stymphalian_bird":2,"minecraft:creeper":1,"minecraft:sheep":3,"minecraft:wither_skeleton":1},"minecraft:custom":{"lootr:looted_stat":36,"minecraft:mob_kills":10,"minecraft:interact_with_crafting_table":7,"minecraft:eat_cake_slice":2,"minecraft:leave_game":2,"minecraft:time_since_death":27224,"minecraft:climb_one_cm":6363,"minecraft:sprint_one_cm":571220,"minecraft:walk_one_cm":347458,"minecraft:damage_blocked_by_shield":570,"vampirism:interact_with_totem":1,"minecraft:drop":38,"minecraft:play_noteblock":1,"minecraft:play_time":124022,"minecraft:deaths":4,"minecraft:sneak_time":1261,"minecraft:walk_under_water_one_cm":2303,"minecraft:boat_one_cm":9045,"minecraft:jump":2145,"minecraft:walk_on_water_one_cm":27517,"minecraft:total_world_time":124022,"minecraft:interact_with_furnace":2,"minecraft:tune_noteblock":78,"minecraft:sleep_in_bed":6,"minecraft:time_since_rest":9877,"minecraft:damage_taken":7156,"minecraft:damage_absorbed":80,"minecraft:damage_dealt":1994,"minecraft:swim_one_cm":32203,"minecraft:fly_one_cm":574293,"minecraft:open_chest":10,"minecraft:crouch_one_cm":2586,"tombstone:undead_killed":1,"minecraft:fall_one_cm":66667},"minecraft:crafted":{"minecraft:oak_planks":32,"ecologics:walnut_planks":8,"minecraft:furnace":1,"quark:blossom_chest":1,"quark:blossom_planks":124,"minecraft:crafting_table":1,"minecraft:oak_boat":1,"minecraft:charcoal":3,"minecraft:shield":2,"minecraft:stick":4,"minecraft:white_bed":1,"minecraft:torch":12,"minecraft:shears":1,"quark:blossom_trapdoor":4},"minecraft:picked_up":{"minecraft:charcoal":8,"luminousworld:groundpebbles_1":1,"minecraft:iron_chestplate":1,"minecraft:crafting_table":4,"luminousworld:decorative_brown_2":1,"minecraft:chicken":1,"minecraft:brown_mushroom":9,"minecraft:enchanted_book":1,"minecraft:stone_brick_stairs":2,"minecraft:crimson_planks":1,"minecraft:chain":1,"minecraft:string":3,"minecraft:iron_axe":1,"minecraft:iron_leggings":2,"minecraft:iron_shovel":1,"luminousworld:palm_log":17,"minecraft:spruce_planks":7,"minecraft:beef":6,"minecraft:oak_boat":1,"minecraft:iron_pickaxe":1,"minecraft:spruce_slab":7,"quark:yellow_blossom_sapling":7,"sophisticatedbackpacks:netherite_backpack":1,"minecraft:iron_boots":2,"minecraft:furnace":1,"minecraft:stick":10,"ecologics:walnut_log":2,"ecologics:coconut_seedling":3,"evilcraft:origins_of_darkness":1,"minecraft:spruce_stairs":1,"minecraft:spruce_fence":1,"minecraft:note_block":1,"quark:blossom_log":61,"minecraft:porkchop":9,"minecraft:stone_button":1,"quark:blossom_planks":60,"minecraft:purple_terracotta":3,"ae2:sky_stone_block":1,"minecraft:arrow":1,"luminousworld:decorative_brown_mushroom_1":1,"minecraft:rotten_flesh":4,"luminousworld:yellow_grassflowers":1,"ecologics:coconut_log":9,"minecraft:shears":1,"minecraft:black_banner":1,"minecraft:saddle":1,"minecraft:gold_ingot":16,"tombstone:scroll_of_aquatic_life":1,"quark:blossom_chest":1,"evilcraft:condensed_blood":17,"endrem:rogue_eye":1,"minecraft:mutton":6,"minecraft:white_wool":14,"minecraft:cobblestone":157,"ecologics:walnut_planks":1,"born_in_chaos_v1:corpse_maggot":1,"vampirism:vampire_book":2,"minecraft:feather":2,"minecraft:cooked_beef":114,"vampirism:item_tent":3,"minecraft:red_mushroom":8,"minecraft:birch_planks":2,"minecraft:oak_log":14,"minecraft:lily_pad":18,"luminousworld:purple_petunias":1,"minecraft:gunpowder":2,"minecraft:dirt":13,"minecraft:bone":2,"minecraft:apple":1,"minecraft:wheat_seeds":5,"minecraft:iron_ingot":4,"minecraft:mossy_stone_bricks":1,"minecraft:diamond_helmet":1,"minecraft:oak_planks":10,"minecraft:iron_sword":1,"minecraft:mossy_stone_brick_stairs":2,"minecraft:pumpkin":1,"artifacts:rooted_boots":1,"patchouli:guide_book":2,"vampirism:fire_place":1,"born_in_chaos_v1:ethereal_spirit":1,"minecraft:jungle_planks":4,"iceandfire:stymphalian_bird_feather":51,"minecraft:white_bed":4,"quark:blossom_trapdoor":3,"minecraft:jungle_slab":1,"alexsmobs:animal_dictionary":2,"minecraft:bundle":1,"minecraft:light_gray_candle":15,"minecraft:iron_helmet":2,"minecraft:emerald":1,"minecraft:oak_sapling":3},"minecraft:broken":{"minecraft:shield":1},"minecraft:used":{"minecraft:iron_shovel":1,"minecraft:shield":81,"minecraft:iron_sword":49,"minecraft:iron_chestplate":1,"minecraft:torch":1,"minecraft:mutton":2,"vampirism:item_tent":3,"minecraft:iron_axe":148,"minecraft:iron_helmet":1,"quark:blossom_chest":1,"minecraft:furnace":1,"tombstone:gift":1,"quark:blossom_planks":43,"minecraft:cooked_beef":50,"luminousworld:palm_log":7,"minecraft:oak_planks":15,"minecraft:mossy_stone_brick_stairs":2,"minecraft:golden_apple":2,"minecraft:crafting_table":4,"minecraft:white_bed":4,"minecraft:note_block":1,"minecraft:chicken":1,"minecraft:iron_pickaxe":128,"minecraft:cobblestone":46,"luminousworld:purple_petunias":1,"quark:blossom_trapdoor":3,"minecraft:oak_boat":1},"minecraft:killed_by":{"ancient_elements:aetherial_glaze":1,"minecraft:zombie":1},"minecraft:mined":{"minecraft:spruce_planks":5,"minecraft:white_bed":3,"minecraft:dark_oak_leaves":2,"minecraft:jungle_slab":1,"minecraft:purple_terracotta":3,"minecraft:grass_block":5,"minecraft:spruce_fence":1,"minecraft:jungle_planks":4,"luminousworld:grassvariant_2":1,"luminousworld:decorative_brown_mushroom_1":1,"ecologics:coconut_log":9,"luminousworld:blackberrybush":3,"minecraft:spruce_leaves":6,"minecraft:large_fern":3,"quark:blossom_chest":1,"minecraft:furnace":1,"quark:blossom_planks":1,"minecraft:pumpkin":1,"luminousworld:mossbuds_3":1,"minecraft:mossy_stone_brick_stairs":2,"ecologics:walnut_log":2,"ae2:sky_stone_block":1,"luminousworld:decorative_brown_2":1,"minecraft:stone":92,"minecraft:spruce_slab":6,"placeablesmod:iron_helmet":1,"luminousworld:purple_petunias":1,"vampirism:tent_main":2,"ecologics:thin_ice":2,"minecraft:crafting_table":4,"minecraft:note_block":1,"minecraft:campfire":4,"quark:blossom_log":62,"minecraft:mushroom_stem":3,"minecraft:tall_grass":4,"minecraft:cobblestone":2,"minecraft:oak_planks":2,"minecraft:spruce_stairs":1,"minecraft:seagrass":1,"minecraft:light_gray_candle":2,"minecraft:wheat":1,"minecraft:black_wall_banner":1,"minecraft:stone_brick_stairs":1,"minecraft:grass":8,"minecraft:oak_log":14,"vampirism:fire_place":1,"minecraft:dirt":6,"minecraft:crimson_planks":1,"luminousworld:grassvariant_3":1,"minecraft:cobweb":2,"minecraft:cracked_stone_bricks":2,"luminousworld:palm_log":17,"minecraft:red_mushroom_block":12,"minecraft:stone_bricks":2,"minecraft:mossy_stone_bricks":5,"minecraft:oak_leaves":1}},"DataVersion":3465}