{"stats":{"minecraft:dropped":{"minecraft:purple_terracotta":3,"minecraft:brown_mushroom":5,"minecraft:wheat_seeds":5,"minecraft:cooked_beef":57,"minecraft:oak_log":6,"ae2:sky_stone_block":1,"minecraft:feather":2,"minecraft:cobblestone":59,"minecraft:stick":5,"ecologics:walnut_planks":2,"minecraft:dirt":3,"minecraft:golden_carrot":1,"minecraft:pumpkin":1,"quark:blossom_trapdoor":2,"artifacts:rooted_boots":1,"minecraft:lily_pad":9,"minecraft:string":1,"luminousworld:decorative_brown_2":2,"minecraft:gold_ingot":8,"minecraft:oak_planks":7,"minecraft:white_bed":1,"luminousworld:yellow_grassflowers":1,"minecraft:oak_sapling":3,"minecraft:stone_brick_stairs":1},"minecraft:killed":{"earthmobsmod:duck":1,"born_in_chaos_v1:restless_spirit":1,"minecraft:vindicator":2,"enemyexpansion:direwolf":1,"iceandfire:stymphalian_bird":2,"minecraft:skeleton":2,"born_in_chaos_v1:firelight_not_despawn":1,"born_in_chaos_v1:baby_skeleton":1,"minecraft:creeper":1,"minecraft:sheep":3,"born_in_chaos_v1:dread_hound":1,"minecraft:wither_skeleton":1},"minecraft:custom":{"lootr:looted_stat":41,"minecraft:mob_kills":17,"minecraft:interact_with_crafting_table":8,"minecraft:damage_dealt_resisted":359,"minecraft:eat_cake_slice":2,"minecraft:leave_game":3,"minecraft:time_since_death":73378,"minecraft:climb_one_cm":6363,"minecraft:sprint_one_cm":845518,"minecraft:walk_one_cm":485915,"minecraft:damage_blocked_by_shield":570,"minecraft:drop":42,"vampirism:interact_with_totem":1,"minecraft:play_noteblock":1,"minecraft:play_time":170176,"minecraft:deaths":4,"minecraft:sneak_time":1514,"minecraft:walk_under_water_one_cm":7168,"minecraft:boat_one_cm":9045,"minecraft:jump":3338,"minecraft:walk_on_water_one_cm":41755,"minecraft:total_world_time":170176,"minecraft:interact_with_furnace":2,"tombstone:raider_killed":2,"minecraft:tune_noteblock":78,"minecraft:sleep_in_bed":9,"minecraft:time_since_rest":1555,"minecraft:damage_taken":10151,"minecraft:damage_absorbed":80,"minecraft:damage_dealt":3743,"minecraft:swim_one_cm":63687,"minecraft:fly_one_cm":784306,"minecraft:open_chest":11,"minecraft:crouch_one_cm":3041,"tombstone:undead_killed":4,"minecraft:fall_one_cm":89322},"minecraft:crafted":{"minecraft:oak_planks":32,"ecologics:walnut_planks":8,"minecraft:furnace":1,"quark:blossom_chest":1,"quark:blossom_planks":124,"minecraft:crafting_table":1,"minecraft:oak_boat":1,"minecraft:charcoal":3,"minecraft:shield":2,"minecraft:stick":4,"minecraft:white_bed":2,"minecraft:torch":12,"minecraft:shears":1,"quark:blossom_trapdoor":4},"minecraft:picked_up":{"luminousworld:groundpebbles_1":1,"minecraft:charcoal":8,"minecraft:iron_chestplate":1,"minecraft:crafting_table":4,"luminousworld:decorative_brown_2":2,"minecraft:chicken":1,"minecraft:brown_mushroom":9,"minecraft:gold_block":1,"minecraft:enchanted_book":1,"minecraft:stone_brick_stairs":2,"minecraft:chain":1,"minecraft:crimson_planks":1,"minecraft:string":6,"minecraft:iron_axe":1,"minecraft:iron_leggings":2,"minecraft:iron_shovel":1,"luminousworld:palm_log":17,"illagerinvasion:platinum_infused_hatchet":1,"minecraft:spruce_planks":7,"minecraft:beef":6,"minecraft:oak_boat":1,"minecraft:spruce_slab":7,"minecraft:iron_pickaxe":1,"quark:yellow_blossom_sapling":7,"sophisticatedbackpacks:netherite_backpack":1,"minecraft:iron_boots":2,"minecraft:furnace":1,"minecraft:stick":13,"minecraft:raw_iron":2,"iceandfire:dragonbone":10,"ecologics:walnut_log":2,"evilcraft:origins_of_darkness":1,"ecologics:coconut_seedling":3,"minecraft:spruce_stairs":1,"minecraft:spruce_fence":2,"minecraft:note_block":1,"quark:blossom_log":61,"minecraft:porkchop":9,"minecraft:stone_button":1,"tombstone:grave_dust":1,"quark:blossom_planks":60,"minecraft:purple_terracotta":3,"iceandfire:dragon_skull_ice":1,"ae2:sky_stone_block":1,"luminousworld:decorative_brown_mushroom_1":1,"minecraft:arrow":5,"minecraft:rotten_flesh":7,"luminousworld:yellow_grassflowers":1,"supplementaries:ash":2,"minecraft:shears":1,"ecologics:coconut_log":9,"minecraft:saddle":1,"tombstone:scroll_of_aquatic_life":1,"minecraft:black_banner":2,"minecraft:gold_ingot":16,"quark:blossom_chest":1,"evilcraft:condensed_blood":17,"endrem:rogue_eye":1,"minecraft:mutton":6,"minecraft:white_wool":14,"minecraft:cobblestone":159,"ecologics:walnut_planks":1,"born_in_chaos_v1:corpse_maggot":1,"vampirism:vampire_book":2,"minecraft:feather":2,"minecraft:cooked_beef":114,"born_in_chaos_v1:monster_flesh":1,"vampirism:item_tent":3,"minecraft:red_mushroom":8,"minecraft:birch_planks":2,"minecraft:oak_log":14,"minecraft:lily_pad":18,"luminousworld:purple_petunias":1,"minecraft:cobblestone_wall":1,"minecraft:gunpowder":2,"minecraft:dirt":14,"minecraft:bone":6,"minecraft:apple":1,"minecraft:wheat_seeds":5,"minecraft:iron_ingot":4,"minecraft:mossy_stone_bricks":1,"minecraft:diamond_helmet":1,"minecraft:iron_sword":1,"minecraft:oak_planks":10,"minecraft:mossy_stone_brick_stairs":2,"minecraft:pumpkin":1,"minecraft:sweet_berries":15,"artifacts:rooted_boots":1,"patchouli:guide_book":2,"vampirism:fire_place":1,"born_in_chaos_v1:ethereal_spirit":1,"minecraft:jungle_planks":4,"minecraft:spruce_sapling":5,"iceandfire:stymphalian_bird_feather":51,"minecraft:spruce_log":1,"minecraft:white_bed":6,"quark:blossom_trapdoor":3,"minecraft:jungle_slab":1,"alexsmobs:animal_dictionary":2,"minecraft:mossy_cobblestone":2,"minecraft:bundle":1,"born_in_chaos_v1:fire_dust":2,"minecraft:light_gray_candle":15,"minecraft:iron_helmet":2,"iceandfire:ice_dragon_flesh":10,"minecraft:emerald":2,"minecraft:oak_sapling":3},"minecraft:broken":{"minecraft:shield":1},"minecraft:used":{"minecraft:iron_shovel":1,"minecraft:shield":81,"minecraft:iron_sword":169,"minecraft:iron_chestplate":1,"minecraft:torch":1,"minecraft:mutton":2,"vampirism:item_tent":3,"minecraft:iron_axe":148,"minecraft:iron_helmet":1,"quark:blossom_chest":1,"minecraft:golden_carrot":36,"tombstone:gift":1,"minecraft:furnace":1,"quark:blossom_planks":62,"minecraft:cooked_beef":57,"luminousworld:palm_log":17,"minecraft:oak_planks":15,"minecraft:mossy_stone_brick_stairs":2,"minecraft:golden_apple":3,"minecraft:crafting_table":5,"minecraft:white_bed":6,"minecraft:note_block":1,"minecraft:chicken":1,"minecraft:iron_pickaxe":156,"minecraft:cobblestone":46,"luminousworld:purple_petunias":1,"quark:blossom_trapdoor":3,"minecraft:oak_boat":1},"minecraft:killed_by":{"ancient_elements:aetherial_glaze":1,"minecraft:zombie":1},"minecraft:mined":{"minecraft:spruce_planks":5,"minecraft:white_bed":5,"minecraft:mossy_cobblestone":3,"minecraft:dark_oak_leaves":2,"luminousworld:grassvariant_4":1,"minecraft:jungle_slab":1,"luminousworld:mossbuds_2":1,"minecraft:purple_terracotta":3,"minecraft:grass_block":7,"minecraft:spruce_fence":2,"minecraft:jungle_planks":4,"luminousworld:grassvariant_2":2,"minecraft:polished_diorite":1,"luminousworld:decorative_brown_mushroom_1":1,"ecologics:coconut_log":9,"luminousworld:blackberrybush":5,"minecraft:spruce_leaves":7,"minecraft:frosted_ice":6,"minecraft:rooted_dirt":2,"minecraft:large_fern":6,"quark:blossom_chest":1,"minecraft:furnace":1,"minecraft:iron_ore":3,"born_in_chaos_v1:black_argillite_brick_stairs":1,"quark:blossom_planks":1,"minecraft:pumpkin":1,"luminousworld:mossbuds_3":1,"minecraft:gold_block":1,"minecraft:mossy_stone_brick_stairs":2,"ecologics:walnut_log":2,"ae2:sky_stone_block":1,"minecraft:stone":92,"luminousworld:decorative_brown_2":2,"placeablesmod:iron_helmet":1,"minecraft:spruce_slab":6,"luminousworld:purple_petunias":1,"vampirism:tent_main":2,"ecologics:thin_ice":2,"minecraft:crafting_table":4,"minecraft:note_block":1,"quark:blossom_log":62,"minecraft:campfire":4,"minecraft:mushroom_stem":3,"minecraft:tall_grass":4,"minecraft:cobblestone":4,"minecraft:oak_planks":2,"minecraft:polished_diorite_stairs":2,"minecraft:seagrass":1,"minecraft:spruce_stairs":1,"minecraft:light_gray_candle":2,"minecraft:cobblestone_wall":1,"minecraft:sweet_berry_bush":6,"born_in_chaos_v1:fired_black_argillite":1,"minecraft:wheat":1,"minecraft:black_wall_banner":2,"minecraft:ice":3,"minecraft:birch_leaves":5,"born_in_chaos_v1:black_argillite_brick":3,"minecraft:stone_brick_stairs":1,"minecraft:grass":9,"minecraft:oak_log":14,"vampirism:fire_place":1,"minecraft:dirt":6,"minecraft:crimson_planks":1,"luminousworld:grassvariant_3":1,"minecraft:cobweb":2,"minecraft:cracked_stone_bricks":2,"luminousworld:palm_log":17,"minecraft:red_mushroom_block":12,"minecraft:stone_bricks":4,"minecraft:mossy_stone_bricks":5,"minecraft:oak_leaves":1,"minecraft:fern":2}},"DataVersion":3465}