{"stats":{"minecraft:broken":{"minecraft:iron_boots":1,"minecraft:stone_sword":1,"aether:iron_gloves":1,"twilightforest:glass_sword":1,"minecraft:iron_pickaxe":2},"minecraft:mined":{"minecraft:cherry_log":79,"minecraft:jungle_leaves":1,"minecraft:granite":1,"botania:black_mushroom":1,"minecraft:grass_block":76,"placeablesmod:nametagblock":1,"luminousworld:savanna_grass_2":1,"minecraft:spawner":4,"minecraft:iron_ore":94,"minecraft:fire":16,"quark:blossom_planks":64,"minecraft:deepslate_lapis_ore":16,"minecraft:oak_sign":1,"quark:vertical_blossom_planks":3,"quark:blossom_planks_slab":10,"minecraft:deepslate_redstone_ore":7,"minecraft:brown_mushroom":2,"supplementaries:book_pile":1,"minecraft:smoker":1,"iceandfire:dragon_ice_spikes":1,"minecraft:torch":9,"minecraft:blast_furnace":5,"minecraft:calcite":1,"quark:blossom_log":26,"minecraft:mushroom_stem":3,"minecraft:cobblestone":15,"placeablesmod:bread_full_block":1,"minecraft:wall_torch":18,"minecraft:pink_petals":31,"evilcraft:dark_ore_deepslate":6,"minecraft:magenta_bed":1,"minecraft:black_bed":2,"minecraft:grass":25,"farmersdelight:apple_pie":1,"minecraft:sand":54,"minecraft:dirt":16,"minecraft:mangrove_log":23,"minecraft:red_mushroom_block":2,"luminousworld:savannah_grass_4":4,"minecraft:oak_leaves":1,"minecraft:deepslate":553,"alexscaves:spelunkery_table":1,"minecraft:tuff":104,"minecraft:mangrove_roots":1,"minecraft:redstone_wire":1,"minecraft:brown_mushroom_block":2,"minecraft:red_mushroom":1,"minecraft:sandstone":8,"minecraft:bookshelf":31,"minecraft:deepslate_iron_ore":32,"minecraft:vine":2,"quark:blossom_trapdoor":2,"minecraft:stone":149,"luminousworld:savannah_soil":9,"minecraft:glass_pane":1,"quark:oak_chest":1,"minecraft:crafting_table":1,"luminousworld:savannah_grass_1":1,"minecraft:sculk_sensor":1,"luminousworld:grassflowers":1,"minecraft:tall_grass":1,"minecraft:mangrove_planks":5,"minecraft:mangrove_leaves":9,"minecraft:coal_ore":87,"minecraft:mycelium":2,"minecraft:cherry_leaves":1,"minecraft:sunflower":2,"minecraft:gravel":15,"minecraft:gray_carpet":1,"minecraft:cobweb":4,"minecraft:stone_bricks":1,"luminousworld:elephant_grass":3},"minecraft:dropped":{"naturalist:antler":1,"minecraft:cooked_beef":9,"iceandfire:ectoplasm":2,"born_in_chaos_v1:pieceofdarkmetal":4,"minecraft:rail":11,"minecraft:red_mushroom":3,"minecraft:dirt":5,"evilcraft:broom":1,"iceandfire:armor_silver_metal_leggings":2,"minecraft:sunflower":2,"minecraft:sand":2,"minecraft:iron_pickaxe":1,"minecraft:bone":34,"minecraft:gravel":4,"minecraft:stone_axe":3,"minecraft:mangrove_roots":1,"minecraft:cobbled_deepslate":58,"minecraft:pink_dye":1,"minecraft:pointed_dripstone":19,"undead_revamp2:arapholia":1,"minecraft:cherry_sapling":33,"minecraft:rotten_flesh":27,"luminousworld:savannah_soil":6,"botania:black_mushroom":3,"minecraft:chainmail_chestplate":2,"supplementaries:ash":18,"luminousworld:grassflowers":1,"born_in_chaos_v1:seedof_chaos":1,"born_in_chaos_v1:corpse_maggot":2,"minecraft:chainmail_boots":3,"quark:blossom_door":1,"minecraft:glass":14,"minecraft:iron_ingot":24,"minecraft:wheat_seeds":4,"minecraft:cherry_log":26,"farmersdelight:apple_pie":63,"quark:blossom_planks":20,"minecraft:dripstone_block":12,"minecraft:iron_helmet":2,"minecraft:cobblestone":13,"alexsmobs:rattlesnake_rattle":1,"minecraft:chainmail_helmet":2,"tombstone:ankh_of_pray":1,"born_in_chaos_v1:gnawed_bones":1,"iceandfire:copper_nugget":16,"minecraft:torch":41,"farmersdelight:carrot_crate":1,"minecraft:map":4,"minecraft:iron_leggings":1,"mowziesmobs:wrought_helmet":1,"minecraft:iron_shovel":1,"minecraft:string":1,"minecraft:pink_petals":146,"earthmobsmod:duck_egg":1,"minecraft:spruce_sapling":2,"minecraft:redstone":1,"quark:blossom_planks_slab":1,"alexsmobs:maggot":2,"minecraft:stone_sword":1,"minecraft:iron_boots":1,"minecraft:name_tag":1,"earthmobsmod:harder_flesh":3,"minecraft:oak_sign":1,"portablemobs:basic_capture_cell":2,"minecraft:filled_map":2,"aether:iron_gloves":1,"sophisticatedbackpacks:magnet_upgrade":1,"artifacts:running_shoes":1,"minecraft:iron_chestplate":4,"luminousworld:groundpebbles_1":1,"minecraft:mossy_stone_bricks":1,"minecraft:oak_sapling":1,"minecraft:golden_sword":2,"artifacts:pickaxe_heater":2,"minecraft:spider_eye":2,"minecraft:stone_bricks":5,"luminousworld:elephant_grass":3,"minecraft:bow":2,"minecraft:stone_pickaxe":2,"minecraft:wooden_pickaxe":1},"minecraft:crafted":{"ironchest:crystal_chest":1,"minecraft:glass":52,"minecraft:iron_boots":2,"iceandfire:armor_black_helmet":1,"minecraft:chest":1,"quark:blossom_planks":104,"minecraft:crafting_table":3,"minecraft:wooden_pickaxe":1,"minecraft:iron_helmet":2,"iceandfire:armor_red_chestplate":1,"farmersdelight:skillet":1,"sophisticatedbackpacks:upgrade_base":3,"ironchest:diamond_chest":1,"minecraft:iron_chestplate":1,"minecraft:diamond_pickaxe":1,"minecraft:stick":24,"minecraft:iron_ingot":81,"minecraft:iron_pickaxe":1,"minecraft:iron_block":8,"minecraft:stone_sword":2,"minecraft:gold_ingot":23,"quark:blossom_door":3,"sophisticatedbackpacks:netherite_backpack":1,"quark:mangrove_chest":1,"quark:blossom_trapdoor":2,"quark:blossom_planks_slab":150,"minecraft:stone_shovel":1,"quark:vertical_blossom_planks":63,"sophisticatedbackpacks:stack_upgrade_tier_1":1,"minecraft:furnace":1,"quark:blossom_chest":6,"minecraft:pink_dye":1,"minecraft:glass_pane":48,"minecraft:iron_axe":1,"iceandfire:armor_red_leggings":1,"minecraft:stone_pickaxe":3,"ironchest:gold_chest":1,"minecraft:diamond_sword":1,"iceandfire:armor_black_boots":1,"minecraft:iron_sword":1,"minecraft:mangrove_planks":92,"minecraft:stone_axe":2,"minecraft:air":0,"minecraft:iron_leggings":2,"ironchest:iron_chest":1},"minecraft:used":{"minecraft:cherry_sapling":7,"farmersdelight:cabbage":1,"minecraft:iron_sword":155,"lootr:trophy":1,"minecraft:carrot":1,"botania:black_mushroom":1,"minecraft:lantern":6,"quark:blossom_chest":6,"ironchest:obsidian_chest":1,"minecraft:furnace":1,"minecraft:gray_carpet":1,"minecraft:stone_pickaxe":94,"minecraft:mangrove_planks":35,"minecraft:wooden_pickaxe":3,"minecraft:sandstone":8,"minecraft:glow_berries":8,"minecraft:blast_furnace":2,"minecraft:black_bed":2,"earthmobsmod:duck_egg":1,"minecraft:bread":56,"minecraft:gravel":2,"minecraft:diamond_sword":246,"ironchest:crystal_chest":1,"minecraft:experience_bottle":12,"minecraft:stone_sword":132,"minecraft:stone_shovel":119,"twilightforest:glass_sword":76,"quark:vertical_blossom_planks":63,"minecraft:torch":62,"minecraft:dirt":5,"quark:blossom_planks_slab":149,"minecraft:granite":1,"mowziesmobs:wrought_helmet":1,"minecraft:iron_axe":175,"alexscaves:spelunkery_table":1,"minecraft:golden_carrot":123,"luminousworld:savannah_soil":3,"farmersdelight:cooking_pot":1,"quark:blossom_planks":142,"tombstone:gift":6,"minecraft:cooked_beef":65,"minecraft:cobbled_deepslate":4,"minecraft:cherry_log":2,"tombstone:scroll_of_mercy":1,"minecraft:crafting_table":4,"minecraft:magenta_bed":1,"minecraft:smoker":1,"farmersdelight:apple_pie":1,"mowziesmobs:wrought_axe":72,"quark:blossom_door":4,"minecraft:iron_pickaxe":1003,"minecraft:pink_petals":1,"minecraft:stone_axe":81,"minecraft:enchanted_book":1,"minecraft:cobblestone":17,"minecraft:glass_pane":37,"quark:blossom_trapdoor":4,"quark:oak_chest":1},"minecraft:custom":{"lootr:looted_stat":116,"minecraft:animals_bred":1,"minecraft:interact_with_crafting_table":39,"minecraft:bell_ring":1,"minecraft:leave_game":9,"minecraft:time_since_death":470567,"minecraft:sprint_one_cm":959661,"minecraft:drop":244,"minecraft:play_time":470567,"minecraft:jump":4437,"minecraft:walk_on_water_one_cm":21153,"minecraft:enchant_item":2,"minecraft:interact_with_furnace":12,"minecraft:interact_with_loom":1,"minecraft:sleep_in_bed":18,"minecraft:damage_dealt":50219,"minecraft:crouch_one_cm":101156,"tombstone:undead_killed":81,"minecraft:interact_with_smoker":1,"minecraft:mob_kills":161,"minecraft:damage_dealt_resisted":508,"minecraft:climb_one_cm":19500,"minecraft:walk_one_cm":1123121,"minecraft:sneak_time":28940,"minecraft:walk_under_water_one_cm":27811,"minecraft:interact_with_blast_furnace":17,"minecraft:total_world_time":470567,"minecraft:tune_noteblock":2,"tombstone:exorcism":1,"minecraft:time_since_rest":8552,"minecraft:damage_taken":21726,"minecraft:trigger_trapped_chest":2,"tombstone:cast_on_ally":2,"minecraft:swim_one_cm":70212,"minecraft:fly_one_cm":1212068,"minecraft:open_chest":120,"minecraft:fall_one_cm":381968},"minecraft:picked_up":{"minecraft:iron_chestplate":2,"minecraft:chainmail_boots":3,"artifacts:bunny_hoppers":1,"minecraft:enchanted_book":1,"minecraft:golden_sword":2,"minecraft:string":20,"quark:blossom_door":2,"minecraft:oak_sign":1,"minecraft:cobbled_deepslate":643,"earthmobsmod:duck_egg":2,"minecraft:iron_pickaxe":2,"iceandfire:dragonscales_red":20,"minecraft:mangrove_log":23,"minecraft:iron_boots":1,"minecraft:stick":36,"minecraft:torch":35,"botania:black_mushroom":4,"luminousworld:savannah_soil":9,"quark:blossom_log":26,"iceandfire:lightning_dragon_flesh":5,"minecraft:cherry_log":107,"minecraft:pointed_dripstone":19,"tombstone:grave_dust":16,"quark:blossom_planks":64,"luminousworld:grassflowers":1,"minecraft:rotten_flesh":75,"iceandfire:fire_dragon_heart":1,"minecraft:mangrove_roots":1,"supplementaries:ash":20,"undead_revamp2:arapholia":1,"minecraft:cobblestone":157,"iceandfire:dragonscales_black":36,"minecraft:pink_petals":152,"minecraft:cooked_beef":11,"minecraft:black_bed":2,"minecraft:tuff":32,"minecraft:magenta_bed":1,"minecraft:lapis_lazuli":47,"artifacts:pickaxe_heater":2,"minecraft:map":2,"minecraft:dirt":97,"minecraft:name_tag":2,"born_in_chaos_v1:monster_skin":13,"minecraft:bone":42,"minecraft:bow":1,"minecraft:wheat_seeds":6,"luminousworld:elephant_grass":3,"minecraft:mossy_stone_bricks":1,"earthmobsmod:harder_flesh":5,"iceandfire:dragon_skull_fire":1,"minecraft:sand":54,"iceandfire:lightning_dragon_heart":2,"minecraft:iron_hoe":1,"naturalist:antler":1,"minecraft:diamond":17,"evilcraft:broom":1,"alexsmobs:rattlesnake_rattle":1,"minecraft:granite":1,"alexsmobs:tarantula_hawk_wing_fragment":1,"minecraft:bread":1,"minecraft:chainmail_helmet":2,"alexsmobs:maggot":2,"minecraft:oak_sapling":1,"iceandfire:dragon_skull_lightning":2,"undead_revamp2:bostroxingot":1,"luminousworld:groundpebbles_1":1,"minecraft:crafting_table":1,"born_in_chaos_v1:seedof_chaos":2,"minecraft:brown_mushroom":3,"minecraft:iron_axe":1,"minecraft:iron_shovel":1,"iceandfire:armor_silver_metal_leggings":1,"born_in_chaos_v1:gnawed_bones":1,"iceandfire:ice_dragon_heart":1,"tombstone:ankh_of_pray":1,"minecraft:raw_iron":83,"minecraft:sandstone":8,"iceandfire:dragonbone":42,"quark:blossom_planks_slab":12,"minecraft:carrot":10,"born_in_chaos_v1:pieceofdarkmetal":8,"minecraft:redstone":64,"iceandfire:dragon_skull_ice":1,"minecraft:arrow":28,"alexscaves:spelunkery_table":1,"minecraft:rail":4,"born_in_chaos_v1:corpse_maggot":2,"minecraft:air":0,"born_in_chaos_v1:monster_flesh":22,"minecraft:leather":2,"minecraft:red_mushroom":3,"minecraft:chainmail_chestplate":1,"iceandfire:ectoplasm":2,"minecraft:gunpowder":4,"mowziesmobs:wrought_axe":4,"iceandfire:dragonscales_blue":14,"botania:black_mystical_flower":1,"minecraft:stone_bricks":2,"minecraft:gray_carpet":1,"twilightforest:glass_sword":1,"minecraft:iron_ingot":2,"minecraft:mangrove_planks":5,"minecraft:iron_sword":5,"iceandfire:fire_dragon_flesh":2,"minecraft:book":93,"iceandfire:copper_nugget":16,"born_in_chaos_v1:ethereal_spirit":5,"minecraft:dripstone_block":6,"minecraft:gravel":6,"born_in_chaos_v1:dark_rod":1,"mowziesmobs:wrought_helmet":1,"minecraft:spruce_sapling":2,"born_in_chaos_v1:fangofthe_hound_leader":3,"minecraft:blast_furnace":5,"quark:blossom_trapdoor":2,"quark:oak_chest":1,"minecraft:spider_eye":2,"minecraft:slime_ball":6,"minecraft:stone_axe":1,"minecraft:chainmail_leggings":1,"minecraft:iron_helmet":2,"evilcraft:dark_gem":23,"minecraft:cherry_sapling":113,"iceandfire:ice_dragon_flesh":3,"minecraft:coal":87,"quark:vertical_blossom_planks":3,"minecraft:sunflower":2},"minecraft:killed":{"undead_revamp2:thewolf":1,"minecraft:cave_spider":5,"enemyexpansion:equestrian":1,"minecraft:spider":4,"born_in_chaos_v1:scarlet_persecutor":4,"minecraft:skeleton":17,"earthmobsmod:bouldering_drowned":1,"undead_revamp2:therod":1,"undead_revamp2:thepregnant":2,"enemyexpansion:vampflyer":1,"artifacts:mimic":1,"born_in_chaos_v1:bonescaller":1,"born_in_chaos_v1:dread_hound_not_despawn":3,"undead_revamp2:thebeartamer":1,"minecraft:creeper":1,"undead_revamp2:thebidyupside":1,"minecraft:zombie":24,"born_in_chaos_v1:dread_hound":14,"born_in_chaos_v1:corpse_fly":1,"enemyexpansion:botfly":8,"undead_revamp2:theskeeper":1,"iceandfire:lightning_dragon":2,"alexsmobs:komodo_dragon":1,"enemyexpansion:trollenraged":2,"alexsmobs:tarantula_hawk":1,"alexsmobs:tiger":1,"enemyexpansion:intruder":1,"quark:toretoise":2,"enemyexpansion:direwolf":5,"alexsmobs:rattlesnake":1,"born_in_chaos_v1:maggot":9,"born_in_chaos_v1:dire_hound_leader":1,"mowziesmobs:ferrous_wroughtnaut":1,"iceandfire:fire_dragon":1,"undead_revamp2:thehorrors":1,"undead_revamp2:sucker":4,"born_in_chaos_v1:fallen_chaos_knight":1,"minecraft:husk":9,"earthmobsmod:bouldering_zombie":3,"undead_revamp2:the_moonflower":1,"minecraft:bat":1,"enemyexpansion:sprinter":3,"born_in_chaos_v1:decrepit_skeleton":2,"undead_revamp2:thesomnolence":3,"alexsmobs:cockroach":1,"iceandfire:ghost":4,"born_in_chaos_v1:dark_vortex":1,"enemyexpansion:huntsman":2,"iceandfire:ice_dragon":1}},"DataVersion":3465}