{"stats":{"minecraft:crafted":{"minecraft:black_dye":2,"minecraft:oak_planks":116,"minecraft:cherry_slab":294,"minecraft:birch_slab":24,"tombstone:decorative_tombstone":1,"minecraft:diamond_shovel":1,"quark:cherry_chest":29,"minecraft:chest":5,"minecraft:oak_slab":6,"sophisticatedbackpacks:backpack":3,"enchantinginfuser:enchanting_infuser":1,"minecraft:crafting_table":2,"minecraft:gold_block":20,"sophisticatedbackpacks:upgrade_base":5,"minecraft:lectern":1,"enchantinginfuser:advanced_enchanting_infuser":1,"minecraft:string":16,"minecraft:yellow_dye":2,"sophisticatedbackpacks:diamond_backpack":12,"minecraft:stick":4,"minecraft:iron_block":24,"minecraft:netherite_ingot":2,"minecraft:cherry_planks":640,"sophisticatedbackpacks:stack_upgrade_tier_3":1,"comforts:sleeping_bag_white":2,"sophisticatedbackpacks:stack_upgrade_tier_1":3,"minecraft:furnace":1,"quark:cherry_bookshelf":16,"minecraft:pink_dye":7,"minecraft:diamond_block":8,"botania:black_petal":2,"minecraft:cherry_trapdoor":54,"minecraft:leather":12,"sophisticatedbackpacks:stack_upgrade_tier_2":3,"sophisticatedbackpacks:iron_backpack":6,"minecraft:red_dye":2,"minecraft:crimson_planks":44,"supplementaries:item_shelf":4,"comforts:sleeping_bag_pink":1,"minecraft:crimson_slab":6,"tombstone:ankh_of_pray":1,"sophisticatedbackpacks:gold_backpack":3,"minecraft:bucket":1,"minecraft:enchanted_book":4,"minecraft:orange_dye":3,"minecraft:air":0,"minecraft:jungle_planks":40,"minecraft:white_wool":6,"comforts:sleeping_bag_orange":1,"minecraft:white_dye":1,"minecraft:cherry_door":3},"minecraft:used":{"minecraft:spruce_slab":1,"minecraft:quartz_stairs":3,"minecraft:player_head":3,"quark:cherry_chest":24,"minecraft:soul_sand":4,"minecraft:jungle_planks":40,"enchantinginfuser:advanced_enchanting_infuser":1,"sophisticatedbackpacks:diamond_backpack":5,"minecraft:lantern":1,"comforts:sleeping_bag_orange":9,"minecraft:brown_carpet":1,"minecraft:bow":229,"endrem:wither_eye":1,"minecraft:furnace":1,"minecraft:damaged_anvil":1,"minecraft:wither_skeleton_skull":3,"minecraft:oak_planks":23,"luminousworld:yellowpetunias":1,"minecraft:golden_apple":1,"minecraft:netherite_helmet":2,"minecraft:crying_obsidian":1,"minecraft:birch_slab":6,"minecraft:cyan_bed":1,"minecraft:bread":1,"minecraft:lectern":41,"minecraft:diamond_sword":12,"minecraft:experience_bottle":2,"minecraft:netherite_sword":963,"minecraft:iron_bars":2,"twilightforest:glass_sword":14,"comforts:sleeping_bag_pink":3,"minecraft:stick":1,"minecraft:torch":8,"minecraft:brewing_stand":1,"minecraft:dirt":894,"supplementaries:item_shelf":4,"quark:cherry_bookshelf":15,"tombstone:decorative_tombstone":1,"minecraft:spruce_fence":1,"minecraft:nether_brick_stairs":1,"mowziesmobs:wrought_helmet":2,"tombstone:ankh_of_pray":13,"minecraft:cherry_slab":282,"minecraft:crimson_slab":6,"minecraft:cherry_trapdoor":32,"minecraft:crimson_planks":34,"minecraft:golden_carrot":106,"luminousworld:savannah_soil":2,"tombstone:gift":7,"comforts:sleeping_bag_white":3,"minecraft:iron_leggings":1,"minecraft:water_bucket":149,"tombstone:scroll_of_knowledge":3,"minecraft:birch_planks":1,"minecraft:cherry_planks":180,"minecraft:oak_slab":4,"minecraft:crafting_table":3,"minecraft:smoker":1,"mowziesmobs:wrought_axe":519,"minecraft:diamond_pickaxe":231,"minecraft:diamond_shovel":7900,"minecraft:cherry_door":4,"minecraft:pink_petals":1,"minecraft:cobblestone":1,"minecraft:cooked_porkchop":2,"minecraft:bucket":150,"minecraft:diamond_leggings":1,"minecraft:splash_potion":4},"minecraft:mined":{"minecraft:spruce_planks":1,"luminousworld:yellowpetunias":1,"minecraft:cherry_log":162,"minecraft:brewing_stand":1,"minecraft:obsidian":3,"minecraft:granite":10,"minecraft:cherry_trapdoor":2,"minecraft:stripped_crimson_hyphae":15,"minecraft:grass_block":5185,"placeablesmod:nametagblock":1,"minecraft:jungle_log":10,"minecraft:coal_block":12,"minecraft:spawner":12,"minecraft:weeping_vines_plant":1,"minecraft:iron_ore":8,"minecraft:fire":28,"minecraft:pumpkin":17,"minecraft:nether_brick_stairs":1,"supplementaries:stick":1,"minecraft:dirt_path":1,"minecraft:iron_bars":10,"comforts:sleeping_bag_pink":1,"minecraft:player_head":2,"minecraft:spruce_slab":1,"minecraft:smoker":1,"minecraft:poppy":2,"minecraft:glass":8,"minecraft:cobblestone":1,"minecraft:cyan_bed":1,"minecraft:oak_planks":3,"botania:black_mystical_flower":1,"minecraft:cherry_slab":39,"minecraft:pink_petals":131,"minecraft:cyan_wool":1,"sophisticatedbackpacks:diamond_backpack":5,"minecraft:warped_planks":1,"minecraft:lilac":2,"minecraft:stripped_oak_wood":11,"minecraft:orange_tulip":1,"minecraft:grass":65,"minecraft:oak_log":29,"minecraft:dirt":2621,"minecraft:crimson_planks":1,"luminousworld:grassvariant_3":1,"minecraft:wither_skeleton_skull":2,"luminousworld:savannah_grass_4":1,"minecraft:ancient_debris":8,"minecraft:suspicious_gravel":2,"minecraft:yellow_terracotta":1,"minecraft:dark_prismarine":2,"minecraft:crying_obsidian":4,"minecraft:quartz_stairs":4,"minecraft:purple_terracotta":2,"minecraft:spruce_fence":1,"luminousworld:grassvariant_2":1,"minecraft:birch_slab":2,"minecraft:sandstone":1,"placeablesmod:water_bucket_block":1,"evilcraft:dark_ore":5,"minecraft:peony":1,"minecraft:gold_block":2,"minecraft:shroomlight":1,"minecraft:lantern":1,"minecraft:stone":79,"minecraft:oak_slab":12,"minecraft:acacia_leaves":1,"minecraft:cherry_planks":45,"minecraft:lily_of_the_valley":2,"minecraft:brown_carpet":1,"minecraft:dandelion":2,"minecraft:polished_granite":4,"minecraft:oak_fence":12,"minecraft:crafting_table":2,"minecraft:smooth_sandstone":17,"minecraft:emerald_ore":1,"minecraft:crimson_slab":2,"minecraft:rose_bush":1,"minecraft:lectern":40,"minecraft:copper_ore":3,"minecraft:tall_grass":10,"minecraft:diorite":14,"comforts:sleeping_bag_orange":1,"minecraft:red_terracotta":1,"minecraft:birch_planks":2,"minecraft:lime_bed":1,"minecraft:coal_ore":2,"luminousworld:ishstone":13,"minecraft:cherry_leaves":1,"minecraft:cobweb":1,"minecraft:cracked_stone_bricks":1,"minecraft:stripped_acacia_wood":2,"luminousworld:elephant_grass":1},"minecraft:custom":{"lootr:looted_stat":88,"minecraft:interact_with_crafting_table":65,"minecraft:leave_game":7,"minecraft:time_since_death":498196,"minecraft:damage_resisted":19,"minecraft:sprint_one_cm":1504223,"minecraft:drop":255,"minecraft:talked_to_villager":71,"minecraft:play_time":499747,"minecraft:jump":6610,"minecraft:interact_with_brewingstand":4,"minecraft:walk_on_water_one_cm":67555,"minecraft:enchant_item":16,"tombstone:steal_effect":17,"minecraft:interact_with_furnace":16,"minecraft:traded_with_villager":4,"minecraft:sleep_in_bed":15,"minecraft:damage_dealt":95756,"minecraft:crouch_one_cm":62894,"tombstone:undead_killed":217,"minecraft:interact_with_smoker":1,"minecraft:mob_kills":375,"minecraft:interact_with_anvil":10,"minecraft:damage_dealt_resisted":1418,"minecraft:climb_one_cm":4248,"minecraft:walk_one_cm":1387252,"minecraft:damage_dealt_absorbed":280,"minecraft:sneak_time":14872,"minecraft:walk_under_water_one_cm":34799,"minecraft:total_world_time":499747,"tombstone:raider_killed":2,"minecraft:tune_noteblock":23,"tombstone:exorcism":2,"minecraft:time_since_rest":8272,"minecraft:damage_taken":10523,"minecraft:damage_absorbed":44,"tombstone:cast_on_ally":2,"minecraft:swim_one_cm":57868,"minecraft:fly_one_cm":1494562,"minecraft:open_chest":93,"minecraft:fall_one_cm":303946},"minecraft:picked_up":{"minecraft:iron_chestplate":3,"minecraft:chainmail_boots":3,"earthmobsmod:fancy_egg":3,"minecraft:crimson_planks":3,"minecraft:brewing_stand":1,"minecraft:raw_copper":36,"minecraft:string":48,"mutantmonsters:mutant_skeleton_skull":2,"minecraft:iron_leggings":3,"minecraft:shroomlight":2,"earthmobsmod:duck_egg":1,"bosses_of_mass_destruction:soul_star":2,"comforts:sleeping_bag_white":3,"endrem:wither_eye":2,"minecraft:coal_block":12,"iceandfire:dragonscales_red":19,"minecraft:iron_boots":3,"minecraft:stick":104,"minecraft:oak_fence":12,"luminousworld:savannah_soil":10,"minecraft:porkchop":5,"minecraft:cherry_log":194,"tombstone:grave_dust":31,"minecraft:diorite":14,"minecraft:warped_planks":1,"mutantmonsters:mutant_skeleton_pelvis":1,"minecraft:brown_carpet":1,"undead_revamp2:cloogerribs":39,"luminousworld:grassflowers":3,"comforts:sleeping_bag_orange":9,"quark:clear_shard":36,"minecraft:rotten_flesh":293,"luminousworld:yellow_grassflowers":2,"iceandfire:fire_dragon_heart":3,"supplementaries:quiver":1,"evilcraft:condensed_blood":3,"supplementaries:ash":11,"minecraft:netherite_chestplate":1,"mutantmonsters:mutant_skeleton_shoulder_pad":1,"minecraft:obsidian":1,"minecraft:iron_bars":10,"undead_revamp2:arapholia":2,"minecraft:blaze_powder":5,"minecraft:cobblestone":83,"minecraft:pink_petals":8678,"luminousworld:savannah_ground":34,"minecraft:feather":6,"minecraft:lilac":3,"minecraft:cherry_planks":51,"minecraft:water_bucket":1,"minecraft:birch_slab":2,"minecraft:jungle_log":11,"minecraft:smoker":1,"minecraft:potato":1,"luminousworld:purple_petunias":3,"undead_revamp2:huntereye":2,"minecraft:wither_skeleton_skull":4,"minecraft:cherry_door":3,"minecraft:lantern":1,"minecraft:dirt":7173,"iceandfire:dragonscales_bronze":15,"minecraft:polished_granite":1,"minecraft:name_tag":1,"minecraft:leather_boots":1,"minecraft:bone":134,"undead_revamp2:blacpetalblock":1,"minecraft:bow":9,"minecraft:orange_tulip":1,"minecraft:wheat_seeds":241,"comforts:sleeping_bag_pink":3,"minecraft:oak_planks":3,"ancient_elements:aero_charge":108,"minecraft:cooked_porkchop":4,"evilcraft:dark_gem_crushed":7,"earthmobsmod:harder_flesh":5,"iceandfire:dragon_skull_fire":2,"minecraft:nether_brick_stairs":1,"minecraft:lily_of_the_valley":1,"minecraft:cyan_bed":1,"minecraft:red_terracotta":1,"minecraft:dark_prismarine":2,"minecraft:bundle":3,"minecraft:iron_hoe":1,"luminousworld:yellowpetunias":1,"waystones:waystone":2,"minecraft:granite":10,"alexsmobs:tarantula_hawk_wing_fragment":5,"minecraft:emerald":4,"minecraft:chainmail_helmet":3,"minecraft:bread":4,"alexsmobs:maggot":8,"minecraft:oak_sapling":4,"minecraft:cherry_slab":43,"luminousworld:groundpebbles_1":24,"minecraft:crafting_table":2,"minecraft:chicken":6,"iceandfire:witherbone":4,"minecraft:gold_block":2,"minecraft:iron_axe":2,"minecraft:iron_shovel":2,"ancient_elements:aetherial_shard":46,"minecraft:cracked_stone_bricks":1,"minecraft:netherite_sword":2,"minecraft:beef":5,"minecraft:cyan_wool":1,"minecraft:player_head":4,"minecraft:jungle_sapling":1,"minecraft:poppy":2,"minecraft:spruce_slab":1,"minecraft:light_gray_wool":1,"minecraft:lectern":40,"minecraft:quartz_stairs":3,"minecraft:cherry_trapdoor":2,"iceandfire:dragonscales_gray":29,"minecraft:raw_iron":13,"minecraft:stripped_crimson_hyphae":11,"minecraft:sandstone":1,"iceandfire:dragonbone":13,"iceandfire:dragonscales_green":21,"luminousworld:blue_petunias":1,"minecraft:copper_ingot":1,"minecraft:spruce_fence":1,"minecraft:cookie":10,"minecraft:purple_terracotta":1,"iceandfire:cyclops_eye":3,"minecraft:arrow":112,"minecraft:weeping_vines":1,"minecraft:peony":1,"mutantmonsters:mutant_skeleton_rib":6,"minecraft:yellow_terracotta":1,"mowziesmobs:umvuthana_mask_bliss":1,"tombstone:essence_of_undeath":1,"botania:green_mystical_flower":5,"minecraft:mutton":35,"quark:music_disc_wind":1,"minecraft:crimson_slab":3,"minecraft:white_wool":11,"minecraft:lime_bed":1,"minecraft:golden_carrot":139,"luminousworld:ishstone":13,"minecraft:leather":72,"minecraft:birch_planks":7,"minecraft:oak_log":29,"minecraft:chainmail_chestplate":1,"minecraft:ancient_debris":8,"minecraft:golden_boots":8,"minecraft:gunpowder":21,"mowziesmobs:wrought_axe":1,"mutantmonsters:mutant_skeleton_limb":7,"botania:black_mystical_flower":1,"minecraft:smooth_sandstone":14,"tombstone:bag_of_seeds":1,"minecraft:stripped_oak_wood":11,"luminousworld:white_petunias":1,"minecraft:iron_sword":2,"iceandfire:fire_dragon_flesh":9,"sophisticatedbackpacks:diamond_backpack":13,"minecraft:book":1,"minecraft:oak_slab":12,"minecraft:pumpkin":17,"minecraft:dandelion":2,"iceandfire:cyclops_skull":1,"minecraft:amethyst_shard":2,"mowziesmobs:wrought_helmet":1,"minecraft:crying_obsidian":7,"minecraft:spider_eye":28,"minecraft:slime_ball":18,"evilcraft:dark_gem":32,"minecraft:chainmail_leggings":3,"minecraft:iron_helmet":1,"minecraft:cherry_sapling":180,"tombstone:magic_scroll":3,"minecraft:black_wool":1,"minecraft:coal":15,"minecraft:sunflower":1},"minecraft:dropped":{"minecraft:iron_sword":1,"minecraft:birch_planks":6,"minecraft:orange_dye":1,"luminousworld:white_petunias":1,"minecraft:cooked_porkchop":1,"minecraft:weeping_vines":1,"minecraft:cookie":5,"minecraft:birch_slab":10,"minecraft:dirt":576,"minecraft:mutton":33,"minecraft:jungle_sapling":1,"minecraft:sunflower":1,"minecraft:stripped_oak_wood":11,"minecraft:cherry_door":1,"cataclysm:music_disc_ender_guardian":1,"minecraft:bone":24,"undead_revamp2:huntereye":2,"minecraft:pink_dye":2,"undead_revamp2:arapholia":2,"minecraft:cherry_sapling":95,"minecraft:rotten_flesh":36,"ancient_elements:aetherial_shard":2,"minecraft:oak_planks":9,"luminousworld:savannah_soil":8,"minecraft:warped_planks":1,"sophisticatedbackpacks:diamond_backpack":7,"minecraft:lime_bed":1,"supplementaries:ash":7,"luminousworld:grassflowers":3,"minecraft:jungle_log":1,"minecraft:leather_boots":1,"minecraft:chainmail_boots":2,"aether:music_disc_chinchilla":1,"minecraft:arrow":53,"minecraft:beef":5,"minecraft:polished_granite":1,"comforts:sleeping_bag_pink":1,"minecraft:crimson_planks":10,"minecraft:golden_boots":6,"minecraft:purple_terracotta":1,"minecraft:oak_slab":12,"minecraft:wheat_seeds":58,"minecraft:lilac":2,"minecraft:feather":2,"minecraft:oak_fence":12,"minecraft:yellow_terracotta":1,"minecraft:cobblestone":1,"minecraft:book":1,"iceandfire:cyclops_eye":1,"minecraft:chainmail_helmet":2,"minecraft:stick":19,"twilightforest:music_disc_motion":1,"quark:clear_shard":36,"minecraft:golden_carrot":75,"minecraft:torch":56,"quark:music_disc_wind":1,"luminousworld:savannah_ground":34,"minecraft:cherry_planks":6,"iceandfire:cyclops_skull":1,"minecraft:iron_axe":1,"minecraft:iron_shovel":1,"minecraft:string":1,"minecraft:chainmail_leggings":2,"minecraft:smooth_sandstone":10,"minecraft:pink_petals":1390,"minecraft:music_disc_cat":1,"iceandfire:dragon_skull_fire":2,"alexscaves:music_disc_fusion":1,"iceandfire:dragonbone":1,"alexsmobs:maggot":8,"alexsmobs:music_disc_thime":1,"earthmobsmod:fancy_egg":3,"minecraft:chicken":4,"minecraft:iron_boots":3,"minecraft:cherry_slab":1,"earthmobsmod:harder_flesh":1,"minecraft:red_terracotta":1,"luminousworld:yellow_grassflowers":2,"supplementaries:quiver":1,"minecraft:potato":1,"minecraft:shroomlight":1,"minecraft:cyan_wool":1,"minecraft:crimson_slab":3,"minecraft:bundle":1,"ancient_elements:aero_charge":7,"aether:diamond_gloves":1,"minecraft:iron_chestplate":1,"luminousworld:groundpebbles_1":4,"minecraft:spider_eye":4,"minecraft:sandstone":1,"minecraft:bow":6,"luminousworld:blue_petunias":1,"minecraft:dark_prismarine":2,"luminousworld:purple_petunias":3,"mutantmonsters:mutant_skeleton_skull":1,"minecraft:black_wool":1},"minecraft:killed":{"undead_revamp2:thewolf":1,"alexsmobs:hummingbird":1,"minecraft:cave_spider":8,"minecraft:spider":13,"undead_revamp2:thesmoker":1,"undead_revamp2:theswarmer":2,"minecraft:skeleton":39,"undead_revamp2:deadclogger":1,"minecraft:bee":2,"minecraft:chicken":1,"earthmobsmod:zombified_rabbit":2,"undead_revamp2:therod":2,"undead_revamp2:thespitter":5,"luminousworld:hollow":10,"minecraft:creeper":14,"minecraft:sheep":4,"luminousworld:savannah_skeleton":1,"minecraft:zombie":75,"creeperoverhaul:desert_creeper":1,"alexsmobs:fly":1,"mutantmonsters:mutant_creeper":1,"mowziesmobs:umvuthana_raptor":1,"minecraft:cow":4,"undead_revamp2:thehunter":9,"undead_revamp2:theimmortal":1,"alexsmobs:tarantula_hawk":2,"undead_revamp2:bomber":2,"minecraft:phantom":1,"mowziesmobs:ferrous_wroughtnaut":1,"iceandfire:fire_dragon":5,"alexsmobs:bison":1,"undead_revamp2:thehorrors":2,"undead_revamp2:sucker":9,"minecraft:husk":23,"earthmobsmod:bouldering_zombie":7,"iceandfire:cyclops":2,"ancient_elements:aetherial_glaze":45,"takesapillage:skirmisher":1,"undead_revamp2:the_moonflower":18,"mowziesmobs:umvuthana_follower_raptor":3,"minecraft:hoglin":1,"undead_revamp2:thesomnolence":1,"mutantmonsters:creeper_minion":2,"minecraft:wither_skeleton":6}},"DataVersion":3465}