{"stats":{"minecraft:custom":{"minecraft:jump":87,"minecraft:time_since_rest":51759,"minecraft:damage_dealt":4630,"minecraft:crouch_one_cm":561,"minecraft:leave_game":3,"minecraft:play_time":51759,"minecraft:sprint_one_cm":9111,"minecraft:time_since_death":51759,"minecraft:walk_one_cm":9972,"minecraft:sneak_time":1389,"minecraft:total_world_time":51759,"minecraft:mob_kills":2,"minecraft:fly_one_cm":924625},"minecraft:killed":{"iceandfire:fire_dragon":2},"minecraft:used":{"twilightforest:glass_sword":12}},"DataVersion":3465}