{"stats":{"minecraft:dropped":{"minecraft:iron_sword":2,"vampirism:armor_of_swiftness_feet_ultimate":1,"minecraft:cooked_beef":128,"minecraft:iron_chestplate":2,"minecraft:oak_sapling":2,"sophisticatedbackpacks:netherite_backpack":1,"minecraft:iron_helmet":3,"minecraft:iron_leggings":3,"minecraft:iron_boots":3,"minecraft:brown_carpet":1,"minecraft:iron_axe":2,"minecraft:iron_pickaxe":2,"minecraft:iron_shovel":2,"tombstone:ankh_of_pray":1},"minecraft:killed":{"vampirism:vampire":1,"born_in_chaos_v1:corpse_fly":1,"born_in_chaos_v1:door_knight_not_despawn":1,"minecraft:spider":1,"iceandfire:stymphalian_bird":1,"born_in_chaos_v1:firelight_not_despawn":1,"born_in_chaos_v1:decrepit_skeleton":2},"minecraft:custom":{"minecraft:time_since_rest":100238,"minecraft:damage_taken":808,"lootr:looted_stat":6,"minecraft:sprint_one_cm":78378,"minecraft:walk_one_cm":69543,"minecraft:mob_kills":8,"minecraft:drop":27,"minecraft:damage_dealt":1958,"minecraft:fly_one_cm":297715,"minecraft:open_barrel":10,"minecraft:play_time":100238,"minecraft:crouch_one_cm":15188,"tombstone:undead_killed":3,"minecraft:sneak_time":3946,"minecraft:walk_under_water_one_cm":8094,"minecraft:interact_with_brewingstand":1,"minecraft:damage_dealt_resisted":1010,"minecraft:jump":421,"minecraft:leave_game":1,"minecraft:time_since_death":100238,"minecraft:walk_on_water_one_cm":475,"minecraft:total_world_time":100238,"minecraft:climb_one_cm":4370,"minecraft:fall_one_cm":9476},"minecraft:crafted":{"minecraft:oak_planks":456,"minecraft:acacia_planks":8},"minecraft:picked_up":{"minecraft:stick":28,"born_in_chaos_v1:shattered_skull":1,"minecraft:copper_ingot":1,"minecraft:green_bed":1,"minecraft:stripped_acacia_wood":2,"minecraft:spruce_fence":1,"minecraft:oak_log":114,"iceandfire:stymphalian_bird_feather":5,"vampirism:vampire_fang":1,"born_in_chaos_v1:pieceofdarkmetal":1,"minecraft:dirt":4,"minecraft:brown_carpet":1,"minecraft:bone":1,"minecraft:rotten_flesh":7,"minecraft:apple":5,"minecraft:spruce_planks":7,"minecraft:iron_helmet":1,"vampirism:hunter_coat_feet_ultimate":1,"minecraft:iron_ingot":2,"minecraft:oak_planks":8,"minecraft:oak_sapling":22,"minecraft:birch_sapling":6,"minecraft:dark_oak_fence":1,"minecraft:iron_bars":1,"vampirism:armor_of_swiftness_feet_ultimate":1},"minecraft:used":{"minecraft:iron_bars":1,"minecraft:iron_axe":153,"minecraft:oak_planks":294,"minecraft:iron_pickaxe":4,"minecraft:iron_sword":62,"minecraft:green_bed":1,"minecraft:golden_carrot":8,"minecraft:acacia_planks":2,"minecraft:spruce_fence":1},"minecraft:mined":{"minecraft:spruce_planks":8,"minecraft:brown_carpet":1,"minecraft:spruce_fence":1,"minecraft:oak_log":116,"minecraft:iron_bars":1,"minecraft:stripped_acacia_wood":2,"minecraft:oak_planks":8,"minecraft:spawner":3}},"DataVersion":3465}