{"stats":{"minecraft:crafted":{"minecraft:black_dye":2,"minecraft:oak_planks":24,"minecraft:cherry_slab":294,"minecraft:birch_slab":24,"tombstone:decorative_tombstone":1,"minecraft:diamond_shovel":1,"quark:cherry_chest":29,"minecraft:chest":5,"sophisticatedbackpacks:backpack":3,"enchantinginfuser:enchanting_infuser":1,"minecraft:crafting_table":2,"minecraft:lectern":1,"enchantinginfuser:advanced_enchanting_infuser":1,"minecraft:string":16,"minecraft:yellow_dye":2,"sophisticatedbackpacks:diamond_backpack":12,"minecraft:stick":4,"minecraft:netherite_ingot":2,"minecraft:cherry_planks":640,"comforts:sleeping_bag_white":2,"minecraft:furnace":1,"quark:cherry_bookshelf":16,"minecraft:pink_dye":7,"botania:black_petal":2,"minecraft:cherry_trapdoor":54,"minecraft:leather":12,"sophisticatedbackpacks:iron_backpack":6,"minecraft:red_dye":2,"minecraft:crimson_planks":44,"supplementaries:item_shelf":4,"comforts:sleeping_bag_pink":1,"minecraft:crimson_slab":6,"tombstone:ankh_of_pray":1,"sophisticatedbackpacks:gold_backpack":3,"minecraft:bucket":1,"minecraft:enchanted_book":4,"minecraft:orange_dye":3,"minecraft:air":0,"minecraft:jungle_planks":40,"minecraft:white_wool":6,"comforts:sleeping_bag_orange":1,"minecraft:white_dye":1,"minecraft:cherry_door":3},"minecraft:used":{"minecraft:spruce_slab":1,"minecraft:quartz_stairs":3,"minecraft:player_head":3,"quark:cherry_chest":24,"minecraft:soul_sand":4,"minecraft:jungle_planks":40,"enchantinginfuser:advanced_enchanting_infuser":1,"sophisticatedbackpacks:diamond_backpack":3,"minecraft:lantern":1,"comforts:sleeping_bag_orange":7,"minecraft:bow":187,"endrem:wither_eye":1,"minecraft:furnace":1,"minecraft:damaged_anvil":1,"minecraft:wither_skeleton_skull":3,"minecraft:oak_planks":10,"luminousworld:yellowpetunias":1,"minecraft:golden_apple":1,"minecraft:netherite_helmet":2,"minecraft:crying_obsidian":1,"minecraft:birch_slab":6,"minecraft:cyan_bed":1,"minecraft:bread":1,"minecraft:lectern":41,"minecraft:diamond_sword":12,"minecraft:experience_bottle":2,"minecraft:netherite_sword":801,"twilightforest:glass_sword":14,"comforts:sleeping_bag_pink":3,"minecraft:stick":1,"minecraft:torch":8,"minecraft:brewing_stand":1,"minecraft:dirt":879,"supplementaries:item_shelf":4,"quark:cherry_bookshelf":15,"tombstone:decorative_tombstone":1,"minecraft:spruce_fence":1,"minecraft:nether_brick_stairs":1,"mowziesmobs:wrought_helmet":2,"tombstone:ankh_of_pray":1,"minecraft:cherry_slab":282,"minecraft:crimson_slab":6,"minecraft:cherry_trapdoor":32,"minecraft:crimson_planks":34,"minecraft:golden_carrot":90,"luminousworld:savannah_soil":2,"tombstone:gift":7,"comforts:sleeping_bag_white":3,"minecraft:iron_leggings":1,"minecraft:water_bucket":144,"tombstone:scroll_of_knowledge":3,"minecraft:birch_planks":1,"minecraft:cherry_planks":180,"minecraft:crafting_table":3,"minecraft:smoker":1,"mowziesmobs:wrought_axe":488,"minecraft:diamond_pickaxe":69,"minecraft:diamond_shovel":7898,"minecraft:cherry_door":4,"minecraft:pink_petals":1,"minecraft:bucket":145,"minecraft:diamond_leggings":1,"minecraft:splash_potion":4},"minecraft:mined":{"luminousworld:yellowpetunias":1,"minecraft:cherry_log":162,"minecraft:obsidian":2,"minecraft:cherry_trapdoor":2,"minecraft:stripped_crimson_hyphae":15,"minecraft:grass_block":5180,"placeablesmod:nametagblock":1,"minecraft:jungle_log":10,"minecraft:spawner":9,"minecraft:weeping_vines_plant":1,"minecraft:iron_ore":1,"minecraft:fire":23,"minecraft:pumpkin":17,"minecraft:nether_brick_stairs":1,"supplementaries:stick":1,"minecraft:dirt_path":1,"comforts:sleeping_bag_pink":1,"minecraft:player_head":2,"minecraft:spruce_slab":1,"minecraft:smoker":1,"minecraft:poppy":2,"minecraft:glass":8,"minecraft:cyan_bed":1,"minecraft:oak_planks":1,"botania:black_mystical_flower":1,"minecraft:cherry_slab":39,"minecraft:pink_petals":131,"minecraft:cyan_wool":1,"sophisticatedbackpacks:diamond_backpack":3,"minecraft:warped_planks":1,"minecraft:lilac":2,"minecraft:stripped_oak_wood":11,"minecraft:orange_tulip":1,"minecraft:grass":63,"minecraft:oak_log":6,"minecraft:dirt":2617,"minecraft:crimson_planks":1,"minecraft:wither_skeleton_skull":2,"luminousworld:savannah_grass_4":1,"minecraft:ancient_debris":8,"minecraft:suspicious_gravel":2,"minecraft:yellow_terracotta":1,"minecraft:dark_prismarine":2,"minecraft:crying_obsidian":4,"minecraft:quartz_stairs":4,"minecraft:purple_terracotta":2,"minecraft:spruce_fence":1,"minecraft:birch_slab":2,"minecraft:sandstone":1,"placeablesmod:water_bucket_block":1,"minecraft:peony":1,"minecraft:gold_block":2,"minecraft:lantern":1,"minecraft:stone":1,"minecraft:oak_slab":12,"minecraft:acacia_leaves":1,"minecraft:cherry_planks":45,"minecraft:lily_of_the_valley":2,"minecraft:dandelion":2,"minecraft:polished_granite":4,"minecraft:oak_fence":12,"minecraft:crafting_table":2,"minecraft:smooth_sandstone":17,"minecraft:emerald_ore":1,"minecraft:crimson_slab":2,"minecraft:rose_bush":1,"minecraft:lectern":40,"minecraft:tall_grass":10,"comforts:sleeping_bag_orange":1,"minecraft:red_terracotta":1,"minecraft:birch_planks":2,"minecraft:lime_bed":1,"minecraft:cherry_leaves":1,"minecraft:cobweb":1,"luminousworld:elephant_grass":1},"minecraft:custom":{"lootr:looted_stat":75,"minecraft:interact_with_crafting_table":50,"minecraft:leave_game":7,"minecraft:time_since_death":438196,"minecraft:damage_resisted":15,"minecraft:sprint_one_cm":1364620,"minecraft:drop":214,"minecraft:talked_to_villager":71,"minecraft:play_time":439747,"minecraft:jump":4250,"minecraft:interact_with_brewingstand":3,"minecraft:walk_on_water_one_cm":57948,"minecraft:enchant_item":16,"tombstone:steal_effect":8,"minecraft:interact_with_furnace":16,"minecraft:traded_with_villager":4,"minecraft:sleep_in_bed":13,"minecraft:damage_dealt":82314,"minecraft:crouch_one_cm":57131,"tombstone:undead_killed":198,"minecraft:interact_with_smoker":1,"minecraft:mob_kills":334,"minecraft:interact_with_anvil":10,"minecraft:damage_dealt_resisted":1292,"minecraft:climb_one_cm":1516,"minecraft:walk_one_cm":1274165,"minecraft:damage_dealt_absorbed":280,"minecraft:sneak_time":13161,"minecraft:walk_under_water_one_cm":23561,"minecraft:total_world_time":439747,"tombstone:raider_killed":1,"minecraft:tune_noteblock":23,"tombstone:exorcism":1,"minecraft:time_since_rest":107842,"minecraft:damage_taken":9309,"minecraft:damage_absorbed":44,"tombstone:cast_on_ally":2,"minecraft:swim_one_cm":16490,"minecraft:fly_one_cm":1168197,"minecraft:open_chest":85,"minecraft:fall_one_cm":203936},"minecraft:picked_up":{"minecraft:iron_chestplate":3,"minecraft:chainmail_boots":3,"minecraft:crimson_planks":3,"minecraft:string":43,"minecraft:iron_leggings":2,"bosses_of_mass_destruction:soul_star":2,"comforts:sleeping_bag_white":3,"endrem:wither_eye":2,"iceandfire:dragonscales_red":19,"minecraft:iron_boots":3,"minecraft:stick":97,"minecraft:oak_fence":12,"luminousworld:savannah_soil":10,"minecraft:cherry_log":194,"tombstone:grave_dust":31,"minecraft:warped_planks":1,"undead_revamp2:cloogerribs":39,"luminousworld:grassflowers":3,"comforts:sleeping_bag_orange":7,"quark:clear_shard":36,"minecraft:rotten_flesh":230,"iceandfire:fire_dragon_heart":2,"supplementaries:quiver":1,"evilcraft:condensed_blood":3,"supplementaries:ash":2,"minecraft:netherite_chestplate":1,"minecraft:blaze_powder":5,"minecraft:cobblestone":4,"minecraft:pink_petals":8678,"luminousworld:savannah_ground":34,"minecraft:feather":3,"minecraft:lilac":3,"minecraft:cherry_planks":51,"minecraft:water_bucket":1,"minecraft:birch_slab":2,"minecraft:jungle_log":11,"minecraft:smoker":1,"minecraft:potato":1,"luminousworld:purple_petunias":3,"undead_revamp2:huntereye":2,"minecraft:wither_skeleton_skull":4,"minecraft:cherry_door":3,"minecraft:lantern":1,"minecraft:dirt":7128,"iceandfire:dragonscales_bronze":15,"minecraft:polished_granite":1,"minecraft:name_tag":1,"minecraft:leather_boots":1,"minecraft:bone":122,"undead_revamp2:blacpetalblock":1,"minecraft:bow":8,"minecraft:orange_tulip":1,"minecraft:wheat_seeds":240,"comforts:sleeping_bag_pink":3,"minecraft:oak_planks":1,"ancient_elements:aero_charge":96,"earthmobsmod:harder_flesh":5,"iceandfire:dragon_skull_fire":2,"minecraft:nether_brick_stairs":1,"minecraft:lily_of_the_valley":1,"minecraft:cyan_bed":1,"minecraft:red_terracotta":1,"minecraft:dark_prismarine":2,"minecraft:bundle":2,"minecraft:iron_hoe":1,"luminousworld:yellowpetunias":1,"waystones:waystone":2,"alexsmobs:tarantula_hawk_wing_fragment":5,"minecraft:emerald":4,"minecraft:chainmail_helmet":3,"minecraft:bread":1,"alexsmobs:maggot":2,"minecraft:oak_sapling":4,"minecraft:cherry_slab":43,"luminousworld:groundpebbles_1":24,"minecraft:crafting_table":2,"minecraft:chicken":2,"iceandfire:witherbone":3,"minecraft:gold_block":2,"minecraft:iron_axe":2,"ancient_elements:aetherial_shard":43,"minecraft:netherite_sword":1,"minecraft:beef":5,"minecraft:cyan_wool":1,"minecraft:player_head":4,"minecraft:jungle_sapling":1,"minecraft:poppy":2,"minecraft:spruce_slab":1,"minecraft:light_gray_wool":1,"minecraft:lectern":40,"minecraft:quartz_stairs":3,"minecraft:cherry_trapdoor":2,"minecraft:raw_iron":1,"minecraft:stripped_crimson_hyphae":11,"minecraft:sandstone":1,"iceandfire:dragonbone":10,"iceandfire:dragonscales_green":21,"minecraft:copper_ingot":1,"minecraft:spruce_fence":1,"minecraft:cookie":10,"minecraft:purple_terracotta":1,"iceandfire:cyclops_eye":1,"minecraft:arrow":110,"minecraft:weeping_vines":1,"minecraft:peony":1,"minecraft:yellow_terracotta":1,"mowziesmobs:umvuthana_mask_bliss":1,"tombstone:essence_of_undeath":1,"botania:green_mystical_flower":5,"minecraft:mutton":33,"quark:music_disc_wind":1,"minecraft:crimson_slab":3,"minecraft:white_wool":3,"minecraft:lime_bed":1,"minecraft:golden_carrot":138,"minecraft:leather":67,"minecraft:birch_planks":7,"minecraft:oak_log":6,"minecraft:chainmail_chestplate":1,"minecraft:ancient_debris":8,"minecraft:golden_boots":8,"minecraft:gunpowder":14,"botania:black_mystical_flower":1,"minecraft:smooth_sandstone":14,"minecraft:stripped_oak_wood":11,"iceandfire:fire_dragon_flesh":7,"sophisticatedbackpacks:diamond_backpack":11,"minecraft:book":1,"minecraft:oak_slab":12,"minecraft:pumpkin":17,"minecraft:dandelion":2,"minecraft:amethyst_shard":2,"minecraft:crying_obsidian":7,"minecraft:spider_eye":27,"minecraft:slime_ball":17,"minecraft:chainmail_leggings":2,"minecraft:iron_helmet":1,"minecraft:cherry_sapling":180,"tombstone:magic_scroll":2,"minecraft:black_wool":1,"minecraft:coal":9,"minecraft:sunflower":1},"minecraft:dropped":{"minecraft:birch_planks":6,"minecraft:orange_dye":1,"minecraft:weeping_vines":1,"minecraft:cookie":5,"minecraft:birch_slab":10,"minecraft:dirt":523,"minecraft:mutton":33,"minecraft:jungle_sapling":1,"minecraft:sunflower":1,"minecraft:stripped_oak_wood":11,"minecraft:cherry_door":1,"cataclysm:music_disc_ender_guardian":1,"minecraft:bone":20,"undead_revamp2:huntereye":2,"minecraft:pink_dye":2,"minecraft:cherry_sapling":95,"minecraft:rotten_flesh":18,"ancient_elements:aetherial_shard":2,"minecraft:oak_planks":9,"luminousworld:savannah_soil":8,"minecraft:warped_planks":1,"sophisticatedbackpacks:diamond_backpack":7,"minecraft:lime_bed":1,"supplementaries:ash":1,"luminousworld:grassflowers":3,"minecraft:jungle_log":1,"minecraft:leather_boots":1,"minecraft:chainmail_boots":2,"aether:music_disc_chinchilla":1,"minecraft:arrow":53,"minecraft:beef":5,"minecraft:polished_granite":1,"comforts:sleeping_bag_pink":1,"minecraft:crimson_planks":10,"minecraft:golden_boots":6,"minecraft:purple_terracotta":1,"minecraft:oak_slab":12,"minecraft:wheat_seeds":57,"minecraft:lilac":2,"minecraft:oak_fence":12,"minecraft:yellow_terracotta":1,"minecraft:cobblestone":1,"minecraft:book":1,"iceandfire:cyclops_eye":1,"minecraft:chainmail_helmet":2,"minecraft:stick":12,"twilightforest:music_disc_motion":1,"quark:clear_shard":36,"minecraft:golden_carrot":75,"minecraft:torch":56,"quark:music_disc_wind":1,"luminousworld:savannah_ground":34,"minecraft:cherry_planks":6,"minecraft:iron_axe":1,"minecraft:string":1,"minecraft:chainmail_leggings":2,"minecraft:smooth_sandstone":10,"minecraft:pink_petals":1390,"minecraft:music_disc_cat":1,"iceandfire:dragon_skull_fire":2,"alexscaves:music_disc_fusion":1,"alexsmobs:maggot":2,"minecraft:iron_boots":3,"minecraft:cherry_slab":1,"earthmobsmod:harder_flesh":1,"minecraft:red_terracotta":1,"supplementaries:quiver":1,"minecraft:potato":1,"minecraft:cyan_wool":1,"minecraft:crimson_slab":3,"ancient_elements:aero_charge":7,"aether:diamond_gloves":1,"minecraft:iron_chestplate":1,"luminousworld:groundpebbles_1":4,"minecraft:spider_eye":4,"minecraft:sandstone":1,"minecraft:bow":5,"minecraft:dark_prismarine":2,"luminousworld:purple_petunias":3,"minecraft:black_wool":1},"minecraft:killed":{"alexsmobs:hummingbird":1,"minecraft:cave_spider":8,"minecraft:spider":13,"undead_revamp2:thesmoker":1,"undead_revamp2:theswarmer":2,"minecraft:skeleton":39,"undead_revamp2:deadclogger":1,"minecraft:bee":2,"minecraft:chicken":1,"earthmobsmod:zombified_rabbit":2,"undead_revamp2:therod":2,"undead_revamp2:thespitter":4,"luminousworld:hollow":10,"minecraft:creeper":12,"minecraft:sheep":4,"luminousworld:savannah_skeleton":1,"minecraft:zombie":69,"creeperoverhaul:desert_creeper":1,"alexsmobs:fly":1,"mutantmonsters:mutant_creeper":1,"mowziesmobs:umvuthana_raptor":1,"minecraft:cow":4,"undead_revamp2:thehunter":8,"undead_revamp2:theimmortal":1,"alexsmobs:tarantula_hawk":2,"undead_revamp2:bomber":1,"iceandfire:fire_dragon":4,"alexsmobs:bison":1,"undead_revamp2:thehorrors":2,"undead_revamp2:sucker":8,"minecraft:husk":19,"earthmobsmod:bouldering_zombie":7,"iceandfire:cyclops":1,"ancient_elements:aetherial_glaze":39,"takesapillage:skirmisher":1,"undead_revamp2:the_moonflower":18,"mowziesmobs:umvuthana_follower_raptor":3,"undead_revamp2:thesomnolence":1,"mutantmonsters:creeper_minion":2,"minecraft:wither_skeleton":3}},"DataVersion":3465}