{"stats":{"minecraft:dropped":{"minecraft:iron_sword":3,"vampirism:armor_of_swiftness_feet_ultimate":1,"minecraft:brown_mushroom":2,"minecraft:birch_planks":1,"minecraft:wheat_seeds":1,"minecraft:cooked_beef":128,"minecraft:oak_log":2,"minecraft:iron_helmet":3,"minecraft:cobblestone":2,"iceandfire:ice_dragon_flesh":8,"born_in_chaos_v1:pieceofdarkmetal":3,"minecraft:spruce_stairs":1,"tombstone:ankh_of_pray":1,"tombstone:bag_of_seeds":1,"minecraft:dark_oak_log":1,"sophisticatedbackpacks:netherite_backpack":1,"minecraft:iron_leggings":3,"minecraft:oak_stairs":3,"minecraft:iron_axe":3,"iceandfire:stymphalian_bird_dagger":1,"minecraft:tube_coral":1,"minecraft:iron_pickaxe":2,"minecraft:iron_shovel":2,"luminousworld:decorative_brown_2":2,"minecraft:spruce_sapling":2,"minecraft:iron_nugget":5,"minecraft:rotten_flesh":6,"minecraft:iron_boots":3,"minecraft:white_bed":1,"minecraft:iron_chestplate":2,"minecraft:oak_sapling":2,"minecraft:barrel":1,"minecraft:brown_carpet":1,"minecraft:bow":2},"minecraft:killed":{"undead_revamp2:thewolf":1,"illagerinvasion:archivist":1,"vampirism:vampire":3,"minecraft:evoker":1,"undead_revamp2:thehunter":1,"minecraft:witch":1,"vampirism:advanced_vampire":2,"born_in_chaos_v1:zombie_lumberjack":1,"born_in_chaos_v1:door_knight_not_despawn":1,"enemyexpansion:equestrian":1,"minecraft:spider":1,"minecraft:vindicator":6,"illagerinvasion:marauder":1,"luminousworld:frost_bitten_skeleton":3,"undead_revamp2:thesmoker":1,"enemyexpansion:direwolf":3,"mowziesmobs:frostmaw":1,"iceandfire:stymphalian_bird":4,"illagerinvasion:basher":1,"minecraft:skeleton":3,"vampirism:blinding_bat":1,"iceandfire:siren":1,"illagerinvasion:provoker":3,"born_in_chaos_v1:skeleton_thrasher":1,"minecraft:drowned":1,"born_in_chaos_v1:firelight_not_despawn":1,"born_in_chaos_v1:barrel_zombie":1,"iceandfire:hippocampus":1,"minecraft:zombie_villager":1,"ancient_elements:aetherial_glaze":4,"enemyexpansion:sprinter":2,"undead_revamp2:thebeartamer":1,"minecraft:hoglin":25,"minecraft:creeper":1,"born_in_chaos_v1:decrepit_skeleton":2,"minecraft:pillager":5,"minecraft:zombie":2,"born_in_chaos_v1:corpse_fly":1,"enemyexpansion:botfly":1,"enemyexpansion:huntsman":1,"iceandfire:ice_dragon":1,"minecraft:wither_skeleton":20,"iceandfire:sea_serpent":3,"enemyexpansion:slugger":1},"minecraft:custom":{"minecraft:mob_kills":121,"lootr:looted_stat":47,"minecraft:interact_with_crafting_table":8,"minecraft:open_barrel":10,"minecraft:damage_dealt_resisted":3768,"minecraft:leave_game":2,"minecraft:time_since_death":218172,"minecraft:climb_one_cm":5902,"minecraft:sprint_one_cm":413923,"minecraft:walk_one_cm":389650,"minecraft:drop":53,"minecraft:play_time":218172,"minecraft:sneak_time":12586,"minecraft:walk_under_water_one_cm":59610,"minecraft:interact_with_brewingstand":3,"minecraft:jump":3763,"minecraft:walk_on_water_one_cm":18511,"minecraft:total_world_time":218172,"tombstone:raider_killed":19,"minecraft:sleep_in_bed":3,"minecraft:waystone_activated":1,"minecraft:time_since_rest":7144,"minecraft:damage_taken":17554,"minecraft:damage_absorbed":10,"minecraft:damage_dealt":40829,"minecraft:swim_one_cm":122330,"minecraft:fly_one_cm":921286,"minecraft:open_chest":3,"minecraft:crouch_one_cm":31483,"tombstone:undead_killed":45,"minecraft:fall_one_cm":72469},"minecraft:crafted":{"minecraft:oak_door":3,"minecraft:oak_planks":456,"minecraft:oak_trapdoor":54,"minecraft:iron_axe":1,"minecraft:spruce_slab":12,"minecraft:oak_slab":84,"minecraft:crafting_table":1,"iceandfire:stymphalian_bird_dagger":1,"minecraft:acacia_planks":8,"minecraft:torch":20},"minecraft:picked_up":{"minecraft:crafting_table":3,"luminousworld:decorative_brown_2":2,"illagerinvasion:platinum_chunk":3,"iceandfire:witherbone":12,"minecraft:prismarine_shard":3,"minecraft:brown_mushroom":2,"minecraft:diamond_sword":1,"friendsandfoes:totem_of_illusion":1,"minecraft:oak_stairs":5,"minecraft:gold_block":2,"minecraft:oak_trapdoor":1,"minecraft:iron_axe":1,"iceandfire:sea_serpent_scales_teal":6,"minecraft:iron_shovel":1,"ancient_elements:aetherial_shard":10,"minecraft:spruce_planks":51,"minecraft:iron_nugget":5,"minecraft:iron_pickaxe":1,"minecraft:spruce_slab":2,"minecraft:birch_sapling":6,"iceandfire:ice_dragon_heart":1,"minecraft:stick":31,"born_in_chaos_v1:shattered_skull":2,"minecraft:oak_door":1,"minecraft:copper_ingot":4,"minecraft:green_bed":1,"minecraft:spruce_stairs":2,"minecraft:spruce_fence":1,"minecraft:porkchop":61,"minecraft:cookie":5,"tombstone:grave_dust":9,"vampirism:vampire_fang":2,"born_in_chaos_v1:pieceofdarkmetal":4,"minecraft:prismarine_crystals":4,"minecraft:brown_carpet":1,"vampirism:blood_bottle":2,"minecraft:arrow":6,"minecraft:tube_coral":1,"iceandfire:sea_serpent_scales_purple":8,"minecraft:rotten_flesh":24,"minecraft:tropical_fish":1,"vampirism:hunter_coat_feet_ultimate":1,"mowziesmobs:ice_crystal":1,"minecraft:totem_of_undying":1,"minecraft:iron_bars":1,"minecraft:cobblestone":2,"iceandfire:sea_serpent_fang":11,"minecraft:salmon":1,"minecraft:black_bed":4,"minecraft:leather":7,"minecraft:potato":1,"minecraft:birch_planks":5,"minecraft:oak_log":116,"minecraft:chainmail_chestplate":1,"minecraft:gunpowder":2,"minecraft:wither_skeleton_skull":2,"minecraft:dirt":4,"minecraft:paper":1,"minecraft:bone":37,"minecraft:acacia_planks":1,"minecraft:apple":5,"minecraft:bow":2,"minecraft:wheat_seeds":1,"minecraft:iron_ingot":4,"tombstone:bag_of_seeds":1,"minecraft:glowstone_dust":3,"iceandfire:sea_serpent_scales_deepblue":7,"minecraft:oak_planks":43,"vampirism:armor_of_swiftness_feet_ultimate":2,"minecraft:dark_oak_stairs":1,"ancient_elements:aero_charge":10,"minecraft:book":1,"minecraft:oak_slab":1,"endrem:witch_pupil":1,"minecraft:stripped_acacia_wood":2,"iceandfire:shiny_scales":6,"minecraft:sand":2,"minecraft:spruce_sapling":3,"iceandfire:stymphalian_bird_feather":13,"minecraft:white_bed":1,"minecraft:spruce_log":2,"illagerinvasion:illusionary_dust":1,"minecraft:dark_oak_log":1,"minecraft:barrel":1,"minecraft:bundle":1,"minecraft:iron_hoe":1,"minecraft:sugar":2,"waystones:waystone":2,"minecraft:iron_helmet":1,"iceandfire:ice_dragon_flesh":8,"minecraft:bread":1,"minecraft:emerald":12,"minecraft:oak_sapling":22,"minecraft:dark_oak_fence":1,"minecraft:coal":9},"minecraft:broken":{"aether:golden_gloves":1,"vampirism:hunter_coat_feet_ultimate":1,"minecraft:iron_chestplate":1,"minecraft:iron_leggings":2,"minecraft:iron_helmet":1},"minecraft:used":{"minecraft:oak_trapdoor":15,"minecraft:iron_bars":1,"minecraft:tropical_fish":1,"minecraft:spruce_slab":14,"twilightforest:glass_sword":26,"minecraft:spruce_planks":35,"minecraft:iron_sword":112,"minecraft:oak_door":2,"minecraft:torch":9,"minecraft:dirt":4,"minecraft:spruce_stairs":1,"minecraft:carrot":21,"minecraft:spruce_fence":1,"minecraft:iron_axe":246,"minecraft:oak_stairs":2,"minecraft:golden_carrot":159,"tombstone:gift":1,"minecraft:acacia_planks":3,"minecraft:birch_planks":4,"minecraft:oak_planks":375,"minecraft:green_bed":1,"iceandfire:stymphalian_bird_dagger":282,"minecraft:sand":2,"minecraft:oak_slab":31,"minecraft:crafting_table":3,"minecraft:black_bed":4,"minecraft:iron_pickaxe":22,"minecraft:diamond_sword":306,"minecraft:pumpkin_pie":29},"minecraft:mined":{"minecraft:white_bed":1,"minecraft:spruce_planks":44,"minecraft:light_gray_stained_glass_pane":1,"minecraft:oak_door":1,"minecraft:spruce_fence":1,"minecraft:spawner":8,"minecraft:black_stained_glass_pane":1,"minecraft:oak_trapdoor":1,"minecraft:glowstone":1,"minecraft:gold_block":2,"minecraft:oak_stairs":2,"minecraft:iron_bars":1,"minecraft:packed_ice":3,"minecraft:stone":1,"minecraft:spruce_slab":2,"minecraft:oak_slab":1,"minecraft:glass_pane":1,"minecraft:brown_carpet":1,"ecologics:thin_ice":1,"minecraft:crafting_table":3,"quark:blossom_log":1,"minecraft:cobblestone":3,"minecraft:oak_planks":37,"minecraft:spruce_stairs":1,"minecraft:birch_planks":4,"minecraft:mud":1,"minecraft:ice":1,"minecraft:black_bed":4,"minecraft:oak_log":116,"minecraft:sand":2,"minecraft:cobweb":1,"minecraft:acacia_planks":1,"minecraft:stripped_acacia_wood":2,"minecraft:oak_leaves":1}},"DataVersion":3465}