{"stats":{"minecraft:killed":{"iceandfire:fire_dragon":2},"minecraft:used":{"twilightforest:glass_sword":12},"minecraft:custom":{"minecraft:jump":82,"minecraft:time_since_rest":47236,"minecraft:damage_dealt":4630,"minecraft:crouch_one_cm":561,"minecraft:leave_game":2,"minecraft:play_time":47236,"minecraft:sprint_one_cm":9111,"minecraft:time_since_death":47236,"minecraft:walk_one_cm":8548,"minecraft:sneak_time":1389,"minecraft:total_world_time":47236,"minecraft:mob_kills":2,"minecraft:fly_one_cm":923450}},"DataVersion":3465}