{"stats":{"minecraft:custom":{"minecraft:time_since_rest":20451,"minecraft:crouch_one_cm":7404,"minecraft:sprint_one_cm":22129,"minecraft:play_time":20451,"minecraft:damage_taken":220,"minecraft:walk_one_cm":18735,"minecraft:sneak_time":2569,"minecraft:walk_under_water_one_cm":1524,"minecraft:drop":1,"minecraft:jump":191,"minecraft:damage_dealt":16,"minecraft:leave_game":2,"minecraft:time_since_death":20451,"minecraft:walk_on_water_one_cm":1873,"minecraft:total_world_time":20451,"minecraft:climb_one_cm":1123,"minecraft:interact_with_crafting_table":4,"minecraft:swim_one_cm":760,"minecraft:fly_one_cm":17078,"minecraft:fall_one_cm":6023},"minecraft:dropped":{"minecraft:mangrove_roots":1},"minecraft:crafted":{"minecraft:mangrove_planks":92,"minecraft:crafting_table":1,"minecraft:stick":20,"minecraft:wooden_pickaxe":1,"minecraft:stone_pickaxe":3},"minecraft:picked_up":{"minecraft:raw_iron":2,"minecraft:crafting_table":1,"minecraft:sandstone":8,"minecraft:sand":2,"minecraft:mangrove_roots":1,"minecraft:coal":9,"minecraft:mangrove_log":23,"minecraft:cobblestone":51},"minecraft:mined":{"minecraft:coal_ore":9,"minecraft:sand":2,"minecraft:iron_ore":2,"minecraft:mangrove_log":23,"minecraft:stone":51,"minecraft:sandstone":8,"minecraft:mangrove_roots":1,"minecraft:crafting_table":1,"minecraft:mangrove_leaves":9},"minecraft:used":{"minecraft:crafting_table":2,"minecraft:stone_pickaxe":67,"minecraft:mangrove_planks":10,"minecraft:sandstone":8,"minecraft:wooden_pickaxe":3}},"DataVersion":3465}