{"stats":{"minecraft:killed_by":{"mutantmonsters:mutant_skeleton":1},"minecraft:dropped":{"minecraft:iron_sword":2,"minecraft:cherry_log":1,"minecraft:iron_helmet":2,"minecraft:iron_boots":2,"minecraft:red_mushroom":2,"undead_revamp2:wincallerfan":1,"minecraft:iron_chestplate":2,"minecraft:tnt_minecart":2,"sophisticatedbackpacks:netherite_backpack":2,"minecraft:iron_leggings":2,"minecraft:iron_axe":2,"minecraft:iron_pickaxe":2,"minecraft:calcite":1,"minecraft:iron_shovel":2},"minecraft:picked_up":{"minecraft:red_mushroom":2,"minecraft:dirt":3,"minecraft:string":12,"minecraft:bone":1,"ancient_elements:aetherial_shard":1,"minecraft:tnt_minecart":2,"twilightforest:glass_sword":2,"minecraft:calcite":1,"minecraft:iron_sword":1,"minecraft:phantom_membrane":1,"ancient_elements:aero_charge":6,"minecraft:raw_iron":53,"minecraft:stick":28,"earthmobsmod:harder_flesh":2,"minecraft:cherry_log":77,"vampirism:vampire_fang":1,"minecraft:spider_eye":2,"minecraft:arrow":3,"minecraft:rotten_flesh":3,"vampirism:dark_stone_bricks":3,"minecraft:cherry_sapling":46,"minecraft:emerald":1,"undead_revamp2:wincallerfan":1,"minecraft:coal":55,"minecraft:cobblestone":43},"minecraft:custom":{"lootr:looted_stat":8,"minecraft:mob_kills":27,"minecraft:leave_game":3,"minecraft:time_since_death":24098,"minecraft:sleep_in_bed":2,"minecraft:climb_one_cm":24664,"minecraft:time_since_rest":19722,"minecraft:sprint_one_cm":177027,"minecraft:damage_taken":5168,"minecraft:walk_one_cm":146050,"tombstone:sneak_grave":1,"minecraft:drop":25,"minecraft:damage_dealt":12663,"minecraft:fly_one_cm":1230655,"minecraft:crouch_one_cm":5409,"tombstone:undead_killed":8,"minecraft:play_time":147759,"minecraft:deaths":1,"minecraft:sneak_time":3957,"minecraft:jump":913,"minecraft:walk_on_water_one_cm":141,"minecraft:total_world_time":147759,"minecraft:fall_one_cm":31643},"minecraft:crafted":{"sophisticatedbackpacks:netherite_backpack":2},"minecraft:killed":{"minecraft:cave_spider":9,"earthmobsmod:bouldering_zombie":1,"undead_revamp2:thehunter":1,"minecraft:zombie_villager":1,"ancient_elements:aetherial_glaze":4,"minecraft:spider":2,"undead_revamp2:bomber":1,"minecraft:skeleton":3,"minecraft:zombie":1,"iceandfire:fire_dragon":2,"iceandfire:lightning_dragon":1},"minecraft:used":{"undead_revamp2:wincallerfan":1,"twilightforest:glass_sword":30,"minecraft:iron_sword":67,"minecraft:iron_chestplate":1,"minecraft:torch":1,"minecraft:dirt":1,"minecraft:iron_axe":86,"minecraft:iron_pickaxe":160,"minecraft:iron_helmet":1,"minecraft:iron_boots":1,"vampirism:dark_stone_bricks":3,"minecraft:golden_carrot":41,"minecraft:cobblestone":8,"tombstone:gift":3,"minecraft:iron_leggings":1},"minecraft:mined":{"vampirism:dark_stone_bricks":3,"minecraft:cherry_log":81,"minecraft:emerald_ore":1,"minecraft:grass_block":1,"minecraft:cobblestone":7,"minecraft:iron_ore":53,"minecraft:coal_ore":55,"minecraft:dirt":2,"minecraft:red_mushroom_block":1,"minecraft:stone":41}},"DataVersion":3465}