{"stats":{"minecraft:dropped":{"minecraft:purple_terracotta":1,"minecraft:iron_sword":3,"minecraft:brown_mushroom":2,"minecraft:birch_planks":1,"minecraft:cherry_log":1,"minecraft:glass_bottle":1,"minecraft:stripped_birch_wood":2,"minecraft:iron_helmet":6,"minecraft:red_mushroom":2,"sophisticatedbackpacks:gold_backpack":1,"minecraft:oxeye_daisy":2,"minecraft:warped_slab":1,"undead_revamp2:wincallerfan":1,"minecraft:smooth_red_sandstone":2,"minecraft:golden_carrot":2,"minecraft:tnt_minecart":2,"sophisticatedbackpacks:netherite_backpack":3,"minecraft:iron_leggings":4,"minecraft:sunflower":1,"minecraft:iron_axe":3,"minecraft:sand":1,"minecraft:iron_pickaxe":3,"minecraft:stripped_oak_wood":2,"minecraft:smooth_red_sandstone_slab":1,"minecraft:iron_shovel":3,"minecraft:chainmail_leggings":1,"minecraft:smooth_sandstone":4,"quark:yellow_shard":7,"minecraft:rotten_flesh":4,"minecraft:iron_boots":3,"minecraft:red_terracotta":1,"supplementaries:ash":2,"minecraft:cyan_wool":1,"minecraft:shield":1,"minecraft:iron_chestplate":5,"minecraft:chainmail_boots":1,"minecraft:leather_leggings":1,"minecraft:sandstone":5,"minecraft:end_stone_bricks":2,"minecraft:arrow":8,"minecraft:light_blue_terracotta":1,"minecraft:calcite":1,"minecraft:polished_granite":1,"minecraft:enchanting_table":1},"minecraft:picked_up":{"minecraft:end_stone_bricks":2,"undead_revamp2:bostroxingot":6,"sophisticatedbackpacks:gold_backpack":1,"minecraft:crafting_table":3,"minecraft:iron_chestplate":1,"minecraft:chainmail_boots":1,"iceandfire:witherbone":7,"minecraft:leather_leggings":1,"minecraft:brown_mushroom":2,"minecraft:crimson_planks":1,"minecraft:string":16,"quark:yellow_shard":7,"minecraft:smooth_red_sandstone_slab":1,"ancient_elements:aetherial_shard":5,"minecraft:tnt_minecart":2,"minecraft:netherite_sword":1,"minecraft:warped_slab":1,"minecraft:cyan_wool":2,"minecraft:calcite":1,"minecraft:phantom_membrane":1,"minecraft:stripped_crimson_hyphae":9,"minecraft:stick":28,"minecraft:raw_iron":53,"minecraft:sandstone":5,"sophisticatedbackpacks:backpack":1,"minecraft:cherry_log":77,"tombstone:grave_dust":5,"vampirism:vampire_fang":1,"minecraft:warped_planks":11,"minecraft:purple_terracotta":1,"minecraft:smooth_sandstone_slab":1,"minecraft:arrow":16,"vampirism:blood_bottle":1,"minecraft:rotten_flesh":30,"minecraft:yellow_terracotta":1,"tombstone:essence_of_undeath":1,"minecraft:gold_ingot":2,"supplementaries:ash":2,"minecraft:brick_stairs":1,"undead_revamp2:wincallerfan":1,"minecraft:stripped_birch_wood":2,"minecraft:obsidian":3,"minecraft:cobblestone":43,"minecraft:oxeye_daisy":2,"minecraft:enchanting_table":1,"minecraft:smooth_red_sandstone":2,"minecraft:red_mushroom":2,"minecraft:birch_planks":1,"minecraft:smooth_sandstone_stairs":3,"minecraft:ancient_debris":8,"undead_revamp2:huntereye":1,"minecraft:wither_skeleton_skull":1,"minecraft:dirt":4,"minecraft:polished_granite":1,"minecraft:smooth_sandstone":5,"minecraft:bone":25,"twilightforest:glass_sword":2,"minecraft:iron_ingot":2,"minecraft:stripped_oak_wood":2,"vampirism:altar_cleansing":1,"minecraft:iron_sword":1,"ancient_elements:aero_charge":10,"earthmobsmod:harder_flesh":4,"minecraft:sand":1,"minecraft:red_terracotta":1,"minecraft:spider_eye":2,"minecraft:dark_prismarine":2,"minecraft:oak_wood":1,"minecraft:slime_ball":6,"minecraft:light_blue_terracotta":1,"minecraft:diamond":1,"vampirism:dark_stone_bricks":3,"minecraft:chainmail_leggings":1,"minecraft:iron_helmet":2,"minecraft:cherry_sapling":46,"minecraft:emerald":1,"tombstone:magic_scroll":1,"minecraft:netherite_hoe":1,"minecraft:coal":62,"minecraft:sunflower":1},"minecraft:broken":{"minecraft:iron_boots":1,"vampirism:hunter_coat_head_ultimate":1,"minecraft:iron_sword":1},"minecraft:custom":{"lootr:looted_stat":74,"minecraft:mob_kills":116,"minecraft:interact_with_crafting_table":8,"minecraft:damage_dealt_resisted":284,"minecraft:leave_game":7,"minecraft:time_since_death":120906,"minecraft:climb_one_cm":25765,"minecraft:damage_resisted":32,"minecraft:sprint_one_cm":632249,"minecraft:walk_one_cm":373399,"minecraft:drop":82,"vampirism:skills_unlocked":1,"minecraft:damage_dealt_absorbed":40,"minecraft:play_time":244567,"minecraft:deaths":1,"minecraft:sneak_time":6826,"minecraft:walk_under_water_one_cm":6533,"minecraft:jump":1741,"minecraft:walk_on_water_one_cm":5193,"minecraft:total_world_time":244567,"vampirism:blood_drunk":700,"minecraft:sleep_in_bed":2,"minecraft:time_since_rest":116530,"minecraft:damage_taken":97627,"tombstone:sneak_grave":1,"minecraft:damage_dealt":34902,"tombstone:cast_on_ally":1,"minecraft:swim_one_cm":3656,"minecraft:fly_one_cm":1594247,"minecraft:crouch_one_cm":10315,"tombstone:undead_killed":83,"minecraft:fall_one_cm":72601},"minecraft:used":{"minecraft:netherite_sword":146,"twilightforest:glass_sword":69,"minecraft:iron_sword":256,"minecraft:smooth_sandstone_stairs":3,"minecraft:iron_chestplate":1,"minecraft:torch":55,"minecraft:dirt":4,"minecraft:oak_wood":1,"minecraft:cyan_wool":1,"minecraft:iron_axe":129,"minecraft:brick_stairs":1,"minecraft:smooth_sandstone":1,"minecraft:iron_helmet":1,"minecraft:iron_boots":1,"minecraft:crimson_planks":33,"minecraft:bow":10,"minecraft:golden_carrot":132,"tombstone:gift":7,"minecraft:iron_leggings":1,"undead_revamp2:wincallerfan":1,"minecraft:smooth_sandstone_slab":1,"minecraft:cherry_planks":18,"minecraft:yellow_terracotta":1,"minecraft:crafting_table":3,"minecraft:warped_planks":11,"minecraft:dark_prismarine":2,"minecraft:diamond_pickaxe":33,"minecraft:iron_pickaxe":168,"vampirism:dark_stone_bricks":3,"minecraft:cobblestone":8,"minecraft:stripped_crimson_hyphae":1,"vampirism:altar_cleansing":1},"minecraft:crafted":{"minecraft:cherry_planks":48,"sophisticatedbackpacks:iron_backpack":2,"minecraft:crimson_planks":32,"minecraft:crafting_table":1,"sophisticatedbackpacks:gold_backpack":2,"sophisticatedbackpacks:diamond_backpack":2,"sophisticatedbackpacks:netherite_backpack":2},"minecraft:killed":{"vampirism:vampire":4,"minecraft:cave_spider":9,"undead_revamp2:thehunter":3,"minecraft:spider":3,"undead_revamp2:bomber":1,"alexsmobs:rattlesnake":2,"minecraft:skeleton":11,"iceandfire:fire_dragon":2,"undead_revamp2:thepregnant":1,"undead_revamp2:sucker":2,"minecraft:husk":17,"earthmobsmod:bouldering_zombie":2,"luminousworld:hollow":3,"minecraft:zombie_villager":1,"ancient_elements:aetherial_glaze":7,"undead_revamp2:the_moonflower":1,"undead_revamp2:thebeartamer":1,"undead_revamp2:slaveman":1,"minecraft:zombie":19,"iceandfire:lightning_dragon":1,"minecraft:wither_skeleton":20,"minecraft:cow":1},"minecraft:killed_by":{"mutantmonsters:mutant_skeleton":1},"minecraft:mined":{"minecraft:yellow_terracotta":1,"minecraft:dark_prismarine":2,"minecraft:cherry_log":81,"minecraft:obsidian":3,"minecraft:stripped_crimson_hyphae":8,"minecraft:purple_terracotta":1,"minecraft:grass_block":2,"minecraft:brick_stairs":1,"minecraft:oxeye_daisy":1,"minecraft:sandstone":5,"minecraft:spawner":7,"minecraft:iron_ore":53,"minecraft:enchanting_table":1,"minecraft:smooth_red_sandstone":1,"minecraft:smooth_sandstone_stairs":2,"minecraft:end_stone_bricks":2,"minecraft:stone":41,"vampirism:altar_cleansing":1,"minecraft:polished_granite":1,"minecraft:smooth_sandstone":1,"minecraft:crafting_table":3,"minecraft:emerald_ore":1,"minecraft:oak_wood":1,"minecraft:rose_bush":1,"minecraft:tall_grass":2,"minecraft:cobblestone":7,"minecraft:smooth_red_sandstone_slab":1,"minecraft:pink_petals":2,"minecraft:cyan_wool":1,"minecraft:birch_planks":1,"minecraft:red_terracotta":1,"minecraft:warped_planks":12,"minecraft:lilac":1,"minecraft:stripped_oak_wood":2,"minecraft:grass":5,"minecraft:coal_ore":55,"minecraft:sand":1,"minecraft:sunflower":1,"minecraft:dirt":2,"minecraft:crimson_planks":2,"minecraft:stripped_birch_wood":1,"minecraft:cobweb":1,"minecraft:wither_skeleton_skull":1,"minecraft:red_mushroom_block":1,"minecraft:yellow_stained_glass":2,"minecraft:ancient_debris":8,"minecraft:warped_slab":1,"vampirism:dark_stone_bricks":3}},"DataVersion":3465}