{"stats":{"minecraft:dropped":{"minecraft:iron_sword":2,"minecraft:cherry_log":1,"minecraft:iron_chestplate":2,"sophisticatedbackpacks:netherite_backpack":2,"minecraft:iron_helmet":2,"minecraft:iron_leggings":2,"minecraft:iron_boots":2,"minecraft:iron_axe":2,"minecraft:iron_pickaxe":2,"minecraft:iron_shovel":2},"minecraft:picked_up":{"minecraft:stick":28,"minecraft:raw_iron":9,"minecraft:cherry_log":77,"minecraft:spider_eye":1,"minecraft:string":5,"ancient_elements:aetherial_shard":1,"twilightforest:glass_sword":2,"minecraft:cherry_sapling":46,"minecraft:iron_sword":1,"minecraft:coal":22,"minecraft:cobblestone":4},"minecraft:custom":{"minecraft:time_since_rest":99759,"lootr:looted_stat":1,"minecraft:sprint_one_cm":45182,"minecraft:damage_taken":1879,"minecraft:walk_one_cm":55762,"minecraft:mob_kills":11,"minecraft:drop":19,"minecraft:damage_dealt":7479,"minecraft:fly_one_cm":1144148,"minecraft:crouch_one_cm":1353,"minecraft:play_time":99759,"tombstone:undead_killed":1,"minecraft:sneak_time":2000,"minecraft:jump":252,"minecraft:leave_game":3,"minecraft:time_since_death":99759,"minecraft:walk_on_water_one_cm":108,"minecraft:climb_one_cm":172,"minecraft:total_world_time":99759,"minecraft:fall_one_cm":2905},"minecraft:crafted":{"sophisticatedbackpacks:netherite_backpack":2},"minecraft:killed":{"minecraft:cave_spider":3,"iceandfire:fire_dragon":2,"ancient_elements:aetherial_glaze":2,"minecraft:spider":2,"undead_revamp2:bomber":1},"minecraft:used":{"minecraft:iron_axe":86,"minecraft:iron_pickaxe":35,"twilightforest:glass_sword":23,"minecraft:iron_helmet":1,"minecraft:iron_sword":10,"minecraft:iron_boots":1,"minecraft:iron_chestplate":1,"minecraft:golden_carrot":10,"minecraft:iron_leggings":1},"minecraft:mined":{"minecraft:iron_ore":9,"minecraft:cherry_log":81,"minecraft:coal_ore":22,"minecraft:cobblestone":1,"minecraft:stone":3}},"DataVersion":3465}