{"stats":{"minecraft:crafted":{"minecraft:cherry_planks":528,"minecraft:red_dye":1,"minecraft:oak_planks":4,"comforts:sleeping_bag_pink":1,"sophisticatedbackpacks:backpack":3,"enchantinginfuser:enchanting_infuser":1,"minecraft:crafting_table":2,"minecraft:cherry_slab":294,"comforts:sleeping_bag_white":2,"minecraft:furnace":1,"sophisticatedbackpacks:gold_backpack":3,"minecraft:bucket":1,"minecraft:diamond_shovel":1,"minecraft:pink_dye":5,"quark:cherry_chest":15,"minecraft:orange_dye":2,"quark:cherry_bookshelf":16,"minecraft:air":0,"minecraft:cherry_trapdoor":54,"enchantinginfuser:advanced_enchanting_infuser":1,"minecraft:string":16,"comforts:sleeping_bag_orange":1,"minecraft:white_wool":6,"minecraft:leather":12,"minecraft:yellow_dye":1,"sophisticatedbackpacks:diamond_backpack":4,"minecraft:chest":5,"minecraft:cherry_door":3,"minecraft:netherite_ingot":2,"sophisticatedbackpacks:iron_backpack":6},"minecraft:used":{"minecraft:water_bucket":10,"minecraft:netherite_sword":100,"twilightforest:glass_sword":14,"minecraft:cherry_planks":180,"comforts:sleeping_bag_pink":3,"minecraft:player_head":2,"minecraft:brewing_stand":1,"quark:cherry_chest":10,"minecraft:dirt":10,"minecraft:crafting_table":3,"quark:cherry_bookshelf":15,"mowziesmobs:wrought_axe":287,"enchantinginfuser:advanced_enchanting_infuser":1,"minecraft:diamond_pickaxe":5,"minecraft:diamond_shovel":113,"minecraft:crying_obsidian":1,"minecraft:cherry_door":4,"minecraft:cherry_slab":282,"minecraft:cherry_trapdoor":32,"minecraft:pink_petals":1,"minecraft:diamond_sword":12,"minecraft:golden_carrot":21,"minecraft:bow":3,"minecraft:furnace":1,"minecraft:bucket":11,"comforts:sleeping_bag_white":3,"minecraft:experience_bottle":2},"minecraft:mined":{"minecraft:crying_obsidian":4,"minecraft:cherry_planks":45,"minecraft:cherry_log":134,"minecraft:dandelion":1,"minecraft:crafting_table":2,"minecraft:cherry_trapdoor":2,"minecraft:grass_block":84,"minecraft:poppy":1,"minecraft:tall_grass":5,"minecraft:cherry_slab":39,"minecraft:pink_petals":14,"minecraft:fire":10,"minecraft:pumpkin":17,"minecraft:gold_block":1,"minecraft:grass":10,"minecraft:oak_log":6,"comforts:sleeping_bag_pink":1,"minecraft:dirt":31},"minecraft:custom":{"minecraft:interact_with_furnace":16,"lootr:looted_stat":2,"minecraft:mob_kills":66,"minecraft:interact_with_crafting_table":38,"minecraft:leave_game":2,"minecraft:time_since_death":118090,"minecraft:sleep_in_bed":5,"minecraft:time_since_rest":6538,"minecraft:sprint_one_cm":369340,"minecraft:damage_taken":1789,"minecraft:walk_one_cm":305956,"minecraft:drop":37,"minecraft:damage_dealt":17551,"minecraft:fly_one_cm":390934,"minecraft:open_chest":41,"minecraft:crouch_one_cm":26725,"minecraft:play_time":118090,"tombstone:undead_killed":32,"minecraft:sneak_time":5235,"minecraft:walk_under_water_one_cm":390,"minecraft:jump":1151,"minecraft:interact_with_brewingstand":2,"minecraft:walk_on_water_one_cm":5321,"minecraft:enchant_item":9,"minecraft:total_world_time":118090,"minecraft:fall_one_cm":42955},"minecraft:picked_up":{"luminousworld:groundpebbles_1":1,"minecraft:pink_petals":207,"minecraft:crafting_table":2,"minecraft:cherry_planks":45,"minecraft:leather":2,"minecraft:gold_block":1,"minecraft:oak_log":6,"minecraft:cherry_door":3,"minecraft:dirt":128,"minecraft:string":6,"iceandfire:dragonscales_bronze":15,"minecraft:iron_axe":1,"minecraft:bone":14,"minecraft:bow":2,"ancient_elements:aetherial_shard":14,"minecraft:wheat_seeds":9,"comforts:sleeping_bag_white":3,"comforts:sleeping_bag_pink":3,"minecraft:poppy":1,"minecraft:player_head":2,"minecraft:light_gray_wool":1,"iceandfire:fire_dragon_flesh":4,"ancient_elements:aero_charge":23,"minecraft:cherry_trapdoor":2,"sophisticatedbackpacks:diamond_backpack":3,"minecraft:book":1,"minecraft:stick":54,"iceandfire:dragonbone":2,"minecraft:pumpkin":17,"minecraft:dandelion":1,"minecraft:amethyst_shard":2,"minecraft:cherry_log":132,"tombstone:grave_dust":4,"minecraft:crying_obsidian":7,"minecraft:arrow":12,"iceandfire:cyclops_eye":1,"minecraft:rotten_flesh":46,"minecraft:slime_ball":6,"minecraft:iron_helmet":1,"iceandfire:fire_dragon_heart":1,"minecraft:cherry_sapling":138,"minecraft:chainmail_helmet":1,"supplementaries:ash":2,"minecraft:oak_sapling":4,"minecraft:cherry_slab":43,"minecraft:mutton":33,"minecraft:white_wool":3},"minecraft:dropped":{"minecraft:wheat_seeds":9,"minecraft:orange_dye":1,"minecraft:cherry_sapling":61,"minecraft:book":1,"minecraft:cherry_slab":1,"minecraft:chainmail_helmet":1,"sophisticatedbackpacks:diamond_backpack":3,"supplementaries:ash":1,"aether:diamond_gloves":1,"minecraft:mutton":20,"luminousworld:groundpebbles_1":1,"minecraft:iron_axe":1,"minecraft:bow":1,"minecraft:cherry_door":1,"minecraft:pink_petals":255,"comforts:sleeping_bag_pink":1},"minecraft:killed":{"alexsmobs:hummingbird":1,"earthmobsmod:bouldering_zombie":2,"iceandfire:cyclops":1,"ancient_elements:aetherial_glaze":14,"undead_revamp2:the_moonflower":4,"minecraft:spider":6,"minecraft:sheep":4,"minecraft:skeleton":5,"minecraft:zombie":16,"iceandfire:fire_dragon":2,"minecraft:bee":1,"undead_revamp2:sucker":4,"undead_revamp2:thespitter":1}},"DataVersion":3465}