{"stats":{"minecraft:crafted":{"minecraft:cherry_planks":528,"minecraft:oak_planks":24,"minecraft:cherry_slab":294,"comforts:sleeping_bag_white":2,"minecraft:furnace":1,"minecraft:diamond_shovel":1,"quark:cherry_chest":15,"minecraft:pink_dye":7,"quark:cherry_bookshelf":16,"minecraft:cherry_trapdoor":54,"minecraft:leather":12,"minecraft:chest":5,"sophisticatedbackpacks:iron_backpack":6,"minecraft:red_dye":1,"minecraft:crimson_planks":44,"comforts:sleeping_bag_pink":1,"sophisticatedbackpacks:backpack":3,"enchantinginfuser:enchanting_infuser":1,"minecraft:crafting_table":2,"sophisticatedbackpacks:gold_backpack":3,"minecraft:bucket":1,"minecraft:orange_dye":2,"minecraft:jungle_planks":40,"minecraft:air":0,"enchantinginfuser:advanced_enchanting_infuser":1,"minecraft:string":16,"minecraft:white_wool":6,"comforts:sleeping_bag_orange":1,"minecraft:yellow_dye":1,"sophisticatedbackpacks:diamond_backpack":6,"minecraft:cherry_door":3,"minecraft:netherite_ingot":2},"minecraft:used":{"minecraft:netherite_sword":465,"minecraft:spruce_slab":1,"twilightforest:glass_sword":14,"minecraft:quartz_stairs":3,"comforts:sleeping_bag_pink":3,"minecraft:player_head":3,"minecraft:stick":1,"minecraft:torch":8,"minecraft:soul_sand":4,"minecraft:brewing_stand":1,"quark:cherry_chest":10,"minecraft:dirt":14,"minecraft:jungle_planks":40,"quark:cherry_bookshelf":15,"minecraft:spruce_fence":1,"minecraft:nether_brick_stairs":1,"enchantinginfuser:advanced_enchanting_infuser":1,"minecraft:cherry_slab":282,"minecraft:cherry_trapdoor":32,"comforts:sleeping_bag_orange":4,"minecraft:crimson_planks":34,"minecraft:bow":52,"minecraft:golden_carrot":55,"luminousworld:savannah_soil":2,"minecraft:furnace":1,"tombstone:gift":4,"comforts:sleeping_bag_white":3,"minecraft:iron_leggings":1,"tombstone:scroll_of_knowledge":3,"minecraft:water_bucket":15,"minecraft:birch_planks":1,"minecraft:oak_planks":10,"minecraft:cherry_planks":180,"minecraft:crafting_table":3,"minecraft:smoker":1,"mowziesmobs:wrought_axe":354,"minecraft:diamond_pickaxe":63,"minecraft:crying_obsidian":1,"minecraft:diamond_shovel":113,"minecraft:cherry_door":4,"minecraft:bread":1,"minecraft:pink_petals":1,"minecraft:diamond_sword":12,"minecraft:bucket":16,"minecraft:diamond_leggings":1,"minecraft:splash_potion":3,"minecraft:experience_bottle":2},"minecraft:custom":{"lootr:looted_stat":74,"minecraft:mob_kills":177,"minecraft:interact_with_crafting_table":38,"minecraft:damage_dealt_resisted":60,"minecraft:leave_game":5,"minecraft:time_since_death":234114,"minecraft:climb_one_cm":1516,"minecraft:damage_resisted":15,"minecraft:sprint_one_cm":806659,"minecraft:walk_one_cm":635718,"minecraft:drop":106,"minecraft:damage_dealt_absorbed":120,"minecraft:play_time":235665,"minecraft:sneak_time":10695,"minecraft:walk_under_water_one_cm":22961,"minecraft:jump":2763,"minecraft:interact_with_brewingstand":2,"minecraft:enchant_item":9,"minecraft:walk_on_water_one_cm":15188,"minecraft:total_world_time":235665,"minecraft:interact_with_furnace":16,"minecraft:tune_noteblock":23,"minecraft:sleep_in_bed":9,"minecraft:time_since_rest":8936,"minecraft:damage_taken":6436,"minecraft:damage_dealt":47230,"tombstone:cast_on_ally":2,"minecraft:swim_one_cm":14395,"minecraft:fly_one_cm":762845,"minecraft:open_chest":41,"minecraft:crouch_one_cm":46518,"tombstone:undead_killed":114,"minecraft:interact_with_smoker":1,"minecraft:fall_one_cm":108023},"minecraft:mined":{"minecraft:yellow_terracotta":1,"minecraft:dark_prismarine":2,"minecraft:crying_obsidian":4,"minecraft:quartz_stairs":4,"minecraft:cherry_log":134,"minecraft:obsidian":2,"minecraft:cherry_trapdoor":2,"minecraft:purple_terracotta":2,"minecraft:stripped_crimson_hyphae":15,"minecraft:spruce_fence":1,"minecraft:grass_block":85,"minecraft:jungle_log":10,"minecraft:sandstone":1,"minecraft:spawner":9,"minecraft:weeping_vines_plant":1,"minecraft:fire":10,"minecraft:pumpkin":17,"minecraft:peony":1,"minecraft:nether_brick_stairs":1,"minecraft:gold_block":2,"supplementaries:stick":1,"comforts:sleeping_bag_pink":1,"minecraft:lantern":1,"minecraft:player_head":2,"minecraft:spruce_slab":1,"minecraft:acacia_leaves":1,"minecraft:cherry_planks":45,"minecraft:lily_of_the_valley":1,"minecraft:smoker":1,"minecraft:dandelion":1,"minecraft:polished_granite":4,"minecraft:smooth_sandstone":17,"minecraft:crafting_table":2,"minecraft:poppy":1,"minecraft:crimson_slab":1,"minecraft:rose_bush":1,"minecraft:glass":8,"minecraft:tall_grass":8,"minecraft:cyan_bed":1,"minecraft:oak_planks":1,"minecraft:cherry_slab":39,"minecraft:pink_petals":14,"minecraft:birch_planks":2,"minecraft:cyan_wool":1,"minecraft:lime_bed":1,"minecraft:red_terracotta":1,"minecraft:warped_planks":1,"minecraft:lilac":2,"minecraft:grass":13,"minecraft:oak_log":6,"minecraft:dirt":35,"minecraft:crimson_planks":1,"minecraft:wither_skeleton_skull":2,"minecraft:ancient_debris":8,"luminousworld:elephant_grass":1,"luminousworld:savannah_grass_4":1},"minecraft:picked_up":{"luminousworld:groundpebbles_1":1,"minecraft:crafting_table":2,"minecraft:chainmail_boots":2,"iceandfire:witherbone":3,"minecraft:gold_block":2,"minecraft:crimson_planks":3,"minecraft:string":30,"minecraft:iron_axe":1,"minecraft:iron_leggings":1,"ancient_elements:aetherial_shard":17,"minecraft:netherite_sword":1,"bosses_of_mass_destruction:soul_star":1,"comforts:sleeping_bag_white":3,"minecraft:beef":5,"minecraft:jungle_sapling":1,"minecraft:player_head":4,"minecraft:cyan_wool":1,"minecraft:poppy":1,"minecraft:light_gray_wool":1,"minecraft:spruce_slab":1,"minecraft:quartz_stairs":3,"minecraft:cherry_trapdoor":2,"minecraft:iron_boots":3,"iceandfire:dragonscales_green":21,"minecraft:stick":59,"minecraft:stripped_crimson_hyphae":11,"minecraft:sandstone":1,"iceandfire:dragonbone":2,"minecraft:copper_ingot":1,"minecraft:spruce_fence":1,"luminousworld:savannah_soil":10,"minecraft:cherry_log":132,"tombstone:grave_dust":14,"minecraft:warped_planks":1,"minecraft:purple_terracotta":1,"quark:clear_shard":36,"comforts:sleeping_bag_orange":4,"minecraft:arrow":70,"minecraft:weeping_vines":1,"iceandfire:cyclops_eye":1,"minecraft:rotten_flesh":103,"minecraft:peony":1,"evilcraft:condensed_blood":3,"iceandfire:fire_dragon_heart":1,"minecraft:yellow_terracotta":1,"mowziesmobs:umvuthana_mask_bliss":1,"tombstone:essence_of_undeath":1,"minecraft:netherite_chestplate":1,"supplementaries:ash":2,"minecraft:mutton":33,"minecraft:crimson_slab":1,"minecraft:white_wool":3,"minecraft:blaze_powder":5,"quark:music_disc_wind":1,"minecraft:pink_petals":217,"minecraft:lime_bed":1,"luminousworld:savannah_ground":34,"minecraft:feather":1,"minecraft:lilac":3,"minecraft:cherry_planks":45,"minecraft:golden_carrot":75,"minecraft:jungle_log":10,"minecraft:leather":8,"minecraft:smoker":1,"minecraft:potato":1,"minecraft:birch_planks":2,"minecraft:oak_log":6,"minecraft:ancient_debris":8,"undead_revamp2:huntereye":1,"minecraft:golden_boots":1,"minecraft:gunpowder":1,"minecraft:wither_skeleton_skull":4,"minecraft:cherry_door":3,"minecraft:dirt":132,"iceandfire:dragonscales_bronze":15,"minecraft:lantern":1,"minecraft:polished_granite":1,"minecraft:leather_boots":1,"minecraft:smooth_sandstone":14,"minecraft:bone":76,"minecraft:bow":5,"minecraft:wheat_seeds":9,"comforts:sleeping_bag_pink":3,"minecraft:oak_planks":1,"iceandfire:fire_dragon_flesh":4,"sophisticatedbackpacks:diamond_backpack":7,"ancient_elements:aero_charge":30,"minecraft:book":1,"minecraft:pumpkin":17,"minecraft:dandelion":1,"minecraft:amethyst_shard":2,"minecraft:nether_brick_stairs":1,"minecraft:cyan_bed":1,"minecraft:crying_obsidian":7,"minecraft:red_terracotta":1,"minecraft:spider_eye":17,"minecraft:dark_prismarine":2,"minecraft:bundle":1,"minecraft:iron_hoe":1,"minecraft:slime_ball":6,"minecraft:chainmail_leggings":2,"minecraft:iron_helmet":1,"alexsmobs:tarantula_hawk_wing_fragment":5,"minecraft:cherry_sapling":138,"minecraft:chainmail_helmet":1,"minecraft:bread":1,"minecraft:oak_sapling":4,"minecraft:cherry_slab":43,"minecraft:coal":9,"minecraft:sunflower":1},"minecraft:dropped":{"minecraft:crimson_planks":6,"minecraft:golden_boots":1,"minecraft:purple_terracotta":1,"minecraft:birch_planks":1,"minecraft:wheat_seeds":9,"minecraft:orange_dye":1,"minecraft:lilac":2,"minecraft:weeping_vines":1,"minecraft:yellow_terracotta":1,"minecraft:book":1,"iceandfire:cyclops_eye":1,"minecraft:chainmail_helmet":1,"minecraft:stick":4,"twilightforest:music_disc_motion":1,"quark:clear_shard":36,"minecraft:golden_carrot":12,"minecraft:torch":56,"minecraft:mutton":33,"quark:music_disc_wind":1,"luminousworld:savannah_ground":34,"minecraft:jungle_sapling":1,"minecraft:sunflower":1,"minecraft:iron_axe":1,"minecraft:chainmail_leggings":2,"minecraft:smooth_sandstone":10,"minecraft:cherry_door":1,"minecraft:pink_petals":263,"minecraft:music_disc_cat":1,"cataclysm:music_disc_ender_guardian":1,"alexscaves:music_disc_fusion":1,"minecraft:bone":16,"undead_revamp2:huntereye":1,"minecraft:pink_dye":2,"minecraft:cherry_sapling":61,"minecraft:rotten_flesh":3,"minecraft:iron_boots":3,"minecraft:cherry_slab":1,"luminousworld:savannah_soil":8,"minecraft:warped_planks":1,"minecraft:red_terracotta":1,"sophisticatedbackpacks:diamond_backpack":7,"minecraft:lime_bed":1,"supplementaries:ash":1,"minecraft:potato":1,"minecraft:cyan_wool":1,"minecraft:crimson_slab":1,"aether:diamond_gloves":1,"luminousworld:groundpebbles_1":1,"minecraft:leather_boots":1,"minecraft:chainmail_boots":2,"minecraft:spider_eye":2,"aether:music_disc_chinchilla":1,"minecraft:sandstone":1,"minecraft:arrow":53,"minecraft:bow":3,"minecraft:beef":5,"minecraft:dark_prismarine":2,"minecraft:polished_granite":1,"comforts:sleeping_bag_pink":1},"minecraft:killed":{"alexsmobs:hummingbird":1,"minecraft:cave_spider":8,"undead_revamp2:thehunter":2,"undead_revamp2:theimmortal":1,"alexsmobs:tarantula_hawk":2,"minecraft:spider":9,"minecraft:skeleton":23,"iceandfire:fire_dragon":3,"minecraft:bee":1,"undead_revamp2:therod":2,"alexsmobs:bison":1,"undead_revamp2:thehorrors":1,"undead_revamp2:sucker":5,"undead_revamp2:thespitter":3,"minecraft:husk":19,"earthmobsmod:bouldering_zombie":2,"iceandfire:cyclops":1,"luminousworld:hollow":10,"ancient_elements:aetherial_glaze":17,"undead_revamp2:the_moonflower":6,"mowziesmobs:umvuthana_follower_raptor":3,"minecraft:sheep":4,"luminousworld:savannah_skeleton":1,"undead_revamp2:thesomnolence":1,"minecraft:zombie":36,"creeperoverhaul:desert_creeper":1,"minecraft:wither_skeleton":3,"mowziesmobs:umvuthana_raptor":1,"minecraft:cow":4}},"DataVersion":3465}