{"stats":{"minecraft:dropped":{"minecraft:iron_sword":2,"vampirism:armor_of_swiftness_feet_ultimate":1,"minecraft:cooked_beef":128,"minecraft:iron_helmet":3,"minecraft:iron_boots":3,"tombstone:ankh_of_pray":1,"minecraft:iron_chestplate":2,"minecraft:oak_sapling":2,"sophisticatedbackpacks:netherite_backpack":1,"minecraft:iron_leggings":3,"minecraft:brown_carpet":1,"minecraft:iron_axe":2,"minecraft:iron_pickaxe":2,"minecraft:iron_shovel":2},"minecraft:killed":{"born_in_chaos_v1:barrel_zombie":1,"vampirism:vampire":2,"vampirism:advanced_vampire":2,"minecraft:zombie_villager":1,"born_in_chaos_v1:door_knight_not_despawn":1,"ancient_elements:aetherial_glaze":2,"enemyexpansion:equestrian":1,"minecraft:spider":1,"undead_revamp2:thesmoker":1,"enemyexpansion:sprinter":1,"minecraft:hoglin":23,"iceandfire:stymphalian_bird":1,"minecraft:creeper":1,"born_in_chaos_v1:decrepit_skeleton":2,"minecraft:skeleton":2,"vampirism:blinding_bat":1,"minecraft:zombie":1,"born_in_chaos_v1:corpse_fly":1,"minecraft:wither_skeleton":11,"born_in_chaos_v1:firelight_not_despawn":1,"enemyexpansion:slugger":1},"minecraft:custom":{"lootr:looted_stat":7,"minecraft:mob_kills":60,"minecraft:interact_with_crafting_table":6,"minecraft:open_barrel":10,"minecraft:damage_dealt_resisted":1198,"minecraft:leave_game":1,"minecraft:time_since_death":124238,"minecraft:climb_one_cm":4370,"minecraft:time_since_rest":124238,"minecraft:damage_absorbed":10,"minecraft:sprint_one_cm":102241,"minecraft:damage_taken":5519,"minecraft:walk_one_cm":166209,"minecraft:drop":27,"minecraft:damage_dealt":18382,"minecraft:fly_one_cm":311581,"minecraft:crouch_one_cm":25126,"minecraft:play_time":124238,"tombstone:undead_killed":23,"minecraft:sneak_time":8744,"minecraft:walk_under_water_one_cm":8094,"minecraft:jump":607,"minecraft:interact_with_brewingstand":1,"minecraft:walk_on_water_one_cm":475,"minecraft:total_world_time":124238,"minecraft:fall_one_cm":14380},"minecraft:crafted":{"minecraft:oak_slab":84,"minecraft:oak_planks":456,"minecraft:crafting_table":1,"minecraft:oak_trapdoor":54,"minecraft:iron_axe":1,"iceandfire:stymphalian_bird_dagger":1,"minecraft:spruce_slab":12,"minecraft:acacia_planks":8,"minecraft:torch":20},"minecraft:picked_up":{"minecraft:crafting_table":1,"iceandfire:witherbone":6,"minecraft:leather":7,"minecraft:diamond_sword":1,"minecraft:oak_stairs":2,"minecraft:potato":1,"minecraft:chainmail_chestplate":1,"minecraft:oak_log":114,"minecraft:dirt":4,"minecraft:iron_axe":1,"minecraft:bone":19,"minecraft:acacia_planks":1,"minecraft:apple":5,"ancient_elements:aetherial_shard":6,"minecraft:spruce_planks":32,"minecraft:iron_ingot":2,"minecraft:iron_pickaxe":1,"minecraft:spruce_slab":2,"minecraft:birch_sapling":6,"minecraft:oak_planks":38,"vampirism:armor_of_swiftness_feet_ultimate":2,"ancient_elements:aero_charge":2,"minecraft:stick":28,"born_in_chaos_v1:shattered_skull":1,"minecraft:copper_ingot":1,"minecraft:green_bed":1,"minecraft:stripped_acacia_wood":2,"minecraft:spruce_stairs":1,"minecraft:spruce_fence":1,"minecraft:porkchop":55,"iceandfire:stymphalian_bird_feather":5,"tombstone:grave_dust":3,"vampirism:vampire_fang":2,"born_in_chaos_v1:pieceofdarkmetal":1,"minecraft:barrel":1,"minecraft:brown_carpet":1,"minecraft:bundle":1,"minecraft:tube_coral":1,"vampirism:blood_bottle":2,"minecraft:arrow":2,"minecraft:rotten_flesh":14,"minecraft:tropical_fish":1,"vampirism:hunter_coat_feet_ultimate":1,"minecraft:iron_helmet":1,"minecraft:oak_sapling":22,"minecraft:dark_oak_fence":1,"minecraft:iron_bars":1,"minecraft:coal":5},"minecraft:broken":{"minecraft:iron_helmet":1},"minecraft:used":{"minecraft:oak_trapdoor":14,"minecraft:iron_bars":1,"minecraft:spruce_slab":14,"minecraft:oak_planks":299,"minecraft:spruce_planks":26,"minecraft:iron_sword":112,"minecraft:green_bed":1,"iceandfire:stymphalian_bird_dagger":282,"minecraft:torch":9,"minecraft:dirt":4,"minecraft:oak_slab":1,"minecraft:crafting_table":1,"minecraft:spruce_stairs":1,"minecraft:spruce_fence":1,"minecraft:oak_stairs":2,"minecraft:iron_axe":224,"minecraft:iron_pickaxe":7,"minecraft:diamond_sword":12,"minecraft:golden_carrot":57,"minecraft:acacia_planks":3},"minecraft:mined":{"minecraft:spruce_planks":33,"minecraft:brown_carpet":1,"minecraft:crafting_table":1,"minecraft:spruce_fence":1,"minecraft:oak_planks":36,"minecraft:spawner":6,"minecraft:spruce_stairs":1,"minecraft:oak_log":116,"minecraft:oak_stairs":2,"minecraft:iron_bars":1,"minecraft:acacia_planks":1,"minecraft:stripped_acacia_wood":2,"minecraft:spruce_slab":2}},"DataVersion":3465}