{"stats":{"minecraft:broken":{"minecraft:iron_boots":1,"iceandfire:armor_red_boots":1,"iceandfire:armor_red_helmet":1,"minecraft:stone_sword":1,"aether:iron_gloves":1,"twilightforest:glass_sword":1,"minecraft:iron_pickaxe":2},"minecraft:mined":{"minecraft:cherry_log":193,"minecraft:jungle_leaves":1,"minecraft:granite":1,"botania:black_mushroom":1,"minecraft:stripped_crimson_hyphae":1,"minecraft:grass_block":1099,"placeablesmod:nametagblock":2,"luminousworld:savanna_grass_2":1,"minecraft:spawner":24,"minecraft:iron_ore":94,"minecraft:fire":19,"quark:blossom_planks":64,"minecraft:deepslate_lapis_ore":16,"minecraft:enchanting_table":1,"placeablesmod:empty_bucket_block":1,"supplementaries:stick":1,"minecraft:red_tulip":1,"minecraft:oak_sign":2,"quark:vertical_blossom_planks":3,"quark:blossom_planks_slab":10,"minecraft:deepslate_redstone_ore":7,"placeablesmod:gold_item_block_1":1,"minecraft:brown_mushroom":2,"supplementaries:book_pile":1,"minecraft:smoker":1,"minecraft:clay":13,"iceandfire:dragon_ice_spikes":1,"minecraft:torch":15,"minecraft:blast_furnace":5,"minecraft:calcite":1,"quark:blossom_log":26,"minecraft:mushroom_stem":3,"minecraft:cobblestone":15,"placeablesmod:bread_full_block":1,"minecraft:wall_torch":20,"minecraft:pink_petals":89,"minecraft:light_blue_terracotta":1,"minecraft:cyan_wool":4,"minecraft:blue_terracotta":1,"minecraft:mud":2,"minecraft:warped_planks":1,"evilcraft:dark_ore_deepslate":6,"minecraft:magenta_bed":2,"minecraft:lilac":2,"minecraft:tnt":1,"minecraft:black_bed":2,"minecraft:grass":55,"farmersdelight:apple_pie":1,"minecraft:sand":188,"minecraft:dirt":114,"minecraft:mangrove_log":23,"minecraft:wither_skeleton_skull":1,"luminousworld:palm_log":10,"minecraft:red_mushroom_block":2,"luminousworld:savannah_grass_4":5,"minecraft:oak_leaves":1,"minecraft:deepslate":553,"minecraft:dark_prismarine":2,"alexscaves:spelunkery_table":1,"minecraft:tuff":104,"minecraft:stripped_cherry_log":191,"minecraft:mangrove_roots":1,"minecraft:purple_terracotta":1,"minecraft:nether_bricks":1,"minecraft:allium":2,"minecraft:redstone_wire":1,"minecraft:brown_mushroom_block":2,"minecraft:red_mushroom":1,"minecraft:sandstone":8,"minecraft:crimson_stem":13,"minecraft:acacia_wood":1,"minecraft:peony":3,"minecraft:gold_block":2,"minecraft:bookshelf":31,"minecraft:deepslate_iron_ore":32,"minecraft:vine":2,"quark:blossom_trapdoor":2,"minecraft:stone":149,"minecraft:pink_terracotta":1,"luminousworld:savannah_soil":9,"minecraft:glass_pane":1,"quark:oak_chest":1,"minecraft:polished_granite":1,"minecraft:smooth_sandstone":3,"minecraft:crafting_table":3,"luminousworld:savannah_grass_1":2,"minecraft:emerald_ore":1,"supplementaries:item_shelf":4,"minecraft:lectern":42,"minecraft:sculk_sensor":1,"luminousworld:grassflowers":1,"minecraft:tall_grass":7,"minecraft:red_terracotta":1,"minecraft:magenta_terracotta":3,"minecraft:mangrove_planks":5,"minecraft:mangrove_leaves":9,"minecraft:coal_ore":87,"minecraft:mycelium":2,"minecraft:cherry_leaves":1,"minecraft:sunflower":5,"minecraft:gravel":15,"minecraft:gray_carpet":1,"minecraft:cobweb":5,"minecraft:stone_bricks":1,"luminousworld:elephant_grass":3},"minecraft:dropped":{"minecraft:iron_sword":1,"minecraft:acacia_wood":1,"minecraft:moss_block":24,"naturalist:antler":1,"minecraft:diamond_axe":1,"minecraft:cooked_beef":9,"minecraft:diamond":125,"luminousworld:bass_item":1,"iceandfire:ectoplasm":2,"born_in_chaos_v1:pieceofdarkmetal":4,"minecraft:rail":11,"minecraft:emerald":69,"minecraft:red_mushroom":3,"minecraft:dirt":6,"minecraft:cherry_trapdoor":78,"evilcraft:broom":1,"iceandfire:armor_silver_metal_leggings":2,"minecraft:cut_sandstone":33,"minecraft:netherite_boots":2,"sophisticatedbackpacks:netherite_backpack":2,"minecraft:cherry_button":64,"minecraft:chain":1,"minecraft:sunflower":5,"minecraft:sand":3,"minecraft:iron_pickaxe":1,"minecraft:gold_ingot":120,"minecraft:bone":41,"minecraft:gravel":4,"undead_revamp2:huntereye":1,"minecraft:stone_axe":3,"minecraft:mangrove_roots":1,"minecraft:netherite_sword":2,"minecraft:cobbled_deepslate":124,"minecraft:smooth_sandstone_stairs":3,"minecraft:pink_dye":1,"minecraft:pointed_dripstone":19,"undead_revamp2:arapholia":2,"minecraft:cherry_sapling":35,"minecraft:rotten_flesh":33,"luminousworld:savannah_soil":6,"iceandfire:myrmex_resin_desert":2,"minecraft:warped_planks":1,"botania:black_mushroom":3,"minecraft:chainmail_chestplate":2,"minecraft:sea_lantern":2,"supplementaries:ash":26,"luminousworld:grassflowers":1,"born_in_chaos_v1:seedof_chaos":1,"minecraft:diorite_wall":8,"minecraft:charcoal":2,"born_in_chaos_v1:corpse_maggot":5,"quark:vertical_blossom_planks":1,"minecraft:chainmail_boots":3,"quark:blossom_door":1,"minecraft:beef":8,"minecraft:glass":14,"minecraft:splash_potion":45,"minecraft:cherry_fence":144,"minecraft:written_book":1,"farmersdelight:tomato_seeds":2,"minecraft:enchanted_book":3,"minecraft:iron_ingot":152,"minecraft:wheat_seeds":40,"minecraft:cherry_log":48,"farmersdelight:apple_pie":63,"quark:blossom_planks":20,"minecraft:dripstone_block":12,"minecraft:book":341,"minecraft:iron_helmet":2,"minecraft:cobblestone":19,"alexsmobs:rattlesnake_rattle":2,"minecraft:grass_block":64,"minecraft:chainmail_helmet":4,"tombstone:ankh_of_pray":1,"born_in_chaos_v1:gnawed_bones":1,"iceandfire:copper_nugget":16,"minecraft:torch":41,"minecraft:white_concrete":264,"farmersdelight:carrot_crate":1,"minecraft:cherry_planks":21,"minecraft:diamond_helmet":2,"minecraft:map":4,"minecraft:iron_leggings":1,"mowziesmobs:wrought_helmet":1,"minecraft:cactus":3,"minecraft:smooth_sandstone":3,"minecraft:iron_shovel":1,"minecraft:string":2,"minecraft:pink_petals":436,"earthmobsmod:duck_egg":1,"artifacts:bunny_hoppers":1,"minecraft:spruce_sapling":2,"minecraft:redstone":1,"quark:blossom_planks_slab":1,"alexsmobs:maggot":4,"minecraft:stone_sword":1,"minecraft:iron_boots":3,"sophisticatedbackpacks:backpack":1,"minecraft:cherry_slab":128,"minecraft:name_tag":1,"earthmobsmod:harder_flesh":3,"minecraft:oak_sign":1,"portablemobs:basic_capture_cell":2,"minecraft:filled_map":3,"minecraft:potato":1,"minecraft:cyan_wool":4,"undead_revamp2:heavytooth":1,"minecraft:allium":1,"luminousworld:palmplank":32,"aether:iron_gloves":1,"minecraft:peony":1,"sophisticatedbackpacks:magnet_upgrade":1,"artifacts:running_shoes":1,"minecraft:iron_chestplate":4,"luminousworld:groundpebbles_1":3,"minecraft:golden_leggings":1,"minecraft:mossy_stone_bricks":1,"minecraft:oak_sapling":1,"minecraft:golden_sword":2,"artifacts:pickaxe_heater":2,"minecraft:spider_eye":4,"minecraft:stone_bricks":5,"minecraft:stripped_cherry_log":576,"minecraft:sandstone":7,"minecraft:light_blue_terracotta":1,"luminousworld:elephant_grass":3,"minecraft:bow":2,"minecraft:stone_pickaxe":2,"minecraft:wooden_pickaxe":1,"minecraft:red_tulip":1,"minecraft:dark_prismarine":2,"minecraft:magenta_terracotta":3},"minecraft:crafted":{"minecraft:cherry_slab":314,"sophisticatedbackpacks:crafting_upgrade":1,"quark:cherry_chest":1,"ironchest:crystal_chest":1,"minecraft:glass":52,"minecraft:iron_boots":2,"iceandfire:armor_black_helmet":1,"minecraft:chest":2,"minecraft:cherry_fence":144,"torchmaster:megatorch":1,"luminousworld:palmplank":36,"minecraft:diamond_axe":1,"quark:blossom_planks":104,"minecraft:crafting_table":5,"minecraft:wooden_pickaxe":1,"minecraft:iron_helmet":2,"minecraft:cherry_button":64,"iceandfire:armor_red_chestplate":1,"minecraft:gold_block":10,"minecraft:campfire":1,"farmersdelight:skillet":1,"sophisticatedbackpacks:upgrade_base":3,"ironchest:diamond_chest":1,"minecraft:tnt":2,"minecraft:iron_chestplate":1,"minecraft:diamond_pickaxe":1,"sophisticatedbackpacks:diamond_backpack":1,"minecraft:stick":112,"born_in_chaos_v1:smoked_flesh":8,"minecraft:iron_ingot":140,"minecraft:iron_pickaxe":1,"minecraft:iron_block":16,"minecraft:stone_sword":2,"minecraft:gold_ingot":23,"quark:blossom_door":3,"sophisticatedbackpacks:netherite_backpack":3,"quark:mangrove_chest":1,"quark:blossom_trapdoor":2,"minecraft:cherry_planks":811,"quark:blossom_planks_slab":150,"minecraft:stone_shovel":1,"quark:vertical_blossom_planks":63,"sophisticatedbackpacks:stack_upgrade_tier_1":2,"minecraft:furnace":1,"quark:blossom_chest":6,"minecraft:pink_dye":2,"minecraft:glass_pane":48,"minecraft:cherry_trapdoor":75,"minecraft:iron_axe":1,"iceandfire:armor_red_leggings":1,"minecraft:stone_pickaxe":3,"minecraft:chiseled_bookshelf":3,"sophisticatedbackpacks:stack_upgrade_tier_2":1,"supplementaries:item_shelf":4,"ironchest:gold_chest":1,"minecraft:diamond_sword":1,"iceandfire:armor_black_boots":1,"minecraft:iron_sword":1,"sophisticatedbackpacks:gold_backpack":1,"minecraft:mangrove_planks":92,"minecraft:stone_axe":2,"minecraft:enchanted_book":12,"minecraft:air":0,"minecraft:iron_leggings":2,"luminousworld:palmslab":18,"ironchest:iron_chest":1},"minecraft:used":{"minecraft:cherry_sapling":7,"minecraft:blue_terracotta":1,"minecraft:iron_shovel":151,"farmersdelight:cabbage":1,"minecraft:iron_sword":155,"lootr:trophy":1,"minecraft:carrot":1,"minecraft:pink_terracotta":1,"botania:black_mushroom":1,"minecraft:honey_bottle":6,"minecraft:grass_block":437,"minecraft:lantern":6,"quark:blossom_chest":6,"minecraft:bow":21,"ironchest:obsidian_chest":1,"minecraft:furnace":1,"minecraft:gray_carpet":1,"minecraft:stone_pickaxe":94,"minecraft:mangrove_planks":35,"minecraft:chainmail_helmet":1,"minecraft:wooden_pickaxe":3,"minecraft:sandstone":8,"minecraft:golden_apple":1,"minecraft:glow_berries":8,"minecraft:sand":8,"minecraft:blast_furnace":2,"minecraft:black_bed":3,"earthmobsmod:duck_egg":1,"minecraft:lectern":42,"minecraft:bread":56,"minecraft:polished_granite":1,"minecraft:red_terracotta":1,"minecraft:gravel":2,"minecraft:diamond_sword":920,"minecraft:stripped_cherry_log":3,"ironchest:crystal_chest":1,"minecraft:experience_bottle":12,"minecraft:stone_sword":132,"minecraft:flint_and_steel":101,"minecraft:stone_shovel":119,"twilightforest:glass_sword":80,"quark:vertical_blossom_planks":69,"minecraft:torch":110,"minecraft:dirt":41,"quark:cherry_bookshelf":19,"quark:blossom_planks_slab":149,"minecraft:granite":1,"supplementaries:item_shelf":8,"mowziesmobs:wrought_helmet":1,"minecraft:iron_axe":175,"minecraft:smooth_sandstone":1,"iceandfire:armor_red_leggings":1,"alexscaves:spelunkery_table":1,"minecraft:golden_carrot":207,"luminousworld:savannah_soil":3,"torchmaster:megatorch":1,"farmersdelight:cooking_pot":2,"quark:blossom_planks":142,"tombstone:gift":6,"minecraft:cooked_beef":70,"minecraft:cobbled_deepslate":4,"minecraft:cherry_log":202,"minecraft:crimson_stem":4,"minecraft:water_bucket":41,"tombstone:scroll_of_mercy":1,"minecraft:chiseled_bookshelf":3,"tombstone:scroll_of_reach":2,"minecraft:glass_bottle":3,"minecraft:tnt":4,"minecraft:crafting_table":7,"minecraft:magenta_bed":2,"minecraft:campfire":1,"minecraft:smoker":1,"farmersdelight:apple_pie":1,"mowziesmobs:wrought_axe":713,"tombstone:bag_of_seeds":1,"minecraft:mud":2,"minecraft:diamond_pickaxe":6,"minecraft:diamond_shovel":1139,"quark:blossom_door":4,"minecraft:iron_pickaxe":1043,"minecraft:pink_petals":1,"minecraft:stone_axe":81,"minecraft:enchanted_book":16,"minecraft:cobblestone":17,"alexsmobs:animal_dictionary":1,"minecraft:bucket":41,"minecraft:glass_pane":48,"quark:blossom_trapdoor":4,"quark:oak_chest":1,"minecraft:diamond_leggings":1,"minecraft:splash_potion":5},"minecraft:custom":{"lootr:looted_stat":194,"minecraft:animals_bred":1,"minecraft:interact_with_crafting_table":78,"minecraft:open_barrel":2,"minecraft:bell_ring":1,"minecraft:leave_game":9,"minecraft:time_since_death":806567,"minecraft:sprint_one_cm":1746531,"minecraft:drop":431,"minecraft:talked_to_villager":71,"minecraft:play_time":806567,"minecraft:jump":8870,"minecraft:walk_on_water_one_cm":55831,"minecraft:enchant_item":7,"minecraft:interact_with_furnace":15,"minecraft:traded_with_villager":12,"minecraft:interact_with_loom":2,"minecraft:sleep_in_bed":28,"minecraft:damage_dealt":93948,"minecraft:crouch_one_cm":130006,"tombstone:undead_killed":170,"minecraft:interact_with_smoker":5,"minecraft:interact_with_smithing_table":2,"minecraft:mob_kills":303,"minecraft:damage_dealt_resisted":3979,"minecraft:climb_one_cm":22220,"minecraft:walk_one_cm":1939192,"minecraft:sneak_time":37719,"minecraft:walk_under_water_one_cm":44403,"minecraft:interact_with_lectern":1,"minecraft:interact_with_blast_furnace":35,"minecraft:total_world_time":806567,"tombstone:raider_killed":1,"minecraft:tune_noteblock":2,"tombstone:exorcism":2,"minecraft:time_since_rest":12943,"minecraft:damage_absorbed":40,"minecraft:damage_taken":31081,"minecraft:trigger_trapped_chest":3,"tombstone:cast_on_ally":3,"minecraft:swim_one_cm":84690,"minecraft:fly_one_cm":3438522,"minecraft:open_chest":192,"minecraft:fall_one_cm":1261175},"minecraft:picked_up":{"minecraft:iron_chestplate":2,"minecraft:chainmail_boots":3,"artifacts:bunny_hoppers":1,"minecraft:diamond_sword":3,"minecraft:enchanted_book":1,"minecraft:golden_sword":2,"minecraft:string":25,"minecraft:netherite_ingot":1,"quark:blossom_door":2,"minecraft:oak_sign":1,"minecraft:cobbled_deepslate":643,"earthmobsmod:duck_egg":2,"minecraft:bucket":1,"iceandfire:myrmex_desert_resin":16,"minecraft:written_book":1,"minecraft:iron_pickaxe":2,"hangglider:hang_glider":1,"sophisticatedbackpacks:netherite_backpack":2,"iceandfire:dragonscales_red":20,"minecraft:mangrove_log":23,"minecraft:iron_boots":4,"minecraft:stick":57,"born_in_chaos_v1:phantom_powder":1,"minecraft:torch":43,"botania:black_mushroom":4,"luminousworld:savannah_soil":9,"quark:blossom_log":26,"iceandfire:lightning_dragon_flesh":6,"iceandfire:crackled_gravel":1,"minecraft:cherry_log":552,"minecraft:pointed_dripstone":19,"tombstone:grave_dust":29,"minecraft:warped_planks":1,"minecraft:pink_terracotta":1,"quark:blossom_planks":64,"evilcraft:box_of_eternal_closure":4,"luminousworld:grassflowers":1,"minecraft:cactus":3,"minecraft:rotten_flesh":110,"supplementaries:antique_ink":2,"iceandfire:fire_dragon_heart":2,"minecraft:red_tulip":1,"iceandfire:myrmex_desert_chitin":13,"minecraft:mangrove_roots":1,"supplementaries:ash":41,"undead_revamp2:arapholia":2,"minecraft:cobblestone":163,"minecraft:enchanting_table":1,"iceandfire:dragonscales_black":44,"minecraft:pink_petals":1263,"minecraft:cooked_beef":16,"minecraft:cherry_planks":162,"minecraft:black_bed":3,"minecraft:golden_leggings":1,"undead_revamp2:huntereye":1,"supplementaries:item_shelf":4,"minecraft:potato":1,"minecraft:magenta_dye":1,"minecraft:cherry_fence":64,"minecraft:tuff":32,"minecraft:smooth_sandstone_stairs":3,"minecraft:magenta_bed":2,"minecraft:magenta_terracotta":3,"minecraft:wither_skeleton_skull":1,"minecraft:lapis_lazuli":109,"artifacts:pickaxe_heater":2,"minecraft:map":2,"minecraft:dirt":131,"minecraft:polished_granite":1,"minecraft:name_tag":4,"born_in_chaos_v1:monster_skin":13,"minecraft:bone":70,"undead_revamp2:blacpetalblock":1,"minecraft:bow":1,"minecraft:wheat_seeds":40,"luminousworld:elephant_grass":3,"minecraft:mossy_stone_bricks":1,"luminousworld:bass_item":1,"minecraft:grass_block":272,"earthmobsmod:harder_flesh":5,"iceandfire:dragon_skull_fire":2,"minecraft:sand":200,"iceandfire:myrmex_stinger":1,"iceandfire:lightning_dragon_heart":2,"minecraft:red_terracotta":1,"undead_revamp2:heavytooth":1,"minecraft:bundle":1,"minecraft:dark_prismarine":2,"minecraft:iron_hoe":1,"minecraft:blue_terracotta":1,"naturalist:antler":1,"minecraft:light_blue_terracotta":1,"minecraft:diamond":17,"evilcraft:broom":1,"alexsmobs:rattlesnake_rattle":2,"minecraft:granite":1,"alexsmobs:tarantula_hawk_wing_fragment":1,"minecraft:emerald":60,"minecraft:bread":1,"minecraft:chainmail_helmet":6,"alexsmobs:maggot":6,"minecraft:cherry_slab":84,"minecraft:oak_sapling":1,"minecraft:mud":2,"minecraft:charcoal":2,"iceandfire:dragon_skull_lightning":2,"undead_revamp2:bostroxingot":1,"luminousworld:groundpebbles_1":6,"minecraft:crafting_table":3,"minecraft:allium":1,"minecraft:splash_potion":7,"minecraft:clay_ball":52,"born_in_chaos_v1:seedof_chaos":2,"minecraft:brown_mushroom":3,"minecraft:stripped_cherry_log":7,"minecraft:gold_block":2,"minecraft:diamond_horse_armor":1,"minecraft:chain":1,"minecraft:flint_and_steel":1,"minecraft:iron_axe":1,"minecraft:iron_shovel":2,"luminousworld:palm_log":9,"minecraft:beef":12,"iceandfire:armor_silver_metal_leggings":1,"born_in_chaos_v1:gnawed_bones":1,"minecraft:cyan_wool":4,"minecraft:lectern":42,"minecraft:phantom_membrane":1,"iceandfire:ice_dragon_heart":1,"tombstone:ankh_of_pray":2,"minecraft:raw_iron":83,"minecraft:sandstone":15,"iceandfire:dragonbone":53,"iceandfire:dragonscales_gray":22,"minecraft:copper_ingot":1,"sophisticatedbackpacks:backpack":1,"iceandfire:myrmex_resin_desert":2,"quark:blossom_planks_slab":12,"minecraft:carrot":10,"born_in_chaos_v1:pieceofdarkmetal":8,"minecraft:redstone":64,"iceandfire:deathworm_egg_giant":2,"iceandfire:dragon_skull_ice":1,"minecraft:tnt":1,"minecraft:arrow":41,"minecraft:peony":2,"artifacts:running_shoes":1,"alexscaves:spelunkery_table":1,"minecraft:gold_ingot":1,"minecraft:rail":4,"born_in_chaos_v1:corpse_maggot":5,"minecraft:netherite_boots":2,"luminousworld:palmplank":32,"minecraft:air":0,"born_in_chaos_v1:monster_flesh":24,"minecraft:crimson_stem":13,"minecraft:cut_sandstone":33,"minecraft:leather":16,"minecraft:red_mushroom":3,"minecraft:acacia_wood":1,"minecraft:filled_map":1,"minecraft:chainmail_chestplate":2,"iceandfire:ectoplasm":2,"minecraft:gunpowder":5,"mowziesmobs:wrought_axe":4,"iceandfire:dragonscales_blue":14,"botania:black_mystical_flower":1,"minecraft:smooth_sandstone":4,"farmersdelight:cooking_pot":1,"minecraft:stone_bricks":2,"minecraft:gray_carpet":1,"twilightforest:glass_sword":1,"minecraft:iron_ingot":2,"tombstone:bag_of_seeds":1,"minecraft:glass_bottle":1,"minecraft:mangrove_planks":5,"minecraft:iron_sword":7,"iceandfire:fire_dragon_flesh":3,"minecraft:book":206,"iceandfire:copper_nugget":16,"enemyexpansion:phantom_eye":1,"born_in_chaos_v1:ethereal_spirit":5,"minecraft:dripstone_block":6,"minecraft:gravel":6,"born_in_chaos_v1:dark_rod":1,"mowziesmobs:wrought_helmet":1,"minecraft:spruce_sapling":2,"born_in_chaos_v1:fangofthe_hound_leader":3,"minecraft:blast_furnace":5,"quark:blossom_trapdoor":2,"quark:oak_chest":1,"minecraft:spider_eye":4,"minecraft:slime_ball":10,"minecraft:stone_axe":1,"minecraft:chainmail_leggings":1,"minecraft:iron_helmet":2,"evilcraft:dark_gem":27,"minecraft:cherry_sapling":209,"iceandfire:ice_dragon_flesh":3,"tombstone:magic_scroll":3,"minecraft:netherite_hoe":2,"minecraft:coal":131,"quark:vertical_blossom_planks":3,"minecraft:sunflower":5},"minecraft:killed":{"undead_revamp2:thewolf":2,"minecraft:cave_spider":6,"alexsmobs:anaconda":1,"enemyexpansion:equestrian":1,"minecraft:spider":8,"undead_revamp2:axestrom":1,"born_in_chaos_v1:scarlet_persecutor":4,"minecraft:skeleton":35,"born_in_chaos_v1:skeleton_thrasher":1,"earthmobsmod:bouldering_drowned":1,"undead_revamp2:therod":1,"undead_revamp2:thepregnant":3,"enemyexpansion:vampflyer":1,"artifacts:mimic":1,"born_in_chaos_v1:bonescaller":1,"luminousworld:hollow":8,"born_in_chaos_v1:dread_hound_not_despawn":3,"undead_revamp2:thebeartamer":2,"minecraft:creeper":1,"undead_revamp2:thebidyupside":1,"minecraft:zombie":32,"born_in_chaos_v1:dread_hound":16,"creeperoverhaul:desert_creeper":1,"born_in_chaos_v1:corpse_fly":4,"enemyexpansion:botfly":17,"undead_revamp2:theskeeper":1,"alexsmobs:fly":1,"iceandfire:lightning_dragon":3,"alexsmobs:komodo_dragon":1,"minecraft:cow":15,"enemyexpansion:trollenraged":2,"undead_revamp2:thehunter":5,"alexsmobs:tarantula_hawk":1,"alexsmobs:tiger":1,"enemyexpansion:intruder":1,"quark:toretoise":2,"undead_revamp2:bomber":1,"enemyexpansion:direwolf":7,"alexsmobs:rattlesnake":1,"born_in_chaos_v1:zombie_bruiser":2,"born_in_chaos_v1:maggot":16,"minecraft:phantom":1,"born_in_chaos_v1:dire_hound_leader":1,"mowziesmobs:ferrous_wroughtnaut":1,"iceandfire:fire_dragon":2,"iceandfire:deathworm":1,"undead_revamp2:thehorrors":1,"undead_revamp2:sucker":7,"enemyexpansion:starved":1,"born_in_chaos_v1:fallen_chaos_knight":1,"minecraft:husk":27,"earthmobsmod:bouldering_zombie":3,"born_in_chaos_v1:bone_imp_minion":8,"undead_revamp2:the_moonflower":5,"minecraft:bat":1,"enemyexpansion:sprinter":3,"born_in_chaos_v1:decrepit_skeleton":5,"undead_revamp2:thesomnolence":3,"alexsmobs:cockroach":1,"luminousworld:swamp_zombie":1,"iceandfire:ghost":5,"born_in_chaos_v1:dark_vortex":1,"enemyexpansion:huntsman":2,"iceandfire:ice_dragon":1,"mutantmonsters:mutant_zombie":1,"minecraft:wither_skeleton":1,"enemyexpansion:slugger":1}},"DataVersion":3465}