{"stats":{"minecraft:crafted":{"minecraft:cherry_planks":528,"minecraft:oak_planks":24,"minecraft:cherry_slab":294,"comforts:sleeping_bag_white":2,"minecraft:furnace":1,"minecraft:diamond_shovel":1,"quark:cherry_chest":15,"minecraft:pink_dye":7,"quark:cherry_bookshelf":16,"minecraft:cherry_trapdoor":54,"minecraft:leather":12,"minecraft:chest":5,"sophisticatedbackpacks:iron_backpack":6,"minecraft:red_dye":1,"minecraft:crimson_planks":24,"comforts:sleeping_bag_pink":1,"sophisticatedbackpacks:backpack":3,"enchantinginfuser:enchanting_infuser":1,"minecraft:crafting_table":2,"sophisticatedbackpacks:gold_backpack":3,"minecraft:bucket":1,"minecraft:orange_dye":2,"minecraft:air":0,"enchantinginfuser:advanced_enchanting_infuser":1,"minecraft:string":16,"minecraft:white_wool":6,"minecraft:yellow_dye":1,"comforts:sleeping_bag_orange":1,"sophisticatedbackpacks:diamond_backpack":6,"minecraft:cherry_door":3,"minecraft:netherite_ingot":2},"minecraft:used":{"minecraft:netherite_sword":312,"twilightforest:glass_sword":14,"minecraft:quartz_stairs":1,"minecraft:player_head":2,"comforts:sleeping_bag_pink":3,"minecraft:torch":8,"minecraft:brewing_stand":1,"minecraft:dirt":10,"quark:cherry_chest":10,"quark:cherry_bookshelf":15,"minecraft:nether_brick_stairs":1,"enchantinginfuser:advanced_enchanting_infuser":1,"minecraft:cherry_slab":282,"minecraft:cherry_trapdoor":32,"comforts:sleeping_bag_orange":1,"minecraft:crimson_planks":14,"minecraft:golden_carrot":35,"minecraft:bow":31,"luminousworld:savannah_soil":2,"minecraft:furnace":1,"tombstone:gift":4,"comforts:sleeping_bag_white":3,"minecraft:water_bucket":10,"minecraft:oak_planks":6,"minecraft:cherry_planks":180,"minecraft:crafting_table":3,"minecraft:smoker":1,"mowziesmobs:wrought_axe":300,"minecraft:diamond_pickaxe":13,"minecraft:cherry_door":4,"minecraft:diamond_shovel":113,"minecraft:crying_obsidian":1,"minecraft:bread":1,"minecraft:pink_petals":1,"minecraft:diamond_sword":12,"minecraft:bucket":11,"minecraft:splash_potion":1,"minecraft:experience_bottle":2},"minecraft:mined":{"minecraft:crying_obsidian":4,"minecraft:quartz_stairs":2,"minecraft:cherry_log":134,"minecraft:cherry_trapdoor":2,"minecraft:stripped_crimson_hyphae":7,"minecraft:grass_block":84,"minecraft:spawner":2,"minecraft:weeping_vines_plant":1,"minecraft:fire":10,"minecraft:pumpkin":17,"minecraft:nether_brick_stairs":1,"minecraft:peony":1,"minecraft:gold_block":1,"minecraft:lantern":1,"comforts:sleeping_bag_pink":1,"minecraft:acacia_leaves":1,"minecraft:cherry_planks":45,"minecraft:lily_of_the_valley":1,"minecraft:smoker":1,"minecraft:dandelion":1,"minecraft:crafting_table":2,"minecraft:poppy":1,"minecraft:glass":8,"minecraft:tall_grass":6,"minecraft:oak_planks":1,"minecraft:cherry_slab":39,"minecraft:pink_petals":14,"minecraft:lilac":1,"minecraft:grass":12,"minecraft:oak_log":6,"minecraft:dirt":31,"minecraft:wither_skeleton_skull":1,"luminousworld:elephant_grass":1,"luminousworld:savannah_grass_4":1},"minecraft:custom":{"lootr:looted_stat":31,"minecraft:mob_kills":123,"minecraft:interact_with_crafting_table":38,"minecraft:damage_dealt_resisted":60,"minecraft:leave_game":2,"minecraft:time_since_death":176849,"minecraft:climb_one_cm":42,"minecraft:sprint_one_cm":611723,"minecraft:walk_one_cm":476811,"minecraft:drop":74,"minecraft:play_time":176849,"minecraft:sneak_time":8261,"minecraft:walk_under_water_one_cm":19177,"minecraft:jump":1870,"minecraft:interact_with_brewingstand":2,"minecraft:walk_on_water_one_cm":13686,"minecraft:enchant_item":9,"minecraft:total_world_time":176849,"minecraft:interact_with_furnace":16,"minecraft:tune_noteblock":23,"minecraft:sleep_in_bed":6,"minecraft:time_since_rest":49840,"minecraft:damage_taken":4182,"minecraft:damage_dealt":32248,"tombstone:cast_on_ally":2,"minecraft:swim_one_cm":7409,"minecraft:fly_one_cm":532100,"minecraft:open_chest":41,"minecraft:crouch_one_cm":37114,"tombstone:undead_killed":69,"minecraft:fall_one_cm":65121},"minecraft:picked_up":{"luminousworld:groundpebbles_1":1,"minecraft:crafting_table":2,"minecraft:chainmail_boots":1,"minecraft:gold_block":1,"minecraft:string":27,"minecraft:iron_axe":1,"ancient_elements:aetherial_shard":14,"comforts:sleeping_bag_white":3,"minecraft:beef":5,"minecraft:player_head":2,"minecraft:poppy":1,"minecraft:light_gray_wool":1,"minecraft:quartz_stairs":1,"minecraft:cherry_trapdoor":2,"minecraft:iron_boots":1,"minecraft:stripped_crimson_hyphae":6,"minecraft:stick":54,"iceandfire:dragonbone":2,"minecraft:copper_ingot":1,"luminousworld:savannah_soil":10,"minecraft:cherry_log":132,"tombstone:grave_dust":6,"quark:clear_shard":36,"minecraft:weeping_vines":1,"minecraft:arrow":35,"comforts:sleeping_bag_orange":1,"iceandfire:cyclops_eye":1,"minecraft:rotten_flesh":71,"minecraft:peony":1,"iceandfire:fire_dragon_heart":1,"mowziesmobs:umvuthana_mask_bliss":1,"tombstone:essence_of_undeath":1,"supplementaries:ash":2,"minecraft:mutton":33,"minecraft:blaze_powder":5,"quark:music_disc_wind":1,"minecraft:white_wool":3,"minecraft:pink_petals":217,"luminousworld:savannah_ground":34,"minecraft:feather":1,"minecraft:lilac":1,"minecraft:golden_carrot":12,"minecraft:cherry_planks":45,"minecraft:leather":6,"minecraft:smoker":1,"minecraft:potato":1,"minecraft:oak_log":6,"undead_revamp2:huntereye":1,"minecraft:gunpowder":1,"minecraft:wither_skeleton_skull":1,"minecraft:cherry_door":3,"minecraft:lantern":1,"minecraft:dirt":128,"iceandfire:dragonscales_bronze":15,"minecraft:bone":45,"minecraft:bow":5,"minecraft:wheat_seeds":9,"comforts:sleeping_bag_pink":3,"minecraft:oak_planks":1,"iceandfire:fire_dragon_flesh":4,"ancient_elements:aero_charge":23,"sophisticatedbackpacks:diamond_backpack":7,"minecraft:book":1,"minecraft:pumpkin":17,"minecraft:dandelion":1,"minecraft:amethyst_shard":2,"minecraft:nether_brick_stairs":1,"minecraft:crying_obsidian":7,"minecraft:spider_eye":13,"minecraft:iron_hoe":1,"minecraft:slime_ball":6,"minecraft:chainmail_leggings":2,"minecraft:iron_helmet":1,"minecraft:cherry_sapling":138,"minecraft:bread":1,"minecraft:chainmail_helmet":1,"minecraft:oak_sapling":4,"minecraft:cherry_slab":43},"minecraft:dropped":{"minecraft:wheat_seeds":9,"minecraft:orange_dye":1,"minecraft:weeping_vines":1,"minecraft:book":1,"iceandfire:cyclops_eye":1,"minecraft:chainmail_helmet":1,"twilightforest:music_disc_motion":1,"quark:clear_shard":36,"minecraft:golden_carrot":12,"minecraft:torch":56,"minecraft:mutton":33,"quark:music_disc_wind":1,"luminousworld:savannah_ground":34,"minecraft:iron_axe":1,"minecraft:chainmail_leggings":2,"minecraft:cherry_door":1,"minecraft:pink_petals":263,"minecraft:music_disc_cat":1,"cataclysm:music_disc_ender_guardian":1,"minecraft:bone":2,"undead_revamp2:huntereye":1,"minecraft:pink_dye":2,"minecraft:cherry_sapling":61,"minecraft:rotten_flesh":3,"minecraft:iron_boots":1,"minecraft:cherry_slab":1,"luminousworld:savannah_soil":8,"sophisticatedbackpacks:diamond_backpack":7,"supplementaries:ash":1,"minecraft:potato":1,"aether:diamond_gloves":1,"luminousworld:groundpebbles_1":1,"minecraft:chainmail_boots":1,"aether:music_disc_chinchilla":1,"minecraft:arrow":32,"minecraft:bow":3,"minecraft:beef":5,"comforts:sleeping_bag_pink":1},"minecraft:killed":{"alexsmobs:hummingbird":1,"minecraft:cave_spider":8,"undead_revamp2:thehunter":2,"minecraft:spider":7,"minecraft:skeleton":16,"iceandfire:fire_dragon":2,"minecraft:bee":1,"undead_revamp2:therod":1,"alexsmobs:bison":1,"undead_revamp2:sucker":5,"undead_revamp2:thespitter":1,"minecraft:husk":9,"earthmobsmod:bouldering_zombie":2,"luminousworld:hollow":6,"iceandfire:cyclops":1,"ancient_elements:aetherial_glaze":14,"undead_revamp2:the_moonflower":6,"mowziesmobs:umvuthana_follower_raptor":3,"minecraft:sheep":4,"luminousworld:savannah_skeleton":1,"undead_revamp2:thesomnolence":1,"minecraft:zombie":20,"creeperoverhaul:desert_creeper":1,"mowziesmobs:umvuthana_raptor":1,"minecraft:cow":3}},"DataVersion":3465}