{"stats":{"minecraft:killed":{"undead_revamp2:thewolf":1,"minecraft:cave_spider":5,"alexsmobs:tarantula_hawk":1,"enemyexpansion:direwolf":1,"alexsmobs:rattlesnake":1,"born_in_chaos_v1:maggot":5,"minecraft:skeleton":7,"enemyexpansion:vampflyer":1,"artifacts:mimic":1,"minecraft:husk":4,"born_in_chaos_v1:dread_hound_not_despawn":3,"minecraft:zombie":3,"iceandfire:ghost":4,"born_in_chaos_v1:dread_hound":2,"enemyexpansion:botfly":1,"enemyexpansion:huntsman":1,"alexsmobs:komodo_dragon":1},"minecraft:used":{"minecraft:stone_sword":132,"farmersdelight:cabbage":1,"minecraft:iron_sword":67,"minecraft:torch":4,"minecraft:dirt":1,"minecraft:iron_axe":6,"luminousworld:savannah_soil":3,"tombstone:gift":4,"minecraft:cooked_beef":48,"minecraft:cobbled_deepslate":1,"tombstone:scroll_of_mercy":1,"minecraft:gray_carpet":1,"minecraft:stone_pickaxe":94,"minecraft:mangrove_planks":30,"minecraft:wooden_pickaxe":3,"minecraft:sandstone":8,"minecraft:glow_berries":2,"minecraft:crafting_table":3,"minecraft:blast_furnace":1,"minecraft:black_bed":1,"farmersdelight:apple_pie":1,"earthmobsmod:duck_egg":1,"minecraft:bread":56,"minecraft:iron_pickaxe":67,"minecraft:gravel":2,"minecraft:stone_axe":81},"minecraft:crafted":{"minecraft:iron_boots":1,"minecraft:iron_axe":1,"minecraft:stone_pickaxe":3,"quark:blossom_planks":104,"minecraft:crafting_table":2,"minecraft:wooden_pickaxe":1,"minecraft:iron_helmet":1,"minecraft:iron_sword":1,"minecraft:mangrove_planks":92,"minecraft:stone_axe":2,"farmersdelight:skillet":1,"minecraft:air":0,"minecraft:stick":20,"minecraft:iron_ingot":13,"minecraft:iron_pickaxe":1,"minecraft:stone_sword":2,"minecraft:iron_leggings":1},"minecraft:broken":{"minecraft:stone_sword":1},"minecraft:picked_up":{"undead_revamp2:bostroxingot":1,"luminousworld:groundpebbles_1":1,"minecraft:crafting_table":1,"minecraft:brown_mushroom":3,"artifacts:bunny_hoppers":1,"minecraft:string":10,"minecraft:iron_axe":1,"minecraft:iron_shovel":1,"minecraft:cobbled_deepslate":3,"earthmobsmod:duck_egg":2,"minecraft:mangrove_log":23,"minecraft:raw_iron":12,"minecraft:sandstone":8,"minecraft:torch":4,"luminousworld:savannah_soil":9,"quark:blossom_log":26,"tombstone:grave_dust":8,"minecraft:redstone":1,"luminousworld:grassflowers":1,"minecraft:arrow":7,"minecraft:rotten_flesh":11,"minecraft:mangrove_roots":1,"supplementaries:ash":8,"minecraft:cobblestone":121,"born_in_chaos_v1:monster_flesh":6,"minecraft:black_bed":2,"minecraft:red_mushroom":3,"minecraft:chainmail_chestplate":1,"iceandfire:ectoplasm":2,"minecraft:magenta_bed":1,"minecraft:gunpowder":2,"artifacts:pickaxe_heater":2,"minecraft:map":2,"minecraft:dirt":3,"born_in_chaos_v1:monster_skin":3,"minecraft:bone":4,"minecraft:gray_carpet":1,"minecraft:stone_bricks":1,"minecraft:iron_ingot":2,"minecraft:mossy_stone_bricks":1,"minecraft:iron_sword":2,"minecraft:book":93,"minecraft:gravel":3,"minecraft:sand":2,"minecraft:spruce_sapling":2,"minecraft:blast_furnace":2,"minecraft:spider_eye":1,"minecraft:stone_axe":1,"evilcraft:broom":1,"alexsmobs:rattlesnake_rattle":1,"alexsmobs:tarantula_hawk_wing_fragment":1,"minecraft:bread":1,"minecraft:oak_sapling":1,"minecraft:coal":10},"minecraft:mined":{"minecraft:jungle_leaves":1,"minecraft:mangrove_roots":1,"minecraft:redstone_wire":1,"minecraft:brown_mushroom_block":2,"minecraft:red_mushroom":1,"minecraft:sandstone":8,"minecraft:spawner":3,"minecraft:iron_ore":9,"minecraft:fire":5,"minecraft:bookshelf":31,"minecraft:vine":2,"minecraft:deepslate_iron_ore":4,"minecraft:stone":111,"luminousworld:savannah_soil":9,"minecraft:brown_mushroom":2,"minecraft:crafting_table":1,"minecraft:torch":2,"minecraft:blast_furnace":2,"minecraft:sculk_sensor":1,"quark:blossom_log":26,"minecraft:mushroom_stem":3,"luminousworld:grassflowers":1,"minecraft:cobblestone":13,"placeablesmod:bread_full_block":1,"minecraft:wall_torch":2,"minecraft:magenta_bed":1,"minecraft:black_bed":2,"minecraft:mangrove_leaves":9,"minecraft:grass":1,"minecraft:coal_ore":10,"minecraft:mycelium":2,"minecraft:dirt":2,"minecraft:sand":2,"farmersdelight:apple_pie":1,"minecraft:gravel":1,"minecraft:gray_carpet":1,"minecraft:mangrove_log":23,"minecraft:cobweb":2,"minecraft:red_mushroom_block":2,"minecraft:stone_bricks":1,"minecraft:oak_leaves":1},"minecraft:dropped":{"farmersdelight:apple_pie":63,"quark:blossom_planks":20,"minecraft:cobblestone":6,"iceandfire:ectoplasm":2,"minecraft:red_mushroom":3,"minecraft:dirt":2,"evilcraft:broom":1,"farmersdelight:carrot_crate":1,"minecraft:map":4,"minecraft:sand":2,"minecraft:spruce_sapling":2,"minecraft:redstone":1,"minecraft:gravel":1,"minecraft:stone_axe":3,"minecraft:mangrove_roots":1,"minecraft:stone_sword":1,"minecraft:rotten_flesh":5,"luminousworld:savannah_soil":6,"portablemobs:basic_capture_cell":2,"minecraft:chainmail_chestplate":2,"supplementaries:ash":5,"minecraft:mossy_stone_bricks":1,"minecraft:oak_sapling":1,"artifacts:pickaxe_heater":2,"minecraft:stone_bricks":1,"minecraft:stone_pickaxe":1,"minecraft:wooden_pickaxe":1},"minecraft:custom":{"lootr:looted_stat":34,"minecraft:mob_kills":42,"minecraft:interact_with_crafting_table":10,"minecraft:bell_ring":1,"minecraft:damage_dealt_resisted":31,"minecraft:leave_game":4,"minecraft:time_since_death":127306,"minecraft:climb_one_cm":11489,"minecraft:sprint_one_cm":329060,"minecraft:walk_one_cm":304309,"minecraft:drop":43,"minecraft:play_time":127306,"minecraft:sneak_time":7309,"minecraft:walk_under_water_one_cm":3132,"minecraft:jump":1466,"minecraft:interact_with_blast_furnace":5,"minecraft:walk_on_water_one_cm":3559,"minecraft:total_world_time":127306,"minecraft:interact_with_furnace":3,"minecraft:tune_noteblock":2,"minecraft:sleep_in_bed":1,"minecraft:time_since_rest":74306,"minecraft:damage_taken":7663,"minecraft:trigger_trapped_chest":2,"minecraft:damage_dealt":9241,"tombstone:cast_on_ally":2,"minecraft:fly_one_cm":225767,"minecraft:swim_one_cm":5476,"minecraft:open_chest":1,"minecraft:crouch_one_cm":24630,"tombstone:undead_killed":21,"minecraft:fall_one_cm":45764}},"DataVersion":3465}