{"stats":{"minecraft:dropped":{"sophisticatedbackpacks:netherite_backpack":2,"minecraft:iron_helmet":2,"minecraft:iron_leggings":2,"minecraft:iron_sword":2,"minecraft:iron_boots":2,"minecraft:iron_axe":2,"minecraft:iron_pickaxe":2,"minecraft:cherry_log":1,"minecraft:iron_shovel":2,"minecraft:iron_chestplate":2},"minecraft:picked_up":{"minecraft:cherry_log":1},"minecraft:custom":{"minecraft:time_since_rest":63759,"minecraft:crouch_one_cm":684,"minecraft:sprint_one_cm":11608,"minecraft:play_time":63759,"tombstone:undead_killed":1,"minecraft:walk_one_cm":17724,"minecraft:sneak_time":1586,"minecraft:mob_kills":4,"minecraft:drop":19,"minecraft:jump":152,"minecraft:damage_dealt":4953,"minecraft:time_since_death":63759,"minecraft:leave_game":3,"minecraft:total_world_time":63759,"minecraft:fly_one_cm":983791},"minecraft:killed":{"ancient_elements:aetherial_glaze":1,"iceandfire:fire_dragon":2,"undead_revamp2:bomber":1},"minecraft:used":{"twilightforest:glass_sword":14}},"DataVersion":3465}