{"stats":{"minecraft:mined":{"minecraft:crying_obsidian":4,"minecraft:cherry_planks":45,"minecraft:cherry_log":134,"minecraft:crafting_table":1,"minecraft:cherry_trapdoor":2,"minecraft:grass_block":84,"minecraft:tall_grass":4,"minecraft:cherry_slab":39,"minecraft:pink_petals":10,"minecraft:fire":7,"minecraft:gold_block":1,"minecraft:grass":3,"minecraft:dirt":31},"minecraft:custom":{"minecraft:interact_with_furnace":8,"lootr:looted_stat":1,"minecraft:mob_kills":25,"minecraft:interact_with_crafting_table":32,"minecraft:leave_game":1,"minecraft:time_since_death":80683,"minecraft:sleep_in_bed":2,"minecraft:time_since_rest":10175,"minecraft:sprint_one_cm":213139,"minecraft:damage_taken":1320,"minecraft:walk_one_cm":211849,"minecraft:drop":24,"minecraft:damage_dealt":10260,"minecraft:fly_one_cm":269855,"minecraft:open_chest":20,"minecraft:crouch_one_cm":26665,"minecraft:play_time":80683,"tombstone:undead_killed":7,"minecraft:sneak_time":5196,"minecraft:walk_under_water_one_cm":390,"minecraft:jump":722,"minecraft:interact_with_brewingstand":2,"minecraft:walk_on_water_one_cm":5321,"minecraft:total_world_time":80683,"minecraft:fall_one_cm":28679},"minecraft:used":{"minecraft:water_bucket":10,"minecraft:netherite_sword":22,"twilightforest:glass_sword":14,"minecraft:cherry_planks":180,"minecraft:brewing_stand":1,"minecraft:dirt":10,"quark:cherry_chest":10,"minecraft:crafting_table":2,"quark:cherry_bookshelf":15,"enchantinginfuser:advanced_enchanting_infuser":1,"mowziesmobs:wrought_axe":257,"minecraft:diamond_pickaxe":5,"minecraft:diamond_shovel":113,"minecraft:crying_obsidian":1,"minecraft:cherry_door":4,"minecraft:cherry_slab":282,"minecraft:cherry_trapdoor":32,"minecraft:diamond_sword":12,"minecraft:golden_carrot":14,"minecraft:bow":1,"minecraft:furnace":1,"minecraft:bucket":11,"comforts:sleeping_bag_white":2},"minecraft:crafted":{"minecraft:cherry_planks":528,"sophisticatedbackpacks:backpack":3,"enchantinginfuser:enchanting_infuser":1,"minecraft:crafting_table":1,"minecraft:cherry_slab":294,"comforts:sleeping_bag_white":1,"minecraft:furnace":1,"sophisticatedbackpacks:gold_backpack":3,"minecraft:bucket":1,"minecraft:diamond_shovel":1,"minecraft:pink_dye":4,"quark:cherry_chest":13,"quark:cherry_bookshelf":16,"minecraft:air":0,"minecraft:cherry_trapdoor":54,"enchantinginfuser:advanced_enchanting_infuser":1,"minecraft:white_wool":3,"minecraft:leather":4,"sophisticatedbackpacks:diamond_backpack":4,"minecraft:chest":3,"minecraft:cherry_door":3,"minecraft:netherite_ingot":2,"sophisticatedbackpacks:iron_backpack":6},"minecraft:killed":{"earthmobsmod:bouldering_zombie":2,"iceandfire:cyclops":1,"ancient_elements:aetherial_glaze":7,"undead_revamp2:the_moonflower":3,"minecraft:spider":4,"minecraft:zombie":1,"iceandfire:fire_dragon":2,"minecraft:bee":1,"undead_revamp2:sucker":1},"minecraft:picked_up":{"luminousworld:groundpebbles_1":1,"minecraft:pink_petals":198,"minecraft:crafting_table":1,"minecraft:cherry_planks":45,"minecraft:leather":2,"minecraft:gold_block":1,"minecraft:cherry_door":3,"minecraft:string":3,"minecraft:dirt":128,"iceandfire:dragonscales_bronze":15,"ancient_elements:aetherial_shard":4,"minecraft:wheat_seeds":8,"comforts:sleeping_bag_white":2,"iceandfire:fire_dragon_flesh":4,"sophisticatedbackpacks:diamond_backpack":3,"minecraft:cherry_trapdoor":2,"ancient_elements:aero_charge":9,"minecraft:book":1,"minecraft:stick":53,"iceandfire:dragonbone":2,"minecraft:amethyst_shard":2,"minecraft:cherry_log":132,"minecraft:crying_obsidian":7,"iceandfire:cyclops_eye":1,"minecraft:rotten_flesh":6,"iceandfire:fire_dragon_heart":1,"minecraft:cherry_sapling":138,"minecraft:cherry_slab":43,"minecraft:mutton":8},"minecraft:dropped":{"minecraft:wheat_seeds":8,"minecraft:cherry_sapling":61,"minecraft:book":1,"minecraft:cherry_slab":1,"sophisticatedbackpacks:diamond_backpack":3,"minecraft:mutton":8,"luminousworld:groundpebbles_1":1,"minecraft:cherry_door":1,"minecraft:pink_petals":248}},"DataVersion":3465}