{"stats":{"minecraft:broken":{"minecraft:stone_sword":1,"minecraft:iron_boots":1,"twilightforest:glass_sword":1,"minecraft:iron_pickaxe":1},"minecraft:mined":{"minecraft:tuff":104,"minecraft:cherry_log":79,"minecraft:jungle_leaves":1,"minecraft:mangrove_roots":1,"botania:black_mushroom":1,"minecraft:grass_block":72,"minecraft:redstone_wire":1,"minecraft:brown_mushroom_block":2,"minecraft:red_mushroom":1,"minecraft:sandstone":8,"minecraft:spawner":3,"minecraft:iron_ore":9,"minecraft:fire":16,"quark:blossom_planks":64,"minecraft:deepslate_lapis_ore":16,"minecraft:oak_sign":1,"minecraft:bookshelf":31,"minecraft:deepslate_iron_ore":12,"minecraft:vine":2,"quark:blossom_trapdoor":2,"quark:vertical_blossom_planks":2,"minecraft:stone":111,"quark:blossom_planks_slab":10,"minecraft:deepslate_redstone_ore":7,"luminousworld:savannah_soil":9,"minecraft:brown_mushroom":2,"minecraft:glass_pane":1,"quark:oak_chest":1,"minecraft:crafting_table":1,"iceandfire:dragon_ice_spikes":1,"minecraft:torch":2,"minecraft:blast_furnace":2,"minecraft:sculk_sensor":1,"quark:blossom_log":26,"minecraft:mushroom_stem":3,"luminousworld:grassflowers":1,"minecraft:cobblestone":13,"placeablesmod:bread_full_block":1,"minecraft:wall_torch":8,"minecraft:pink_petals":30,"evilcraft:dark_ore_deepslate":4,"minecraft:magenta_bed":1,"minecraft:mangrove_leaves":9,"minecraft:black_bed":2,"minecraft:mangrove_planks":5,"minecraft:grass":16,"minecraft:coal_ore":10,"minecraft:mycelium":2,"minecraft:gravel":15,"minecraft:dirt":12,"minecraft:cherry_leaves":1,"minecraft:sand":54,"farmersdelight:apple_pie":1,"minecraft:gray_carpet":1,"minecraft:mangrove_log":23,"minecraft:cobweb":3,"minecraft:red_mushroom_block":2,"minecraft:stone_bricks":1,"minecraft:oak_leaves":1,"minecraft:deepslate":551},"minecraft:dropped":{"minecraft:iron_ingot":24,"naturalist:antler":1,"minecraft:wheat_seeds":2,"minecraft:cherry_log":22,"minecraft:cooked_beef":9,"farmersdelight:apple_pie":63,"quark:blossom_planks":20,"minecraft:cobblestone":6,"iceandfire:ectoplasm":2,"born_in_chaos_v1:pieceofdarkmetal":4,"minecraft:chainmail_helmet":2,"minecraft:red_mushroom":3,"minecraft:dirt":3,"minecraft:torch":41,"evilcraft:broom":1,"farmersdelight:carrot_crate":1,"minecraft:map":4,"minecraft:iron_leggings":1,"minecraft:sand":2,"minecraft:iron_pickaxe":1,"minecraft:string":1,"minecraft:pink_petals":133,"earthmobsmod:duck_egg":1,"minecraft:spruce_sapling":2,"minecraft:bone":15,"minecraft:redstone":1,"minecraft:gravel":4,"quark:blossom_planks_slab":1,"minecraft:stone_axe":3,"alexsmobs:maggot":2,"minecraft:mangrove_roots":1,"minecraft:stone_sword":1,"minecraft:cobbled_deepslate":58,"minecraft:pink_dye":1,"minecraft:cherry_sapling":33,"minecraft:rotten_flesh":5,"minecraft:iron_boots":1,"minecraft:name_tag":1,"luminousworld:savannah_soil":6,"botania:black_mushroom":3,"minecraft:oak_sign":1,"minecraft:chainmail_chestplate":2,"portablemobs:basic_capture_cell":2,"supplementaries:ash":11,"born_in_chaos_v1:corpse_maggot":1,"born_in_chaos_v1:seedof_chaos":1,"minecraft:golden_sword":2,"artifacts:running_shoes":1,"minecraft:iron_chestplate":2,"minecraft:mossy_stone_bricks":1,"minecraft:oak_sapling":1,"artifacts:pickaxe_heater":2,"quark:blossom_door":1,"minecraft:stone_bricks":1,"minecraft:stone_pickaxe":2,"minecraft:wooden_pickaxe":1},"minecraft:crafted":{"quark:blossom_planks_slab":150,"minecraft:stone_shovel":1,"quark:vertical_blossom_planks":63,"minecraft:furnace":1,"quark:blossom_chest":6,"minecraft:glass_pane":48,"minecraft:glass":52,"minecraft:iron_boots":2,"minecraft:iron_axe":1,"minecraft:stone_pickaxe":3,"minecraft:diamond_sword":1,"quark:blossom_planks":104,"minecraft:crafting_table":3,"minecraft:wooden_pickaxe":1,"minecraft:iron_helmet":2,"minecraft:iron_sword":1,"minecraft:mangrove_planks":92,"minecraft:stone_axe":2,"farmersdelight:skillet":1,"minecraft:air":0,"minecraft:diamond_pickaxe":1,"minecraft:iron_chestplate":1,"minecraft:stick":24,"minecraft:iron_ingot":20,"minecraft:iron_pickaxe":1,"minecraft:stone_sword":2,"quark:blossom_door":3,"minecraft:iron_leggings":2,"quark:blossom_trapdoor":2},"minecraft:used":{"minecraft:cherry_sapling":7,"minecraft:stone_sword":132,"minecraft:stone_shovel":119,"twilightforest:glass_sword":76,"quark:vertical_blossom_planks":63,"farmersdelight:cabbage":1,"minecraft:iron_sword":155,"minecraft:torch":39,"minecraft:dirt":5,"quark:blossom_planks_slab":149,"botania:black_mushroom":1,"minecraft:lantern":6,"minecraft:iron_axe":175,"quark:blossom_chest":6,"minecraft:golden_carrot":70,"luminousworld:savannah_soil":3,"minecraft:furnace":1,"tombstone:gift":4,"quark:blossom_planks":142,"minecraft:cooked_beef":65,"minecraft:cobbled_deepslate":4,"minecraft:cherry_log":2,"tombstone:scroll_of_mercy":1,"minecraft:stone_pickaxe":94,"minecraft:gray_carpet":1,"minecraft:mangrove_planks":35,"minecraft:wooden_pickaxe":3,"minecraft:sandstone":8,"minecraft:glow_berries":8,"minecraft:crafting_table":4,"minecraft:magenta_bed":1,"minecraft:blast_furnace":2,"minecraft:black_bed":2,"farmersdelight:apple_pie":1,"earthmobsmod:duck_egg":1,"quark:blossom_door":4,"minecraft:iron_pickaxe":769,"minecraft:bread":56,"minecraft:gravel":2,"minecraft:stone_axe":81,"quark:oak_chest":1,"minecraft:glass_pane":37,"quark:blossom_trapdoor":4},"minecraft:custom":{"lootr:looted_stat":61,"minecraft:mob_kills":102,"minecraft:animals_bred":1,"minecraft:interact_with_crafting_table":28,"minecraft:bell_ring":1,"minecraft:damage_dealt_resisted":195,"minecraft:leave_game":6,"minecraft:time_since_death":360130,"minecraft:climb_one_cm":13266,"minecraft:sprint_one_cm":738770,"minecraft:walk_one_cm":875237,"minecraft:drop":175,"minecraft:play_time":360130,"minecraft:sneak_time":24469,"minecraft:walk_under_water_one_cm":5517,"minecraft:jump":3228,"minecraft:interact_with_blast_furnace":9,"minecraft:walk_on_water_one_cm":5890,"minecraft:total_world_time":360130,"minecraft:interact_with_furnace":11,"minecraft:tune_noteblock":2,"minecraft:sleep_in_bed":15,"minecraft:time_since_rest":14653,"minecraft:damage_taken":16107,"minecraft:trigger_trapped_chest":2,"minecraft:damage_dealt":30951,"tombstone:cast_on_ally":2,"minecraft:swim_one_cm":7979,"minecraft:fly_one_cm":704430,"minecraft:crouch_one_cm":89893,"minecraft:open_chest":36,"tombstone:undead_killed":48,"minecraft:fall_one_cm":182399},"minecraft:picked_up":{"iceandfire:dragon_skull_lightning":1,"undead_revamp2:bostroxingot":1,"luminousworld:groundpebbles_1":1,"minecraft:crafting_table":1,"minecraft:iron_chestplate":1,"born_in_chaos_v1:seedof_chaos":2,"artifacts:bunny_hoppers":1,"minecraft:brown_mushroom":3,"minecraft:golden_sword":2,"minecraft:string":17,"minecraft:iron_axe":1,"minecraft:iron_shovel":1,"quark:blossom_door":2,"minecraft:oak_sign":1,"minecraft:cobbled_deepslate":643,"earthmobsmod:duck_egg":2,"minecraft:iron_pickaxe":2,"iceandfire:dragonscales_red":20,"minecraft:mangrove_log":23,"iceandfire:ice_dragon_heart":1,"minecraft:stick":36,"minecraft:raw_iron":19,"minecraft:sandstone":8,"iceandfire:dragonbone":31,"minecraft:torch":19,"botania:black_mushroom":4,"luminousworld:savannah_soil":9,"quark:blossom_log":26,"iceandfire:lightning_dragon_flesh":1,"minecraft:cherry_log":107,"quark:blossom_planks_slab":12,"tombstone:grave_dust":11,"minecraft:carrot":10,"born_in_chaos_v1:pieceofdarkmetal":8,"minecraft:redstone":64,"quark:blossom_planks":64,"iceandfire:dragon_skull_ice":1,"luminousworld:grassflowers":1,"minecraft:arrow":12,"minecraft:rotten_flesh":35,"iceandfire:fire_dragon_heart":1,"minecraft:mangrove_roots":1,"supplementaries:ash":14,"minecraft:cobblestone":121,"born_in_chaos_v1:corpse_maggot":1,"iceandfire:dragonscales_black":24,"minecraft:pink_petals":145,"minecraft:cooked_beef":11,"born_in_chaos_v1:monster_flesh":9,"minecraft:black_bed":2,"minecraft:leather":2,"minecraft:red_mushroom":3,"minecraft:tuff":32,"minecraft:chainmail_chestplate":1,"iceandfire:ectoplasm":2,"minecraft:magenta_bed":1,"minecraft:gunpowder":4,"minecraft:lapis_lazuli":47,"artifacts:pickaxe_heater":2,"iceandfire:dragonscales_blue":14,"minecraft:map":2,"minecraft:dirt":86,"botania:black_mystical_flower":1,"minecraft:name_tag":1,"born_in_chaos_v1:monster_skin":5,"minecraft:bone":17,"minecraft:stone_bricks":1,"minecraft:gray_carpet":1,"twilightforest:glass_sword":1,"minecraft:wheat_seeds":4,"minecraft:iron_ingot":2,"minecraft:mossy_stone_bricks":1,"minecraft:mangrove_planks":5,"iceandfire:fire_dragon_flesh":2,"minecraft:iron_sword":5,"minecraft:book":93,"earthmobsmod:harder_flesh":2,"iceandfire:lightning_dragon_heart":1,"born_in_chaos_v1:ethereal_spirit":5,"minecraft:gravel":6,"iceandfire:dragon_skull_fire":1,"minecraft:sand":54,"born_in_chaos_v1:dark_rod":1,"quark:oak_chest":1,"minecraft:spruce_sapling":2,"minecraft:blast_furnace":2,"quark:blossom_trapdoor":2,"minecraft:spider_eye":1,"minecraft:iron_hoe":1,"evilcraft:dark_gem":15,"minecraft:diamond":17,"naturalist:antler":1,"minecraft:slime_ball":6,"minecraft:stone_axe":1,"minecraft:chainmail_leggings":1,"evilcraft:broom":1,"minecraft:iron_helmet":1,"alexsmobs:rattlesnake_rattle":1,"minecraft:chainmail_helmet":2,"alexsmobs:tarantula_hawk_wing_fragment":1,"minecraft:cherry_sapling":113,"iceandfire:ice_dragon_flesh":3,"minecraft:bread":1,"alexsmobs:maggot":2,"minecraft:oak_sapling":1,"quark:vertical_blossom_planks":2,"minecraft:coal":10},"minecraft:killed":{"enemyexpansion:trollenraged":1,"undead_revamp2:thewolf":1,"minecraft:cave_spider":5,"alexsmobs:tarantula_hawk":1,"alexsmobs:tiger":1,"minecraft:spider":1,"quark:toretoise":2,"enemyexpansion:direwolf":2,"alexsmobs:rattlesnake":1,"born_in_chaos_v1:scarlet_persecutor":4,"born_in_chaos_v1:maggot":8,"minecraft:skeleton":10,"iceandfire:fire_dragon":1,"undead_revamp2:therod":1,"undead_revamp2:thepregnant":2,"undead_revamp2:sucker":3,"enemyexpansion:vampflyer":1,"artifacts:mimic":1,"born_in_chaos_v1:fallen_chaos_knight":1,"minecraft:husk":4,"born_in_chaos_v1:bonescaller":1,"earthmobsmod:bouldering_zombie":1,"minecraft:bat":1,"enemyexpansion:sprinter":1,"born_in_chaos_v1:dread_hound_not_despawn":3,"undead_revamp2:thebeartamer":1,"minecraft:creeper":1,"undead_revamp2:thebidyupside":1,"born_in_chaos_v1:corpse_fly":1,"undead_revamp2:thesomnolence":1,"minecraft:zombie":15,"iceandfire:ghost":4,"born_in_chaos_v1:dread_hound":5,"born_in_chaos_v1:dark_vortex":1,"enemyexpansion:huntsman":2,"enemyexpansion:botfly":8,"iceandfire:ice_dragon":1,"iceandfire:lightning_dragon":1,"alexsmobs:komodo_dragon":1}},"DataVersion":3465}