{"stats":{"minecraft:dropped":{"minecraft:iron_sword":2,"minecraft:cherry_log":1,"minecraft:iron_chestplate":2,"minecraft:tnt_minecart":2,"sophisticatedbackpacks:netherite_backpack":2,"minecraft:iron_helmet":2,"minecraft:iron_leggings":2,"minecraft:iron_boots":2,"minecraft:iron_axe":2,"minecraft:iron_pickaxe":2,"minecraft:iron_shovel":2},"minecraft:picked_up":{"minecraft:stick":28,"minecraft:raw_iron":34,"minecraft:cherry_log":77,"vampirism:vampire_fang":1,"minecraft:spider_eye":1,"minecraft:string":8,"ancient_elements:aetherial_shard":1,"minecraft:tnt_minecart":2,"twilightforest:glass_sword":2,"minecraft:cherry_sapling":46,"minecraft:iron_sword":1,"minecraft:coal":24,"minecraft:cobblestone":6},"minecraft:custom":{"minecraft:time_since_rest":111759,"lootr:looted_stat":5,"minecraft:sprint_one_cm":102760,"minecraft:damage_taken":2120,"minecraft:walk_one_cm":82049,"tombstone:sneak_grave":1,"minecraft:mob_kills":14,"minecraft:drop":21,"minecraft:damage_dealt":7919,"minecraft:fly_one_cm":1158173,"minecraft:crouch_one_cm":1866,"minecraft:play_time":111759,"tombstone:undead_killed":3,"minecraft:sneak_time":2445,"minecraft:jump":349,"minecraft:leave_game":3,"minecraft:time_since_death":111759,"minecraft:walk_on_water_one_cm":108,"minecraft:climb_one_cm":5890,"minecraft:total_world_time":111759,"minecraft:fall_one_cm":3707},"minecraft:crafted":{"sophisticatedbackpacks:netherite_backpack":2},"minecraft:killed":{"minecraft:cave_spider":4,"iceandfire:fire_dragon":2,"undead_revamp2:thehunter":1,"minecraft:zombie_villager":1,"ancient_elements:aetherial_glaze":2,"minecraft:spider":2,"undead_revamp2:bomber":1},"minecraft:used":{"minecraft:iron_axe":86,"minecraft:iron_pickaxe":69,"twilightforest:glass_sword":24,"minecraft:iron_helmet":1,"minecraft:iron_sword":17,"minecraft:iron_boots":1,"minecraft:iron_chestplate":1,"minecraft:golden_carrot":16,"tombstone:gift":1,"minecraft:iron_leggings":1},"minecraft:mined":{"minecraft:iron_ore":34,"minecraft:cherry_log":81,"minecraft:coal_ore":24,"minecraft:cobblestone":7,"minecraft:red_mushroom_block":1,"minecraft:stone":4}},"DataVersion":3465}