{"stats":{"minecraft:crafted":{"minecraft:cherry_planks":528,"minecraft:oak_planks":4,"minecraft:cherry_slab":294,"comforts:sleeping_bag_white":2,"minecraft:furnace":1,"minecraft:diamond_shovel":1,"quark:cherry_chest":15,"minecraft:pink_dye":7,"quark:cherry_bookshelf":16,"minecraft:cherry_trapdoor":54,"minecraft:leather":12,"minecraft:chest":5,"sophisticatedbackpacks:iron_backpack":6,"minecraft:red_dye":1,"comforts:sleeping_bag_pink":1,"sophisticatedbackpacks:backpack":3,"enchantinginfuser:enchanting_infuser":1,"minecraft:crafting_table":2,"sophisticatedbackpacks:gold_backpack":3,"minecraft:bucket":1,"minecraft:orange_dye":2,"minecraft:air":0,"enchantinginfuser:advanced_enchanting_infuser":1,"minecraft:string":16,"minecraft:white_wool":6,"minecraft:yellow_dye":1,"comforts:sleeping_bag_orange":1,"sophisticatedbackpacks:diamond_backpack":6,"minecraft:cherry_door":3,"minecraft:netherite_ingot":2},"minecraft:used":{"minecraft:netherite_sword":153,"twilightforest:glass_sword":14,"minecraft:player_head":2,"comforts:sleeping_bag_pink":3,"minecraft:brewing_stand":1,"minecraft:dirt":10,"quark:cherry_chest":10,"quark:cherry_bookshelf":15,"enchantinginfuser:advanced_enchanting_infuser":1,"minecraft:cherry_slab":282,"minecraft:cherry_trapdoor":32,"comforts:sleeping_bag_orange":1,"minecraft:golden_carrot":27,"minecraft:bow":6,"luminousworld:savannah_soil":2,"minecraft:furnace":1,"comforts:sleeping_bag_white":3,"minecraft:water_bucket":10,"minecraft:cherry_planks":180,"minecraft:crafting_table":3,"mowziesmobs:wrought_axe":288,"minecraft:diamond_pickaxe":5,"minecraft:cherry_door":4,"minecraft:diamond_shovel":113,"minecraft:crying_obsidian":1,"minecraft:pink_petals":1,"minecraft:diamond_sword":12,"minecraft:bucket":11,"minecraft:experience_bottle":2},"minecraft:mined":{"minecraft:crying_obsidian":4,"minecraft:cherry_log":134,"minecraft:cherry_trapdoor":2,"minecraft:grass_block":84,"minecraft:weeping_vines_plant":1,"minecraft:fire":10,"minecraft:pumpkin":17,"minecraft:gold_block":1,"comforts:sleeping_bag_pink":1,"minecraft:cherry_planks":45,"minecraft:dandelion":1,"minecraft:crafting_table":2,"minecraft:poppy":1,"minecraft:tall_grass":5,"minecraft:cherry_slab":39,"minecraft:pink_petals":14,"minecraft:grass":10,"minecraft:oak_log":6,"minecraft:dirt":31,"luminousworld:elephant_grass":1,"luminousworld:savannah_grass_4":1},"minecraft:custom":{"lootr:looted_stat":4,"minecraft:mob_kills":82,"minecraft:interact_with_crafting_table":38,"minecraft:damage_dealt_resisted":30,"minecraft:leave_game":2,"minecraft:time_since_death":140849,"minecraft:climb_one_cm":42,"minecraft:sprint_one_cm":470675,"minecraft:walk_one_cm":347086,"minecraft:drop":55,"minecraft:play_time":140849,"minecraft:sneak_time":5493,"minecraft:walk_under_water_one_cm":406,"minecraft:jump":1612,"minecraft:interact_with_brewingstand":2,"minecraft:walk_on_water_one_cm":5903,"minecraft:enchant_item":9,"minecraft:total_world_time":140849,"minecraft:interact_with_furnace":16,"minecraft:sleep_in_bed":6,"minecraft:time_since_rest":13840,"minecraft:damage_taken":2548,"minecraft:damage_dealt":20955,"minecraft:swim_one_cm":7386,"minecraft:fly_one_cm":502955,"minecraft:open_chest":41,"minecraft:crouch_one_cm":27549,"tombstone:undead_killed":41,"minecraft:fall_one_cm":59290},"minecraft:picked_up":{"luminousworld:groundpebbles_1":1,"minecraft:crafting_table":2,"minecraft:gold_block":1,"minecraft:string":8,"minecraft:iron_axe":1,"ancient_elements:aetherial_shard":14,"comforts:sleeping_bag_white":3,"minecraft:beef":2,"minecraft:player_head":2,"minecraft:poppy":1,"minecraft:light_gray_wool":1,"minecraft:cherry_trapdoor":2,"minecraft:stick":54,"iceandfire:dragonbone":2,"luminousworld:savannah_soil":10,"minecraft:cherry_log":132,"tombstone:grave_dust":6,"minecraft:weeping_vines":1,"minecraft:arrow":18,"comforts:sleeping_bag_orange":1,"iceandfire:cyclops_eye":1,"minecraft:rotten_flesh":49,"iceandfire:fire_dragon_heart":1,"mowziesmobs:umvuthana_mask_bliss":1,"tombstone:essence_of_undeath":1,"supplementaries:ash":2,"minecraft:mutton":33,"minecraft:white_wool":3,"minecraft:pink_petals":217,"luminousworld:savannah_ground":34,"minecraft:feather":1,"minecraft:golden_carrot":12,"minecraft:cherry_planks":45,"minecraft:leather":4,"minecraft:oak_log":6,"minecraft:cherry_door":3,"minecraft:dirt":128,"iceandfire:dragonscales_bronze":15,"minecraft:bone":20,"minecraft:bow":3,"minecraft:wheat_seeds":9,"comforts:sleeping_bag_pink":3,"iceandfire:fire_dragon_flesh":4,"ancient_elements:aero_charge":23,"sophisticatedbackpacks:diamond_backpack":7,"minecraft:book":1,"minecraft:pumpkin":17,"minecraft:dandelion":1,"minecraft:amethyst_shard":2,"minecraft:crying_obsidian":7,"minecraft:slime_ball":6,"minecraft:iron_helmet":1,"minecraft:cherry_sapling":138,"minecraft:chainmail_helmet":1,"minecraft:oak_sapling":4,"minecraft:cherry_slab":43},"minecraft:dropped":{"minecraft:wheat_seeds":9,"minecraft:orange_dye":1,"minecraft:weeping_vines":1,"minecraft:book":1,"minecraft:chainmail_helmet":1,"minecraft:golden_carrot":12,"minecraft:mutton":33,"luminousworld:savannah_ground":34,"minecraft:iron_axe":1,"minecraft:cherry_door":1,"minecraft:pink_petals":263,"minecraft:bone":2,"minecraft:pink_dye":2,"minecraft:cherry_sapling":61,"minecraft:rotten_flesh":3,"minecraft:cherry_slab":1,"luminousworld:savannah_soil":8,"sophisticatedbackpacks:diamond_backpack":7,"supplementaries:ash":1,"aether:diamond_gloves":1,"luminousworld:groundpebbles_1":1,"minecraft:bow":2,"minecraft:beef":2,"comforts:sleeping_bag_pink":1},"minecraft:killed":{"alexsmobs:hummingbird":1,"minecraft:spider":6,"minecraft:skeleton":7,"iceandfire:fire_dragon":2,"minecraft:bee":1,"alexsmobs:bison":1,"undead_revamp2:sucker":5,"undead_revamp2:thespitter":1,"minecraft:husk":3,"earthmobsmod:bouldering_zombie":2,"iceandfire:cyclops":1,"ancient_elements:aetherial_glaze":14,"undead_revamp2:the_moonflower":5,"mowziesmobs:umvuthana_follower_raptor":3,"minecraft:sheep":4,"luminousworld:savannah_skeleton":1,"undead_revamp2:thesomnolence":1,"minecraft:zombie":17,"mowziesmobs:umvuthana_raptor":1,"minecraft:cow":1}},"DataVersion":3465}