{"stats":{"minecraft:used":{"twilightforest:glass_sword":12},"minecraft:custom":{"minecraft:jump":51,"minecraft:time_since_rest":29952,"minecraft:damage_dealt":4630,"minecraft:crouch_one_cm":198,"minecraft:leave_game":1,"minecraft:sprint_one_cm":2534,"minecraft:play_time":29952,"minecraft:time_since_death":29952,"minecraft:walk_one_cm":4592,"minecraft:sneak_time":918,"minecraft:total_world_time":29952,"minecraft:mob_kills":2,"minecraft:fly_one_cm":576057},"minecraft:killed":{"iceandfire:fire_dragon":2}},"DataVersion":3465}