{"stats":{"minecraft:broken":{"minecraft:stone_sword":1,"twilightforest:glass_sword":1},"minecraft:mined":{"minecraft:cherry_log":79,"minecraft:jungle_leaves":1,"minecraft:mangrove_roots":1,"minecraft:grass_block":72,"minecraft:redstone_wire":1,"minecraft:brown_mushroom_block":2,"minecraft:red_mushroom":1,"minecraft:sandstone":8,"minecraft:spawner":3,"minecraft:iron_ore":9,"minecraft:fire":16,"quark:blossom_planks":64,"minecraft:bookshelf":31,"minecraft:deepslate_iron_ore":4,"minecraft:vine":2,"quark:blossom_trapdoor":2,"quark:vertical_blossom_planks":2,"minecraft:stone":111,"quark:blossom_planks_slab":10,"luminousworld:savannah_soil":9,"minecraft:brown_mushroom":2,"minecraft:glass_pane":1,"minecraft:crafting_table":1,"iceandfire:dragon_ice_spikes":1,"minecraft:torch":2,"minecraft:blast_furnace":2,"minecraft:sculk_sensor":1,"quark:blossom_log":26,"minecraft:mushroom_stem":3,"luminousworld:grassflowers":1,"minecraft:cobblestone":13,"placeablesmod:bread_full_block":1,"minecraft:wall_torch":2,"minecraft:pink_petals":27,"minecraft:magenta_bed":1,"minecraft:mangrove_leaves":9,"minecraft:black_bed":2,"minecraft:mangrove_planks":5,"minecraft:grass":15,"minecraft:coal_ore":10,"minecraft:mycelium":2,"minecraft:gravel":1,"minecraft:dirt":12,"minecraft:cherry_leaves":1,"minecraft:sand":54,"farmersdelight:apple_pie":1,"minecraft:gray_carpet":1,"minecraft:mangrove_log":23,"minecraft:cobweb":3,"minecraft:red_mushroom_block":2,"minecraft:stone_bricks":1,"minecraft:oak_leaves":1},"minecraft:dropped":{"minecraft:iron_ingot":24,"naturalist:antler":1,"minecraft:wheat_seeds":2,"minecraft:cooked_beef":9,"farmersdelight:apple_pie":63,"quark:blossom_planks":20,"minecraft:cobblestone":6,"iceandfire:ectoplasm":2,"born_in_chaos_v1:pieceofdarkmetal":4,"minecraft:red_mushroom":3,"minecraft:dirt":3,"evilcraft:broom":1,"farmersdelight:carrot_crate":1,"minecraft:map":4,"minecraft:sand":2,"minecraft:pink_petals":130,"earthmobsmod:duck_egg":1,"minecraft:spruce_sapling":2,"minecraft:bone":9,"minecraft:redstone":1,"minecraft:gravel":1,"minecraft:stone_axe":3,"minecraft:mangrove_roots":1,"minecraft:stone_sword":1,"minecraft:pink_dye":1,"minecraft:rotten_flesh":5,"minecraft:name_tag":1,"luminousworld:savannah_soil":6,"minecraft:chainmail_chestplate":2,"portablemobs:basic_capture_cell":2,"supplementaries:ash":11,"born_in_chaos_v1:seedof_chaos":1,"minecraft:iron_chestplate":1,"minecraft:mossy_stone_bricks":1,"minecraft:oak_sapling":1,"artifacts:pickaxe_heater":2,"quark:blossom_door":1,"minecraft:stone_bricks":1,"minecraft:stone_pickaxe":1,"minecraft:wooden_pickaxe":1},"minecraft:crafted":{"quark:blossom_planks_slab":150,"minecraft:stone_shovel":1,"quark:vertical_blossom_planks":63,"minecraft:furnace":1,"quark:blossom_chest":6,"minecraft:glass_pane":48,"minecraft:glass":20,"minecraft:iron_boots":1,"minecraft:iron_axe":1,"minecraft:stone_pickaxe":3,"quark:blossom_planks":104,"minecraft:crafting_table":3,"minecraft:wooden_pickaxe":1,"minecraft:iron_helmet":1,"minecraft:iron_sword":1,"minecraft:mangrove_planks":92,"minecraft:stone_axe":2,"farmersdelight:skillet":1,"minecraft:air":0,"minecraft:stick":24,"minecraft:iron_ingot":13,"minecraft:iron_pickaxe":1,"minecraft:stone_sword":2,"quark:blossom_door":3,"minecraft:iron_leggings":1,"quark:blossom_trapdoor":2},"minecraft:used":{"minecraft:cherry_sapling":7,"minecraft:stone_sword":132,"minecraft:stone_shovel":105,"twilightforest:glass_sword":41,"quark:vertical_blossom_planks":63,"farmersdelight:cabbage":1,"minecraft:iron_sword":67,"minecraft:torch":4,"minecraft:dirt":4,"quark:blossom_planks_slab":149,"minecraft:lantern":6,"minecraft:iron_axe":173,"quark:blossom_chest":6,"minecraft:golden_carrot":8,"luminousworld:savannah_soil":3,"minecraft:furnace":1,"tombstone:gift":4,"quark:blossom_planks":142,"minecraft:cooked_beef":65,"minecraft:cobbled_deepslate":1,"tombstone:scroll_of_mercy":1,"minecraft:stone_pickaxe":94,"minecraft:gray_carpet":1,"minecraft:mangrove_planks":35,"minecraft:wooden_pickaxe":3,"minecraft:sandstone":8,"minecraft:glow_berries":8,"minecraft:crafting_table":4,"minecraft:magenta_bed":1,"minecraft:blast_furnace":2,"minecraft:black_bed":2,"farmersdelight:apple_pie":1,"earthmobsmod:duck_egg":1,"quark:blossom_door":4,"minecraft:iron_pickaxe":68,"minecraft:bread":56,"minecraft:gravel":2,"minecraft:stone_axe":81,"minecraft:glass_pane":37,"quark:blossom_trapdoor":4},"minecraft:custom":{"lootr:looted_stat":55,"minecraft:mob_kills":62,"minecraft:animals_bred":1,"minecraft:interact_with_crafting_table":25,"minecraft:bell_ring":1,"minecraft:damage_dealt_resisted":31,"minecraft:leave_game":6,"minecraft:time_since_death":270130,"minecraft:climb_one_cm":13250,"minecraft:sprint_one_cm":556285,"minecraft:walk_one_cm":585223,"minecraft:drop":114,"minecraft:play_time":270130,"minecraft:sneak_time":14821,"minecraft:walk_under_water_one_cm":5304,"minecraft:jump":2526,"minecraft:interact_with_blast_furnace":6,"minecraft:walk_on_water_one_cm":4906,"minecraft:total_world_time":270130,"minecraft:interact_with_furnace":9,"minecraft:tune_noteblock":2,"minecraft:sleep_in_bed":12,"minecraft:time_since_rest":26753,"minecraft:damage_taken":10038,"minecraft:trigger_trapped_chest":2,"minecraft:damage_dealt":19076,"tombstone:cast_on_ally":2,"minecraft:swim_one_cm":7979,"minecraft:fly_one_cm":533482,"minecraft:crouch_one_cm":53488,"minecraft:open_chest":20,"tombstone:undead_killed":28,"minecraft:fall_one_cm":130956},"minecraft:picked_up":{"undead_revamp2:bostroxingot":1,"luminousworld:groundpebbles_1":1,"minecraft:crafting_table":1,"minecraft:iron_chestplate":1,"born_in_chaos_v1:seedof_chaos":2,"artifacts:bunny_hoppers":1,"minecraft:brown_mushroom":3,"minecraft:string":13,"minecraft:iron_axe":1,"minecraft:iron_shovel":1,"quark:blossom_door":2,"minecraft:cobbled_deepslate":3,"earthmobsmod:duck_egg":2,"iceandfire:dragonscales_red":20,"minecraft:mangrove_log":23,"iceandfire:ice_dragon_heart":1,"minecraft:stick":35,"minecraft:raw_iron":12,"minecraft:sandstone":8,"iceandfire:dragonbone":20,"minecraft:torch":4,"luminousworld:savannah_soil":9,"quark:blossom_log":26,"minecraft:cherry_log":83,"quark:blossom_planks_slab":12,"tombstone:grave_dust":10,"born_in_chaos_v1:pieceofdarkmetal":8,"minecraft:redstone":1,"quark:blossom_planks":64,"iceandfire:dragon_skull_ice":1,"luminousworld:grassflowers":1,"minecraft:arrow":7,"minecraft:rotten_flesh":27,"iceandfire:fire_dragon_heart":1,"minecraft:mangrove_roots":1,"supplementaries:ash":14,"minecraft:cobblestone":121,"minecraft:pink_petals":142,"minecraft:cooked_beef":11,"born_in_chaos_v1:monster_flesh":6,"minecraft:black_bed":2,"minecraft:red_mushroom":3,"minecraft:chainmail_chestplate":1,"iceandfire:ectoplasm":2,"minecraft:magenta_bed":1,"minecraft:gunpowder":2,"artifacts:pickaxe_heater":2,"iceandfire:dragonscales_blue":14,"minecraft:map":2,"minecraft:dirt":86,"minecraft:name_tag":1,"born_in_chaos_v1:monster_skin":3,"minecraft:bone":12,"minecraft:stone_bricks":1,"minecraft:gray_carpet":1,"minecraft:wheat_seeds":4,"minecraft:iron_ingot":2,"minecraft:mossy_stone_bricks":1,"minecraft:mangrove_planks":5,"iceandfire:fire_dragon_flesh":2,"minecraft:iron_sword":3,"minecraft:book":93,"born_in_chaos_v1:ethereal_spirit":4,"minecraft:gravel":3,"iceandfire:dragon_skull_fire":1,"minecraft:sand":54,"born_in_chaos_v1:dark_rod":1,"minecraft:spruce_sapling":2,"minecraft:blast_furnace":2,"quark:blossom_trapdoor":2,"minecraft:spider_eye":1,"minecraft:iron_hoe":1,"naturalist:antler":1,"minecraft:slime_ball":6,"minecraft:stone_axe":1,"evilcraft:broom":1,"alexsmobs:rattlesnake_rattle":1,"alexsmobs:tarantula_hawk_wing_fragment":1,"minecraft:cherry_sapling":52,"iceandfire:ice_dragon_flesh":3,"minecraft:bread":1,"minecraft:oak_sapling":1,"quark:vertical_blossom_planks":2,"minecraft:coal":10},"minecraft:killed":{"undead_revamp2:thewolf":1,"minecraft:cave_spider":5,"alexsmobs:tarantula_hawk":1,"enemyexpansion:direwolf":1,"alexsmobs:rattlesnake":1,"born_in_chaos_v1:scarlet_persecutor":4,"born_in_chaos_v1:maggot":7,"minecraft:skeleton":7,"iceandfire:fire_dragon":1,"undead_revamp2:thepregnant":1,"enemyexpansion:vampflyer":1,"artifacts:mimic":1,"born_in_chaos_v1:fallen_chaos_knight":1,"minecraft:husk":4,"born_in_chaos_v1:bonescaller":1,"born_in_chaos_v1:dread_hound_not_despawn":3,"undead_revamp2:thebeartamer":1,"minecraft:zombie":6,"iceandfire:ghost":4,"born_in_chaos_v1:dread_hound":2,"born_in_chaos_v1:dark_vortex":1,"enemyexpansion:huntsman":1,"enemyexpansion:botfly":5,"iceandfire:ice_dragon":1,"alexsmobs:komodo_dragon":1}},"DataVersion":3465}