{"stats":{"minecraft:killed_by":{"mutantmonsters:mutant_skeleton":1},"minecraft:dropped":{"minecraft:iron_sword":2,"minecraft:cherry_log":1,"minecraft:iron_chestplate":2,"minecraft:tnt_minecart":2,"sophisticatedbackpacks:netherite_backpack":2,"minecraft:iron_helmet":2,"minecraft:iron_leggings":2,"minecraft:iron_boots":2,"minecraft:iron_axe":2,"minecraft:iron_pickaxe":2,"minecraft:iron_shovel":2,"minecraft:red_mushroom":2},"minecraft:picked_up":{"minecraft:stick":28,"minecraft:raw_iron":50,"minecraft:red_mushroom":2,"earthmobsmod:harder_flesh":2,"minecraft:cherry_log":77,"vampirism:vampire_fang":1,"minecraft:spider_eye":2,"minecraft:string":12,"minecraft:arrow":1,"ancient_elements:aetherial_shard":1,"minecraft:tnt_minecart":2,"twilightforest:glass_sword":2,"minecraft:calcite":1,"minecraft:cherry_sapling":46,"minecraft:emerald":1,"minecraft:phantom_membrane":1,"minecraft:iron_sword":1,"minecraft:coal":55,"minecraft:cobblestone":43},"minecraft:custom":{"minecraft:time_since_rest":1,"lootr:looted_stat":5,"minecraft:sprint_one_cm":143491,"minecraft:damage_taken":3837,"minecraft:walk_one_cm":114496,"tombstone:sneak_grave":1,"minecraft:mob_kills":24,"minecraft:drop":23,"minecraft:damage_dealt":11881,"minecraft:fly_one_cm":1183990,"minecraft:crouch_one_cm":4915,"minecraft:play_time":123759,"tombstone:undead_killed":7,"minecraft:deaths":1,"minecraft:sneak_time":3737,"minecraft:jump":591,"minecraft:leave_game":3,"minecraft:time_since_death":98,"minecraft:walk_on_water_one_cm":141,"minecraft:climb_one_cm":22499,"minecraft:total_world_time":123759,"minecraft:fall_one_cm":14548},"minecraft:crafted":{"sophisticatedbackpacks:netherite_backpack":2},"minecraft:killed":{"minecraft:skeleton":2,"minecraft:zombie":1,"minecraft:cave_spider":9,"earthmobsmod:bouldering_zombie":1,"iceandfire:fire_dragon":2,"undead_revamp2:thehunter":1,"minecraft:zombie_villager":1,"ancient_elements:aetherial_glaze":2,"minecraft:spider":2,"iceandfire:lightning_dragon":1,"undead_revamp2:bomber":1},"minecraft:used":{"minecraft:iron_axe":86,"minecraft:iron_pickaxe":154,"twilightforest:glass_sword":30,"minecraft:iron_helmet":1,"minecraft:iron_sword":53,"minecraft:iron_boots":1,"minecraft:torch":1,"minecraft:iron_chestplate":1,"minecraft:cobblestone":8,"minecraft:golden_carrot":27,"tombstone:gift":1,"minecraft:iron_leggings":1},"minecraft:mined":{"minecraft:iron_ore":50,"minecraft:cherry_log":81,"minecraft:emerald_ore":1,"minecraft:coal_ore":55,"minecraft:cobblestone":7,"minecraft:red_mushroom_block":1,"minecraft:stone":41}},"DataVersion":3465}