{
  "iceandfire:iceandfire/root": {
    "criteria": {
      "tick": "2024-07-26 00:10:44 +0000"
    },
    "done": true
  },
  "takesapillage:root": {
    "criteria": {
      "always": "2024-07-26 00:10:44 +0000"
    },
    "done": true
  },
  "player_companions:grant_book_on_first_join": {
    "criteria": {
      "tick": "2024-07-26 00:10:44 +0000"
    },
    "done": true
  },
  "explorerscompass:explorers_compass_cracked_stone_bricks": {
    "criteria": {
      "has_recipe": "2024-07-26 00:10:44 +0000"
    },
    "done": true
  },
  "dungeons_arise:wda_root": {
    "criteria": {
      "WDA": "2024-07-26 00:10:44 +0000"
    },
    "done": true
  },
  "undead_revamp2:theundeadchallenges": {
    "criteria": {
      "theundeadchallenges": "2024-07-26 00:10:44 +0000"
    },
    "done": true
  },
  "friendsandfoes:misc/yellow_dye_from_buttercup": {
    "criteria": {
      "has_the_recipe": "2024-07-26 00:10:44 +0000"
    },
    "done": true
  },
  "farmersdelight:main/root": {
    "criteria": {
      "seeds": "2024-07-26 00:10:44 +0000"
    },
    "done": true
  },
  "naturescompass:natures_compass_log": {
    "criteria": {
      "has_recipe": "2024-07-26 00:10:44 +0000"
    },
    "done": true
  },
  "ironfurnaces:coal": {
    "criteria": {
      "rainbowcoal": "2024-07-26 00:10:44 +0000"
    },
    "done": true
  },
  "repurposed_structures:root": {
    "criteria": {
      "always": "2024-07-26 00:10:44 +0000"
    },
    "done": true
  },
  "naturescompass:natures_compass": {
    "criteria": {
      "has_recipe": "2024-07-26 00:10:44 +0000"
    },
    "done": true
  },
  "naturescompass:natures_compass_sapling": {
    "criteria": {
      "has_recipe": "2024-07-26 00:10:44 +0000"
    },
    "done": true
  },
  "mowziesmobs:root": {
    "criteria": {
      "custom_test_name": "2024-07-26 00:10:44 +0000"
    },
    "done": true
  },
  "betterdungeons:root": {
    "criteria": {
      "always": "2024-07-26 00:10:44 +0000"
    },
    "done": true
  },
  "lootr:root": {
    "criteria": {
      "always_true": "2024-07-26 00:10:44 +0000"
    },
    "done": true
  },
  "placeablesmod:placeables": {
    "criteria": {
      "placeables": "2024-07-26 00:10:44 +0000"
    },
    "done": true
  },
  "explorerscompass:explorers_compass_cobweb": {
    "criteria": {
      "has_recipe": "2024-07-26 00:10:44 +0000"
    },
    "done": true
  },
  "eeeabsmobs:eeeabsmobs/root": {
    "criteria": {
      "requirement": "2024-07-26 00:10:44 +0000"
    },
    "done": true
  },
  "betterdeserttemples:root": {
    "criteria": {
      "always": "2024-07-26 00:10:44 +0000"
    },
    "done": true
  },
  "cataclysm:root": {
    "criteria": {
      "custom_test_name": "2024-07-26 00:10:44 +0000"
    },
    "done": true
  },
  "incendium:technical/new_player": {
    "criteria": {
      "requirement": "2024-07-26 00:10:44 +0000"
    },
    "done": true
  },
  "explorerscompass:explorers_compass": {
    "criteria": {
      "has_recipe": "2024-07-26 00:10:44 +0000"
    },
    "done": true
  },
  "incendium:technical/scroll_of_returning": {
    "criteria": {
      "log_spam_fixer": "2024-07-26 00:10:45 +0000"
    },
    "done": false
  },
  "incendium:technical/using/ragnarok": {
    "criteria": {
      "log_spam_fixer": "2024-07-26 00:10:45 +0000"
    },
    "done": false
  },
  "incendium:technical/using/trailblazer": {
    "criteria": {
      "log_spam_fixer": "2024-07-26 00:10:45 +0000"
    },
    "done": false
  },
  "minecraft:adventure/adventuring_time": {
    "criteria": {
      "minecraft:snowy_slopes": "2024-07-26 01:01:09 +0000",
      "quark:glimmering_weald": "2024-07-26 00:22:59 +0000",
      "minecraft:cherry_grove": "2024-07-26 00:55:18 +0000",
      "minecraft:sunflower_plains": "2024-07-26 01:53:08 +0000",
      "minecraft:savanna_plateau": "2024-07-26 00:20:50 +0000",
      "minecraft:stony_peaks": "2024-07-26 00:22:29 +0000",
      "minecraft:sparse_jungle": "2024-07-26 00:16:54 +0000",
      "minecraft:river": "2024-07-26 02:33:38 +0000",
      "minecraft:dripstone_caves": "2024-07-26 00:22:41 +0000",
      "minecraft:forest": "2024-07-26 01:03:30 +0000",
      "minecraft:desert": "2024-07-26 00:10:45 +0000",
      "minecraft:flower_forest": "2024-07-27 02:48:16 +0000",
      "minecraft:frozen_peaks": "2024-07-27 22:16:04 +0000",
      "minecraft:deep_dark": "2024-07-26 00:22:55 +0000",
      "minecraft:meadow": "2024-07-26 01:02:07 +0000",
      "minecraft:savanna": "2024-07-26 00:19:06 +0000",
      "minecraft:plains": "2024-07-26 00:16:51 +0000"
    },
    "done": false
  },
  "incendium:technical/using/shield": {
    "criteria": {
      "log_spam_fixer": "2024-07-26 00:10:45 +0000"
    },
    "done": false
  },
  "tombstone:adventure/root": {
    "criteria": {
      "auto": "2024-07-26 00:10:45 +0000"
    },
    "done": true
  },
  "minecraft:husbandry/balanced_diet": {
    "criteria": {
      "cooked_beef": "2024-07-26 00:12:29 +0000",
      "rotten_flesh": "2024-07-28 00:12:02 +0000",
      "golden_carrot": "2024-07-27 02:18:51 +0000"
    },
    "done": false
  },
  "minecraft:husbandry/root": {
    "criteria": {
      "consumed_item": "2024-07-26 00:12:29 +0000"
    },
    "done": true
  },
  "portablemobs:basiccelladvancement": {
    "criteria": {
      "basiccell": "2024-07-26 00:13:08 +0000"
    },
    "done": true
  },
  "portablemobs:captureadvancement": {
    "criteria": {
      "capture": "2024-07-26 00:13:59 +0000"
    },
    "done": true
  },
  "minecraft:story/mine_diamond": {
    "criteria": {
      "diamond": "2024-07-26 00:15:29 +0000"
    },
    "done": true
  },
  "artifacts:amateur_archaeologist": {
    "criteria": {
      "find_artifact": "2024-07-26 00:16:23 +0000"
    },
    "done": true
  },
  "alexsmobs:alexsmobs/rattlesnake": {
    "criteria": {
      "interact": "2024-07-26 00:18:08 +0000"
    },
    "done": true
  },
  "botania:challenge/root": {
    "criteria": {
      "flower": "2024-07-26 00:18:52 +0000"
    },
    "done": true
  },
  "botania:main/root": {
    "criteria": {
      "flower": "2024-07-26 00:18:52 +0000"
    },
    "done": true
  },
  "botania:main/flower_pickup_lexicon": {
    "criteria": {
      "flower": "2024-07-26 00:18:52 +0000"
    },
    "done": true
  },
  "botania:main/flower_pickup": {
    "criteria": {
      "flower": "2024-07-26 00:18:52 +0000"
    },
    "done": true
  },
  "alexsmobs:alexsmobs/emu": {
    "criteria": {
      "interact": "2024-07-26 00:21:13 +0000"
    },
    "done": true
  },
  "deeperdarker:main/root": {
    "criteria": {
      "deep_dark": "2024-07-26 00:22:55 +0000"
    },
    "done": true
  },
  "lootr:social": {
    "criteria": {
      "opened_barrel": "2024-07-26 00:25:17 +0000",
      "opened_chest": "2024-07-26 00:26:18 +0000",
      "opened_cart": "2024-07-26 00:23:12 +0000"
    },
    "done": false
  },
  "lootr:1cart": {
    "criteria": {
      "opened_cart": "2024-07-26 00:23:12 +0000"
    },
    "done": true
  },
  "tombstone:adventure/create_magic_scroll": {
    "criteria": {
      "has_magic_scroll": "2024-07-26 00:23:14 +0000"
    },
    "done": true
  },
  "minecraft:story/smelt_iron": {
    "criteria": {
      "iron": "2024-07-26 00:23:20 +0000"
    },
    "done": true
  },
  "lootr:1barrel": {
    "criteria": {
      "opened_barrel": "2024-07-26 00:25:17 +0000"
    },
    "done": true
  },
  "lootr:1chest": {
    "criteria": {
      "opened_chest": "2024-07-26 00:26:18 +0000"
    },
    "done": true
  },
  "evilcraft:evil_source": {
    "criteria": {
      "criteria_0": "2024-07-26 00:26:22 +0000"
    },
    "done": true
  },
  "minecraft:story/iron_tools": {
    "criteria": {
      "iron_pickaxe": "2024-07-26 00:26:27 +0000"
    },
    "done": true
  },
  "mutantmonsters:root": {
    "criteria": {
      "killed_something": "2024-07-26 00:27:46 +0000"
    },
    "done": true
  },
  "minecraft:adventure/root": {
    "criteria": {
      "killed_something": "2024-07-26 00:27:46 +0000"
    },
    "done": true
  },
  "minecraft:adventure/kill_all_mobs": {
    "criteria": {
      "minecraft:skeleton": "2024-07-26 02:31:30 +0000",
      "minecraft:spider": "2024-07-27 02:54:32 +0000",
      "minecraft:creeper": "2024-07-26 00:30:23 +0000",
      "minecraft:wither_skeleton": "2024-07-27 20:15:26 +0000",
      "minecraft:husk": "2024-07-27 20:09:43 +0000",
      "minecraft:cave_spider": "2024-07-27 02:33:29 +0000",
      "minecraft:zombie": "2024-07-26 00:27:46 +0000"
    },
    "done": false
  },
  "minecraft:adventure/kill_a_mob": {
    "criteria": {
      "minecraft:zombie": "2024-07-26 00:27:46 +0000"
    },
    "done": true
  },
  "minecraft:story/mine_stone": {
    "criteria": {
      "get_stone": "2024-07-26 00:28:54 +0000"
    },
    "done": true
  },
  "tombstone:adventure/find_grave_dust": {
    "criteria": {
      "from_undead": "2024-07-26 00:31:56 +0000"
    },
    "done": true
  },
  "tombstone:adventure/first_knowledge": {
    "criteria": {
      "coded_trigger": "2024-07-26 00:31:57 +0000"
    },
    "done": true
  },
  "tombstone:adventure/ashes_and_bones": {
    "criteria": {
      "coded_trigger": "2024-07-26 00:31:57 +0000"
    },
    "done": true
  },
  "tombstone:recipes/from_grave_dust": {
    "criteria": {
      "has_ingredient": "2024-07-26 00:32:48 +0000"
    },
    "done": true
  },
  "farmersdelight:main/get_fd_seed": {
    "criteria": {
      "tomato_seeds": "2024-07-26 00:33:00 +0000"
    },
    "done": true
  },
  "lootr:10loot": {
    "criteria": {
      "loot_stat": "2024-07-26 00:33:05 +0000"
    },
    "done": true
  },
  "player_companions:crafting/tame_items": {
    "criteria": {
      "has_lead": "2024-07-26 00:33:18 +0000"
    },
    "done": true
  },
  "minecraft:story/obtain_armor": {
    "criteria": {
      "iron_boots": "2024-07-26 00:36:22 +0000"
    },
    "done": true
  },
  "evilcraft:root": {
    "criteria": {
      "criteria_0": "2024-07-26 00:39:00 +0000"
    },
    "done": true
  },
  "alexscaves:alexscaves/root": {
    "criteria": {
      "underground_cabin": "2024-07-26 00:39:59 +0000"
    },
    "done": true
  },
  "alexscaves:alexscaves/cave_tablet": {
    "criteria": {
      "cave_tablet": "2024-07-26 00:40:07 +0000"
    },
    "done": true
  },
  "dungeons_arise:find_bathhouse": {
    "criteria": {
      "location0": "2024-07-26 00:50:24 +0000"
    },
    "done": true
  },
  "minecraft:story/form_obsidian": {
    "criteria": {
      "obsidian": "2024-07-26 00:51:56 +0000"
    },
    "done": true
  },
  "tombstone:adventure/first_grave": {
    "criteria": {
      "coded_trigger": "2024-07-26 00:58:10 +0000"
    },
    "done": true
  },
  "tombstone:recipes/from_grave_key": {
    "criteria": {
      "has_ingredient": "2024-07-26 00:58:13 +0000"
    },
    "done": true
  },
  "tombstone:adventure/cancel_ghostly_shape": {
    "criteria": {
      "coded_trigger": "2024-07-26 00:58:35 +0000"
    },
    "done": true
  },
  "player_companions:crafting/craft_lead": {
    "criteria": {
      "crafting_table": "2024-07-26 01:09:40 +0000"
    },
    "done": true
  },
  "player_companions:crafting/root": {
    "criteria": {
      "crafting_table": "2024-07-26 01:09:40 +0000"
    },
    "done": true
  },
  "minecraft:story/root": {
    "criteria": {
      "crafting_table": "2024-07-26 01:09:40 +0000"
    },
    "done": true
  },
  "minecraft:adventure/sleep_in_bed": {
    "criteria": {
      "slept_in_bed": "2024-07-26 01:16:03 +0000"
    },
    "done": true
  },
  "minecraft:husbandry/tame_an_animal": {
    "criteria": {
      "tamed_animal": "2024-07-26 01:55:59 +0000"
    },
    "done": true
  },
  "repurposed_structures:mineshafts": {
    "criteria": {
      "in_mineshaft_stone": "2024-07-27 02:14:03 +0000"
    },
    "done": false
  },
  "undead_revamp2:sugarcoat": {
    "criteria": {
      "sugarcoat": "2024-07-27 02:21:25 +0000"
    },
    "done": true
  },
  "iceandfire:iceandfire/kill_ghost": {
    "criteria": {
      "killed_fire_dragon": "2024-07-27 02:27:50 +0000"
    },
    "done": true
  },
  "lootr:25loot": {
    "criteria": {
      "loot_stat": "2024-07-27 02:40:12 +0000"
    },
    "done": true
  },
  "dungeons_arise:find_merchant_campsite": {
    "criteria": {
      "location0": "2024-07-27 02:42:29 +0000"
    },
    "done": true
  },
  "evilcraft:first_age": {
    "criteria": {
      "criteria_0": "2024-07-27 02:58:00 +0000"
    },
    "done": true
  },
  "endrem:main/root": {
    "criteria": {
      "lost_eye": "2024-07-27 03:01:59 +0000"
    },
    "done": true
  },
  "endrem:main/lost_eye": {
    "criteria": {
      "lost_eye": "2024-07-27 03:01:59 +0000"
    },
    "done": true
  },
  "minecraft:story/shiny_gear": {
    "criteria": {
      "diamond_boots": "2024-07-27 19:51:31 +0000"
    },
    "done": true
  },
  "iceandfire:iceandfire/bestiary": {
    "criteria": {
      "bestiary": "2024-07-27 20:01:42 +0000"
    },
    "done": true
  },
  "lootr:50loot": {
    "criteria": {
      "loot_stat": "2024-07-27 20:01:59 +0000"
    },
    "done": true
  },
  "dungeons_arise:find_shiraz_palace": {
    "criteria": {
      "location0": "2024-07-27 20:07:01 +0000"
    },
    "done": true
  },
  "betterdeserttemples:temple_entry": {
    "criteria": {
      "in_better_desert_temple": "2024-07-27 20:07:10 +0000"
    },
    "done": true
  },
  "supplementaries:adventure/way_sign": {
    "criteria": {
      "bastion": "2024-07-27 20:11:22 +0000"
    },
    "done": true
  },
  "tombstone:adventure/create_familiar_receptacle": {
    "criteria": {
      "has_familiar_receptacle": "2024-07-27 20:22:47 +0000"
    },
    "done": true
  },
  "tombstone:adventure/create_magic_tablet": {
    "criteria": {
      "has_magic_tablet": "2024-07-27 20:23:23 +0000"
    },
    "done": true
  },
  "tombstone:adventure/use_knowledge": {
    "criteria": {
      "coded_trigger": "2024-07-27 21:24:40 +0000"
    },
    "done": true
  },
  "tombstone:recipes/from_dark_marble": {
    "criteria": {
      "has_ingredient": "2024-07-27 21:58:59 +0000"
    },
    "done": true
  },
  "tombstone:adventure/create_grave_marble": {
    "criteria": {
      "has_grave_marble": "2024-07-27 21:58:59 +0000"
    },
    "done": true
  },
  "tombstone:adventure/create_decorative_grave": {
    "criteria": {
      "has_decorative_grave": "2024-07-27 22:00:39 +0000"
    },
    "done": true
  },
  "tombstone:recipes/from_decorative_grave": {
    "criteria": {
      "has_ingredient": "2024-07-27 22:00:39 +0000"
    },
    "done": true
  },
  "minecraft:nether/explore_nether": {
    "criteria": {
      "minecraft:soul_sand_valley": "2024-07-27 22:05:31 +0000"
    },
    "done": false
  },
  "incendium:root": {
    "criteria": {
      "requirement": "2024-07-27 22:05:31 +0000"
    },
    "done": true
  },
  "minecraft:nether/root": {
    "criteria": {
      "entered_nether": "2024-07-27 22:05:31 +0000"
    },
    "done": true
  },
  "minecraft:story/enter_the_nether": {
    "criteria": {
      "entered_nether": "2024-07-27 22:05:31 +0000"
    },
    "done": true
  },
  "alexsmobs:alexsmobs/crimson_mosquito": {
    "criteria": {
      "killed_by": "2024-07-27 22:05:50 +0000"
    },
    "done": true
  },
  "undead_revamp2:nightnight": {
    "criteria": {
      "nightnight": "2024-07-27 22:21:14 +0000"
    },
    "done": true
  },
  "minecraft:story/enchant_item": {
    "criteria": {
      "enchanted_item": "2024-07-27 22:39:56 +0000"
    },
    "done": true
  },
  "minecraft:husbandry/bred_all_animals": {
    "criteria": {
      "minecraft:bee": "2024-07-27 22:48:55 +0000",
      "quark:shiba": "2024-07-27 23:01:23 +0000"
    },
    "done": false
  },
  "minecraft:husbandry/breed_an_animal": {
    "criteria": {
      "bred": "2024-07-27 22:48:55 +0000"
    },
    "done": true
  },
  "tombstone:adventure/create_strange_tablet": {
    "criteria": {
      "has_strange_tablet": "2024-07-27 22:56:47 +0000"
    },
    "done": true
  },
  "tombstone:adventure/combine_in_inventory": {
    "criteria": {
      "coded_trigger": "2024-07-27 22:57:24 +0000"
    },
    "done": true
  },
  "tombstone:adventure/bone_crusher": {
    "criteria": {
      "coded_trigger": "2024-07-27 23:34:35 +0000"
    },
    "done": true
  },
  "evilcraft:second_age": {
    "criteria": {
      "criteria_0": "2024-07-27 23:30:47 +0000"
    },
    "done": true
  },
  "tombstone:adventure/choose_knowledge": {
    "criteria": {
      "coded_trigger": "2024-07-27 23:45:13 +0000"
    },
    "done": true
  },
  "quark:overlevel_enchant": {
    "criteria": {
      "overlevel_enchant": "2024-07-28 00:11:09 +0000"
    },
    "done": true
  },
  "DataVersion": 3465
}