{
  "comforts:sleeping_bag_light_blue": {
    "criteria": {
      "has_the_recipe": "2024-07-31 04:12:36 +0000"
    },
    "done": true
  },
  "iceandfire:iceandfire/root": {
    "criteria": {
      "tick": "2024-07-31 04:12:36 +0000"
    },
    "done": true
  },
  "comforts:hammock_purple": {
    "criteria": {
      "has_the_recipe": "2024-07-31 04:12:36 +0000"
    },
    "done": true
  },
  "comforts:sleeping_bag_pink": {
    "criteria": {
      "has_the_recipe": "2024-07-31 04:12:36 +0000"
    },
    "done": true
  },
  "comforts:hammock_magenta": {
    "criteria": {
      "has_the_recipe": "2024-07-31 04:12:36 +0000"
    },
    "done": true
  },
  "takesapillage:root": {
    "criteria": {
      "always": "2024-07-31 04:12:36 +0000"
    },
    "done": true
  },
  "comforts:hammock_red": {
    "criteria": {
      "has_the_recipe": "2024-07-31 04:12:36 +0000"
    },
    "done": true
  },
  "ancient_elements:ancient_elements": {
    "criteria": {
      "ancient_elements": "2024-07-31 04:12:36 +0000"
    },
    "done": true
  },
  "comforts:sleeping_bag_white": {
    "criteria": {
      "has_the_recipe": "2024-07-31 04:12:36 +0000"
    },
    "done": true
  },
  "comforts:sleeping_bag_gray": {
    "criteria": {
      "has_the_recipe": "2024-07-31 04:12:36 +0000"
    },
    "done": true
  },
  "player_companions:grant_book_on_first_join": {
    "criteria": {
      "tick": "2024-07-31 04:12:36 +0000"
    },
    "done": true
  },
  "comforts:rope_and_nail": {
    "criteria": {
      "has_the_recipe": "2024-07-31 04:12:36 +0000"
    },
    "done": true
  },
  "explorerscompass:explorers_compass_cracked_stone_bricks": {
    "criteria": {
      "has_recipe": "2024-07-31 04:12:36 +0000"
    },
    "done": true
  },
  "comforts:sleeping_bag_cyan": {
    "criteria": {
      "has_the_recipe": "2024-07-31 04:12:36 +0000"
    },
    "done": true
  },
  "dungeons_arise:wda_root": {
    "criteria": {
      "WDA": "2024-07-31 04:12:36 +0000"
    },
    "done": true
  },
  "comforts:sleeping_bag_light_gray": {
    "criteria": {
      "has_the_recipe": "2024-07-31 04:12:36 +0000"
    },
    "done": true
  },
  "comforts:hammock_black": {
    "criteria": {
      "has_the_recipe": "2024-07-31 04:12:36 +0000"
    },
    "done": true
  },
  "undead_revamp2:theundeadchallenges": {
    "criteria": {
      "theundeadchallenges": "2024-07-31 04:12:36 +0000"
    },
    "done": true
  },
  "friendsandfoes:misc/yellow_dye_from_buttercup": {
    "criteria": {
      "has_the_recipe": "2024-07-31 04:12:36 +0000"
    },
    "done": true
  },
  "farmersdelight:main/root": {
    "criteria": {
      "seeds": "2024-07-31 04:12:36 +0000"
    },
    "done": true
  },
  "naturescompass:natures_compass_log": {
    "criteria": {
      "has_recipe": "2024-07-31 04:12:36 +0000"
    },
    "done": true
  },
  "comforts:hammock_gray": {
    "criteria": {
      "has_the_recipe": "2024-07-31 04:12:36 +0000"
    },
    "done": true
  },
  "comforts:hammock_cyan": {
    "criteria": {
      "has_the_recipe": "2024-07-31 04:12:36 +0000"
    },
    "done": true
  },
  "comforts:sleeping_bag_purple": {
    "criteria": {
      "has_the_recipe": "2024-07-31 04:12:36 +0000"
    },
    "done": true
  },
  "comforts:sleeping_bag_green": {
    "criteria": {
      "has_the_recipe": "2024-07-31 04:12:36 +0000"
    },
    "done": true
  },
  "comforts:hammock_light_blue": {
    "criteria": {
      "has_the_recipe": "2024-07-31 04:12:36 +0000"
    },
    "done": true
  },
  "ironfurnaces:coal": {
    "criteria": {
      "rainbowcoal": "2024-07-31 04:12:36 +0000"
    },
    "done": true
  },
  "comforts:sleeping_bag_magenta": {
    "criteria": {
      "has_the_recipe": "2024-07-31 04:12:36 +0000"
    },
    "done": true
  },
  "comforts:hammock_green": {
    "criteria": {
      "has_the_recipe": "2024-07-31 04:12:36 +0000"
    },
    "done": true
  },
  "repurposed_structures:root": {
    "criteria": {
      "always": "2024-07-31 04:12:36 +0000"
    },
    "done": true
  },
  "naturescompass:natures_compass": {
    "criteria": {
      "has_recipe": "2024-07-31 04:12:36 +0000"
    },
    "done": true
  },
  "comforts:sleeping_bag_black": {
    "criteria": {
      "has_the_recipe": "2024-07-31 04:12:36 +0000"
    },
    "done": true
  },
  "comforts:hammock_lime": {
    "criteria": {
      "has_the_recipe": "2024-07-31 04:12:36 +0000"
    },
    "done": true
  },
  "naturescompass:natures_compass_sapling": {
    "criteria": {
      "has_recipe": "2024-07-31 04:12:36 +0000"
    },
    "done": true
  },
  "comforts:sleeping_bag_red": {
    "criteria": {
      "has_the_recipe": "2024-07-31 04:12:36 +0000"
    },
    "done": true
  },
  "comforts:sleeping_bag_orange": {
    "criteria": {
      "has_the_recipe": "2024-07-31 04:12:36 +0000"
    },
    "done": true
  },
  "comforts:hammock_blue": {
    "criteria": {
      "has_the_recipe": "2024-07-31 04:12:36 +0000"
    },
    "done": true
  },
  "comforts:hammock_white": {
    "criteria": {
      "has_the_recipe": "2024-07-31 04:12:36 +0000"
    },
    "done": true
  },
  "mowziesmobs:root": {
    "criteria": {
      "custom_test_name": "2024-07-31 04:12:36 +0000"
    },
    "done": true
  },
  "comforts:hammock_light_gray": {
    "criteria": {
      "has_the_recipe": "2024-07-31 04:12:36 +0000"
    },
    "done": true
  },
  "comforts:sleeping_bag_brown": {
    "criteria": {
      "has_the_recipe": "2024-07-31 04:12:36 +0000"
    },
    "done": true
  },
  "betterdungeons:root": {
    "criteria": {
      "always": "2024-07-31 04:12:36 +0000"
    },
    "done": true
  },
  "lootr:root": {
    "criteria": {
      "always_true": "2024-07-31 04:12:36 +0000"
    },
    "done": true
  },
  "placeablesmod:placeables": {
    "criteria": {
      "placeables": "2024-07-31 04:12:36 +0000"
    },
    "done": true
  },
  "comforts:hammock_pink": {
    "criteria": {
      "has_the_recipe": "2024-07-31 04:12:36 +0000"
    },
    "done": true
  },
  "comforts:hammock_brown": {
    "criteria": {
      "has_the_recipe": "2024-07-31 04:12:36 +0000"
    },
    "done": true
  },
  "comforts:sleeping_bag_lime": {
    "criteria": {
      "has_the_recipe": "2024-07-31 04:12:36 +0000"
    },
    "done": true
  },
  "comforts:hammock_yellow": {
    "criteria": {
      "has_the_recipe": "2024-07-31 04:12:36 +0000"
    },
    "done": true
  },
  "explorerscompass:explorers_compass_cobweb": {
    "criteria": {
      "has_recipe": "2024-07-31 04:12:36 +0000"
    },
    "done": true
  },
  "eeeabsmobs:eeeabsmobs/root": {
    "criteria": {
      "requirement": "2024-07-31 04:12:36 +0000"
    },
    "done": true
  },
  "comforts:sleeping_bag_blue": {
    "criteria": {
      "has_the_recipe": "2024-07-31 04:12:36 +0000"
    },
    "done": true
  },
  "betterdeserttemples:root": {
    "criteria": {
      "always": "2024-07-31 04:12:36 +0000"
    },
    "done": true
  },
  "cataclysm:root": {
    "criteria": {
      "custom_test_name": "2024-07-31 04:12:36 +0000"
    },
    "done": true
  },
  "comforts:sleeping_bag_yellow": {
    "criteria": {
      "has_the_recipe": "2024-07-31 04:12:36 +0000"
    },
    "done": true
  },
  "incendium:technical/new_player": {
    "criteria": {
      "requirement": "2024-07-31 04:12:36 +0000"
    },
    "done": true
  },
  "explorerscompass:explorers_compass": {
    "criteria": {
      "has_recipe": "2024-07-31 04:12:36 +0000"
    },
    "done": true
  },
  "comforts:hammock_orange": {
    "criteria": {
      "has_the_recipe": "2024-07-31 04:12:36 +0000"
    },
    "done": true
  },
  "incendium:technical/scroll_of_returning": {
    "criteria": {
      "log_spam_fixer": "2024-07-31 04:12:38 +0000"
    },
    "done": false
  },
  "incendium:technical/using/ragnarok": {
    "criteria": {
      "log_spam_fixer": "2024-07-31 04:12:38 +0000"
    },
    "done": false
  },
  "incendium:technical/using/trailblazer": {
    "criteria": {
      "log_spam_fixer": "2024-07-31 04:12:38 +0000"
    },
    "done": false
  },
  "minecraft:adventure/adventuring_time": {
    "criteria": {
      "minecraft:snowy_slopes": "2024-07-31 04:16:34 +0000",
      "minecraft:taiga": "2024-07-31 04:21:51 +0000",
      "minecraft:frozen_river": "2024-07-31 06:28:36 +0000",
      "minecraft:cherry_grove": "2024-07-31 04:15:28 +0000",
      "minecraft:windswept_hills": "2024-07-31 05:32:17 +0000",
      "minecraft:beach": "2024-07-31 04:26:42 +0000",
      "minecraft:snowy_plains": "2024-07-31 06:25:52 +0000",
      "minecraft:stony_shore": "2024-07-31 06:48:07 +0000",
      "minecraft:snowy_taiga": "2024-07-31 04:12:38 +0000",
      "minecraft:swamp": "2024-07-31 05:26:45 +0000",
      "minecraft:cold_ocean": "2024-07-31 04:26:07 +0000",
      "minecraft:forest": "2024-07-31 04:21:16 +0000",
      "minecraft:ice_spikes": "2024-07-31 06:31:25 +0000",
      "minecraft:frozen_ocean": "2024-07-31 04:23:16 +0000",
      "minecraft:snowy_beach": "2024-07-31 06:32:55 +0000",
      "minecraft:frozen_peaks": "2024-07-31 04:16:36 +0000",
      "minecraft:meadow": "2024-07-31 04:18:33 +0000",
      "minecraft:windswept_gravelly_hills": "2024-07-31 05:32:19 +0000",
      "minecraft:plains": "2024-07-31 04:19:21 +0000"
    },
    "done": false
  },
  "incendium:technical/using/shield": {
    "criteria": {
      "log_spam_fixer": "2024-07-31 04:12:38 +0000"
    },
    "done": false
  },
  "tombstone:adventure/root": {
    "criteria": {
      "auto": "2024-07-31 04:12:38 +0000"
    },
    "done": true
  },
  "repurposed_structures:pyramids": {
    "criteria": {
      "in_pyramid_snowy": "2024-07-31 04:23:06 +0000"
    },
    "done": false
  },
  "minecraft:story/iron_tools": {
    "criteria": {
      "iron_pickaxe": "2024-07-31 04:28:11 +0000"
    },
    "done": true
  },
  "minecraft:story/obtain_armor": {
    "criteria": {
      "iron_helmet": "2024-07-31 04:28:18 +0000"
    },
    "done": true
  },
  "repurposed_structures:igloos": {
    "criteria": {
      "in_igloo_grassy": "2024-07-31 05:18:56 +0000"
    },
    "done": false
  },
  "lootr:1chest": {
    "criteria": {
      "opened_chest": "2024-07-31 05:20:54 +0000"
    },
    "done": true
  },
  "lootr:social": {
    "criteria": {
      "opened_barrel": "2024-07-31 06:06:41 +0000",
      "opened_chest": "2024-07-31 05:20:54 +0000"
    },
    "done": false
  },
  "minecraft:nether/brew_potion": {
    "criteria": {
      "potion": "2024-07-31 05:21:01 +0000"
    },
    "done": true
  },
  "mutantmonsters:root": {
    "criteria": {
      "killed_something": "2024-07-31 05:22:54 +0000"
    },
    "done": true
  },
  "minecraft:adventure/root": {
    "criteria": {
      "killed_something": "2024-07-31 05:22:54 +0000"
    },
    "done": true
  },
  "vampirism:main/root": {
    "criteria": {
      "main": "2024-07-31 05:22:55 +0000"
    },
    "done": true
  },
  "minecraft:husbandry/balanced_diet": {
    "criteria": {
      "tropical_fish": "2024-07-31 06:11:04 +0000",
      "pumpkin_pie": "2024-07-31 06:22:25 +0000",
      "golden_carrot": "2024-07-31 05:23:24 +0000",
      "carrot": "2024-07-31 06:46:34 +0000"
    },
    "done": false
  },
  "minecraft:husbandry/root": {
    "criteria": {
      "consumed_item": "2024-07-31 05:23:24 +0000"
    },
    "done": true
  },
  "iceandfire:iceandfire/kill_stymphalian_bird": {
    "criteria": {
      "killed_fire_dragon": "2024-07-31 05:27:15 +0000"
    },
    "done": true
  },
  "minecraft:story/smelt_iron": {
    "criteria": {
      "iron": "2024-07-31 05:27:16 +0000"
    },
    "done": true
  },
  "ae2:main/root": {
    "criteria": {
      "copper": "2024-07-31 05:27:16 +0000"
    },
    "done": true
  },
  "tombstone:adventure/create_voodoo_poppet": {
    "criteria": {
      "has_voodoo_poppet": "2024-07-31 05:29:04 +0000"
    },
    "done": true
  },
  "tombstone:adventure/first_knowledge": {
    "criteria": {
      "coded_trigger": "2024-07-31 05:29:04 +0000"
    },
    "done": true
  },
  "tombstone:adventure/enchant_voodoo_poppet": {
    "criteria": {
      "has_enchanted_voodoo_poppet": "2024-07-31 05:29:04 +0000"
    },
    "done": true
  },
  "minecraft:adventure/kill_all_mobs": {
    "criteria": {
      "minecraft:pillager": "2024-07-31 06:36:08 +0000",
      "minecraft:skeleton": "2024-07-31 05:46:35 +0000",
      "minecraft:hoglin": "2024-07-31 05:44:23 +0000",
      "minecraft:vindicator": "2024-07-31 06:35:41 +0000",
      "minecraft:spider": "2024-07-31 05:29:48 +0000",
      "minecraft:creeper": "2024-07-31 06:02:28 +0000",
      "minecraft:witch": "2024-07-31 06:21:04 +0000",
      "minecraft:wither_skeleton": "2024-07-31 05:43:32 +0000",
      "minecraft:zombie": "2024-07-31 06:00:08 +0000",
      "minecraft:drowned": "2024-07-31 06:34:37 +0000",
      "minecraft:zombie_villager": "2024-07-31 06:02:50 +0000"
    },
    "done": false
  },
  "minecraft:adventure/kill_a_mob": {
    "criteria": {
      "minecraft:spider": "2024-07-31 05:29:48 +0000"
    },
    "done": true
  },
  "tombstone:adventure/create_magic_scroll": {
    "criteria": {
      "has_magic_scroll": "2024-07-31 05:30:14 +0000"
    },
    "done": true
  },
  "minecraft:husbandry/tame_an_animal": {
    "criteria": {
      "tamed_animal": "2024-07-31 05:31:38 +0000"
    },
    "done": true
  },
  "portablemobs:captureadvancement": {
    "criteria": {
      "capture": "2024-07-31 06:47:09 +0000"
    },
    "done": true
  },
  "supplementaries:adventure/way_sign": {
    "criteria": {
      "bastion": "2024-07-31 06:26:01 +0000"
    },
    "done": true
  },
  "dungeons_arise:find_illager_corsair_or_illager_galley": {
    "criteria": {
      "location0": "2024-07-31 06:35:10 +0000"
    },
    "done": true
  },
  "endrem:main/rogue_eye": {
    "criteria": {
      "rogue_eye": "2024-07-31 06:48:23 +0000"
    },
    "done": true
  },
  "iceandfire:iceandfire/kill_sea_serpent": {
    "criteria": {
      "killed_fire_dragon": "2024-07-31 06:39:10 +0000"
    },
    "done": true
  },
  "ancient_elements:can_someone_ventilate": {
    "criteria": {
      "can_someone_ventilate": "2024-07-31 06:01:21 +0000"
    },
    "done": true
  },
  "tombstone:adventure/ambush": {
    "criteria": {
      "coded_trigger": "2024-07-31 06:21:04 +0000"
    },
    "done": true
  },
  "ancient_elements:abyssal_conqueror": {
    "criteria": {
      "abyssal_conqueror": "2024-07-31 06:44:19 +0000"
    },
    "done": true
  },
  "dungeons_arise:find_heavenly_conqueror": {
    "criteria": {
      "location0": "2024-07-31 05:41:53 +0000"
    },
    "done": true
  },
  "tombstone:adventure/find_grave_dust": {
    "criteria": {
      "from_undead": "2024-07-31 05:46:35 +0000"
    },
    "done": true
  },
  "tombstone:adventure/prevent_death_darkness": {
    "criteria": {
      "coded_trigger": "2024-07-31 05:57:59 +0000"
    },
    "done": true
  },
  "minecraft:nether/get_wither_skull": {
    "criteria": {
      "wither_skull": "2024-07-31 06:09:45 +0000"
    },
    "done": true
  },
  "minecraft:story/mine_stone": {
    "criteria": {
      "get_stone": "2024-07-31 06:31:53 +0000"
    },
    "done": true
  },
  "lootr:10loot": {
    "criteria": {
      "loot_stat": "2024-07-31 06:06:46 +0000"
    },
    "done": true
  },
  "dungeons_arise:find_keep_kayra": {
    "criteria": {
      "location0": "2024-07-31 06:22:56 +0000"
    },
    "done": true
  },
  "lootr:25loot": {
    "criteria": {
      "loot_stat": "2024-07-31 06:27:07 +0000"
    },
    "done": true
  },
  "lootr:1barrel": {
    "criteria": {
      "opened_barrel": "2024-07-31 06:06:41 +0000"
    },
    "done": true
  },
  "minecraft:story/form_obsidian": {
    "criteria": {
      "obsidian": "2024-07-31 06:27:08 +0000"
    },
    "done": true
  },
  "player_companions:crafting/craft_lead": {
    "criteria": {
      "crafting_table": "2024-07-31 05:46:55 +0000"
    },
    "done": true
  },
  "tombstone:adventure/choose_knowledge": {
    "criteria": {
      "coded_trigger": "2024-07-31 06:17:47 +0000"
    },
    "done": true
  },
  "endrem:main/root": {
    "criteria": {
      "rogue_eye": "2024-07-31 06:48:23 +0000"
    },
    "done": true
  },
  "minecraft:story/shiny_gear": {
    "criteria": {
      "diamond_helmet": "2024-07-31 06:03:21 +0000"
    },
    "done": true
  },
  "iceandfire:iceandfire/kill_siren": {
    "criteria": {
      "killed_fire_dragon": "2024-07-31 06:41:01 +0000"
    },
    "done": true
  },
  "minecraft:adventure/sleep_in_bed": {
    "criteria": {
      "slept_in_bed": "2024-07-31 06:29:26 +0000"
    },
    "done": true
  },
  "tombstone:recipes/from_grave_dust": {
    "criteria": {
      "has_ingredient": "2024-07-31 05:46:36 +0000"
    },
    "done": true
  },
  "player_companions:crafting/root": {
    "criteria": {
      "crafting_table": "2024-07-31 05:46:55 +0000"
    },
    "done": true
  },
  "ancient_elements:cosmic_discoverer": {
    "criteria": {
      "cosmic_discoverer": "2024-07-31 06:40:28 +0000"
    },
    "done": true
  },
  "minecraft:story/mine_diamond": {
    "criteria": {
      "diamond": "2024-07-31 06:03:21 +0000"
    },
    "done": true
  },
  "tombstone:adventure/ashes_and_bones": {
    "criteria": {
      "coded_trigger": "2024-07-31 05:49:32 +0000"
    },
    "done": true
  },
  "portablemobs:basiccelladvancement": {
    "criteria": {
      "basiccell": "2024-07-31 06:47:07 +0000"
    },
    "done": true
  },
  "minecraft:story/root": {
    "criteria": {
      "crafting_table": "2024-07-31 05:46:55 +0000"
    },
    "done": true
  },
  "mowziesmobs:kill_frostmaw": {
    "criteria": {
      "frostmaw": "2024-07-31 06:26:42 +0000"
    },
    "done": true
  },
  "DataVersion": 3465
}