{
  "comforts:sleeping_bag_light_blue": {
    "criteria": {
      "has_the_recipe": "2024-07-31 07:37:58 +0000"
    },
    "done": true
  },
  "iceandfire:iceandfire/root": {
    "criteria": {
      "tick": "2024-07-31 07:37:58 +0000"
    },
    "done": true
  },
  "comforts:hammock_purple": {
    "criteria": {
      "has_the_recipe": "2024-07-31 07:37:58 +0000"
    },
    "done": true
  },
  "comforts:sleeping_bag_pink": {
    "criteria": {
      "has_the_recipe": "2024-07-31 07:37:58 +0000"
    },
    "done": true
  },
  "comforts:hammock_magenta": {
    "criteria": {
      "has_the_recipe": "2024-07-31 07:37:58 +0000"
    },
    "done": true
  },
  "takesapillage:root": {
    "criteria": {
      "always": "2024-07-31 07:37:58 +0000"
    },
    "done": true
  },
  "comforts:hammock_red": {
    "criteria": {
      "has_the_recipe": "2024-07-31 07:37:58 +0000"
    },
    "done": true
  },
  "ancient_elements:ancient_elements": {
    "criteria": {
      "ancient_elements": "2024-07-31 07:37:58 +0000"
    },
    "done": true
  },
  "comforts:sleeping_bag_white": {
    "criteria": {
      "has_the_recipe": "2024-07-31 07:37:58 +0000"
    },
    "done": true
  },
  "comforts:sleeping_bag_gray": {
    "criteria": {
      "has_the_recipe": "2024-07-31 07:37:58 +0000"
    },
    "done": true
  },
  "player_companions:grant_book_on_first_join": {
    "criteria": {
      "tick": "2024-07-31 07:37:58 +0000"
    },
    "done": true
  },
  "comforts:rope_and_nail": {
    "criteria": {
      "has_the_recipe": "2024-07-31 07:37:58 +0000"
    },
    "done": true
  },
  "explorerscompass:explorers_compass_cracked_stone_bricks": {
    "criteria": {
      "has_recipe": "2024-07-31 07:37:58 +0000"
    },
    "done": true
  },
  "comforts:sleeping_bag_cyan": {
    "criteria": {
      "has_the_recipe": "2024-07-31 07:37:58 +0000"
    },
    "done": true
  },
  "dungeons_arise:wda_root": {
    "criteria": {
      "WDA": "2024-07-31 07:37:58 +0000"
    },
    "done": true
  },
  "comforts:sleeping_bag_light_gray": {
    "criteria": {
      "has_the_recipe": "2024-07-31 07:37:58 +0000"
    },
    "done": true
  },
  "comforts:hammock_black": {
    "criteria": {
      "has_the_recipe": "2024-07-31 07:37:58 +0000"
    },
    "done": true
  },
  "undead_revamp2:theundeadchallenges": {
    "criteria": {
      "theundeadchallenges": "2024-07-31 07:37:58 +0000"
    },
    "done": true
  },
  "friendsandfoes:misc/yellow_dye_from_buttercup": {
    "criteria": {
      "has_the_recipe": "2024-07-31 07:37:58 +0000"
    },
    "done": true
  },
  "farmersdelight:main/root": {
    "criteria": {
      "seeds": "2024-07-31 07:37:58 +0000"
    },
    "done": true
  },
  "naturescompass:natures_compass_log": {
    "criteria": {
      "has_recipe": "2024-07-31 07:37:58 +0000"
    },
    "done": true
  },
  "comforts:hammock_gray": {
    "criteria": {
      "has_the_recipe": "2024-07-31 07:37:58 +0000"
    },
    "done": true
  },
  "comforts:hammock_cyan": {
    "criteria": {
      "has_the_recipe": "2024-07-31 07:37:58 +0000"
    },
    "done": true
  },
  "comforts:sleeping_bag_purple": {
    "criteria": {
      "has_the_recipe": "2024-07-31 07:37:58 +0000"
    },
    "done": true
  },
  "comforts:sleeping_bag_green": {
    "criteria": {
      "has_the_recipe": "2024-07-31 07:37:58 +0000"
    },
    "done": true
  },
  "comforts:hammock_light_blue": {
    "criteria": {
      "has_the_recipe": "2024-07-31 07:37:58 +0000"
    },
    "done": true
  },
  "ironfurnaces:coal": {
    "criteria": {
      "rainbowcoal": "2024-07-31 07:37:58 +0000"
    },
    "done": true
  },
  "comforts:sleeping_bag_magenta": {
    "criteria": {
      "has_the_recipe": "2024-07-31 07:37:58 +0000"
    },
    "done": true
  },
  "comforts:hammock_green": {
    "criteria": {
      "has_the_recipe": "2024-07-31 07:37:58 +0000"
    },
    "done": true
  },
  "repurposed_structures:root": {
    "criteria": {
      "always": "2024-07-31 07:37:58 +0000"
    },
    "done": true
  },
  "naturescompass:natures_compass": {
    "criteria": {
      "has_recipe": "2024-07-31 07:37:58 +0000"
    },
    "done": true
  },
  "comforts:sleeping_bag_black": {
    "criteria": {
      "has_the_recipe": "2024-07-31 07:37:58 +0000"
    },
    "done": true
  },
  "comforts:hammock_lime": {
    "criteria": {
      "has_the_recipe": "2024-07-31 07:37:58 +0000"
    },
    "done": true
  },
  "naturescompass:natures_compass_sapling": {
    "criteria": {
      "has_recipe": "2024-07-31 07:37:58 +0000"
    },
    "done": true
  },
  "comforts:sleeping_bag_red": {
    "criteria": {
      "has_the_recipe": "2024-07-31 07:37:58 +0000"
    },
    "done": true
  },
  "comforts:sleeping_bag_orange": {
    "criteria": {
      "has_the_recipe": "2024-07-31 07:37:58 +0000"
    },
    "done": true
  },
  "comforts:hammock_blue": {
    "criteria": {
      "has_the_recipe": "2024-07-31 07:37:58 +0000"
    },
    "done": true
  },
  "comforts:hammock_white": {
    "criteria": {
      "has_the_recipe": "2024-07-31 07:37:58 +0000"
    },
    "done": true
  },
  "mowziesmobs:root": {
    "criteria": {
      "custom_test_name": "2024-07-31 07:37:58 +0000"
    },
    "done": true
  },
  "comforts:hammock_light_gray": {
    "criteria": {
      "has_the_recipe": "2024-07-31 07:37:58 +0000"
    },
    "done": true
  },
  "comforts:sleeping_bag_brown": {
    "criteria": {
      "has_the_recipe": "2024-07-31 07:37:58 +0000"
    },
    "done": true
  },
  "betterdungeons:root": {
    "criteria": {
      "always": "2024-07-31 07:37:58 +0000"
    },
    "done": true
  },
  "lootr:root": {
    "criteria": {
      "always_true": "2024-07-31 07:37:58 +0000"
    },
    "done": true
  },
  "placeablesmod:placeables": {
    "criteria": {
      "placeables": "2024-07-31 07:37:58 +0000"
    },
    "done": true
  },
  "comforts:hammock_pink": {
    "criteria": {
      "has_the_recipe": "2024-07-31 07:37:58 +0000"
    },
    "done": true
  },
  "comforts:hammock_brown": {
    "criteria": {
      "has_the_recipe": "2024-07-31 07:37:58 +0000"
    },
    "done": true
  },
  "comforts:sleeping_bag_lime": {
    "criteria": {
      "has_the_recipe": "2024-07-31 07:37:58 +0000"
    },
    "done": true
  },
  "comforts:hammock_yellow": {
    "criteria": {
      "has_the_recipe": "2024-07-31 07:37:58 +0000"
    },
    "done": true
  },
  "explorerscompass:explorers_compass_cobweb": {
    "criteria": {
      "has_recipe": "2024-07-31 07:37:58 +0000"
    },
    "done": true
  },
  "eeeabsmobs:eeeabsmobs/root": {
    "criteria": {
      "requirement": "2024-07-31 07:37:58 +0000"
    },
    "done": true
  },
  "comforts:sleeping_bag_blue": {
    "criteria": {
      "has_the_recipe": "2024-07-31 07:37:58 +0000"
    },
    "done": true
  },
  "betterdeserttemples:root": {
    "criteria": {
      "always": "2024-07-31 07:37:58 +0000"
    },
    "done": true
  },
  "cataclysm:root": {
    "criteria": {
      "custom_test_name": "2024-07-31 07:37:58 +0000"
    },
    "done": true
  },
  "comforts:sleeping_bag_yellow": {
    "criteria": {
      "has_the_recipe": "2024-07-31 07:37:58 +0000"
    },
    "done": true
  },
  "incendium:technical/new_player": {
    "criteria": {
      "requirement": "2024-07-31 07:37:58 +0000"
    },
    "done": true
  },
  "explorerscompass:explorers_compass": {
    "criteria": {
      "has_recipe": "2024-07-31 07:37:58 +0000"
    },
    "done": true
  },
  "comforts:hammock_orange": {
    "criteria": {
      "has_the_recipe": "2024-07-31 07:37:58 +0000"
    },
    "done": true
  },
  "incendium:technical/scroll_of_returning": {
    "criteria": {
      "log_spam_fixer": "2024-07-31 07:38:00 +0000"
    },
    "done": false
  },
  "incendium:technical/using/ragnarok": {
    "criteria": {
      "log_spam_fixer": "2024-07-31 07:38:00 +0000"
    },
    "done": false
  },
  "incendium:technical/using/trailblazer": {
    "criteria": {
      "log_spam_fixer": "2024-07-31 07:38:00 +0000"
    },
    "done": false
  },
  "minecraft:adventure/adventuring_time": {
    "criteria": {
      "minecraft:snowy_slopes": "2024-07-31 07:54:40 +0000",
      "minecraft:cherry_grove": "2024-07-31 07:49:07 +0000",
      "minecraft:sunflower_plains": "2024-07-31 07:45:42 +0000",
      "minecraft:savanna_plateau": "2024-07-31 08:23:27 +0000",
      "minecraft:river": "2024-07-31 07:53:04 +0000",
      "minecraft:desert": "2024-07-31 07:38:00 +0000",
      "minecraft:frozen_peaks": "2024-07-31 07:54:41 +0000",
      "minecraft:meadow": "2024-07-31 07:53:07 +0000",
      "minecraft:savanna": "2024-07-31 07:40:08 +0000",
      "minecraft:plains": "2024-07-31 07:45:25 +0000"
    },
    "done": false
  },
  "incendium:technical/using/shield": {
    "criteria": {
      "log_spam_fixer": "2024-07-31 07:38:00 +0000"
    },
    "done": false
  },
  "tombstone:adventure/root": {
    "criteria": {
      "auto": "2024-07-31 07:38:00 +0000"
    },
    "done": true
  },
  "betterdeserttemples:temple_entry": {
    "criteria": {
      "in_better_desert_temple": "2024-07-31 07:38:46 +0000"
    },
    "done": true
  },
  "dungeons_arise:find_shiraz_palace": {
    "criteria": {
      "location0": "2024-07-31 07:39:44 +0000"
    },
    "done": true
  },
  "mutantmonsters:root": {
    "criteria": {
      "killed_something": "2024-07-31 07:53:11 +0000"
    },
    "done": true
  },
  "minecraft:adventure/root": {
    "criteria": {
      "killed_something": "2024-07-31 07:53:11 +0000"
    },
    "done": true
  },
  "iceandfire:iceandfire/kill_if_dragon": {
    "criteria": {
      "killed_fire_dragon": "2024-07-31 07:53:11 +0000"
    },
    "done": true
  },
  "incendium:technical/sentrys_wrath": {
    "criteria": {
      "log_spam_fixer": "2024-08-02 01:42:51 +0000"
    },
    "done": false
  },
  "incendium:technical/inventory/sentrys_wrath": {
    "criteria": {
      "log_spam_fixer": "2024-08-02 01:42:51 +0000"
    },
    "done": false
  },
  "incendium:technical/multiplex_crossbow": {
    "criteria": {
      "log_spam_fixer": "2024-08-02 01:42:51 +0000"
    },
    "done": false
  },
  "incendium:technical/feed_ghastling": {
    "criteria": {
      "log_spam_fixer": "2024-08-02 01:42:51 +0000"
    },
    "done": false
  },
  "incendium:technical/on_inventory_change": {
    "criteria": {
      "log_spam_fixer": "2024-08-02 01:42:51 +0000"
    },
    "done": false
  },
  "incendium:technical/on_player_hurt": {
    "criteria": {
      "log_spam_fixer": "2024-08-02 01:42:51 +0000"
    },
    "done": false
  },
  "incendium:technical/firestorm": {
    "criteria": {
      "log_spam_fixer": "2024-08-02 01:42:51 +0000"
    },
    "done": false
  },
  "incendium:technical/holy_wrath": {
    "criteria": {
      "log_spam_fixer": "2024-08-02 01:42:51 +0000"
    },
    "done": false
  },
  "incendium:technical/on_block": {
    "criteria": {
      "log_spam_fixer": "2024-08-02 01:42:51 +0000"
    },
    "done": false
  },
  "incendium:technical/inventory/firestorm": {
    "criteria": {
      "log_spam_fixer": "2024-08-02 01:42:51 +0000"
    },
    "done": false
  },
  "incendium:technical/give_ghastling": {
    "criteria": {
      "log_spam_fixer": "2024-08-02 01:42:51 +0000"
    },
    "done": false
  },
  "incendium:technical/on_kill": {
    "criteria": {
      "log_spam_fixer": "2024-08-02 01:42:51 +0000"
    },
    "done": false
  },
  "minecraft:story/obtain_armor": {
    "criteria": {
      "iron_helmet": "2024-08-02 01:30:35 +0000"
    },
    "done": true
  },
  "lootr:social": {
    "criteria": {
      "opened_cart": "2024-08-02 01:41:10 +0000"
    },
    "done": false
  },
  "minecraft:story/iron_tools": {
    "criteria": {
      "iron_pickaxe": "2024-08-02 01:30:28 +0000"
    },
    "done": true
  },
  "ancient_elements:can_someone_ventilate": {
    "criteria": {
      "can_someone_ventilate": "2024-08-02 01:29:45 +0000"
    },
    "done": true
  },
  "minecraft:story/mine_stone": {
    "criteria": {
      "get_stone": "2024-08-02 01:41:05 +0000"
    },
    "done": true
  },
  "farmersdelight:main/get_fd_seed": {
    "criteria": {
      "tomato_seeds": "2024-08-02 01:41:15 +0000"
    },
    "done": true
  },
  "minecraft:story/smelt_iron": {
    "criteria": {
      "iron": "2024-08-02 01:41:14 +0000"
    },
    "done": true
  },
  "lootr:1cart": {
    "criteria": {
      "opened_cart": "2024-08-02 01:41:10 +0000"
    },
    "done": true
  },
  "repurposed_structures:mineshafts": {
    "criteria": {
      "in_mineshaft_stone": "2024-08-02 01:41:04 +0000"
    },
    "done": false
  },
  "DataVersion": 3465
}