{
  "minecraft:story/obtain_armor": {
    "criteria": {
      "iron_leggings": "2024-08-03 00:14:44 +0000"
    },
    "done": true
  },
  "farmersdelight:main/root": {
    "criteria": {
      "seeds": "2024-08-03 00:14:44 +0000"
    },
    "done": true
  },
  "ironfurnaces:coal": {
    "criteria": {
      "rainbowcoal": "2024-08-03 00:14:44 +0000"
    },
    "done": true
  },
  "tombstone:adventure/enchant_voodoo_poppet": {
    "criteria": {
      "has_enchanted_voodoo_poppet": "2024-08-03 00:14:44 +0000"
    },
    "done": true
  },
  "iceandfire:iceandfire/root": {
    "criteria": {
      "tick": "2024-08-03 00:14:54 +0000"
    },
    "done": true
  },
  "takesapillage:root": {
    "criteria": {
      "always": "2024-08-03 00:14:54 +0000"
    },
    "done": true
  },
  "ancient_elements:ancient_elements": {
    "criteria": {
      "ancient_elements": "2024-08-03 00:14:54 +0000"
    },
    "done": true
  },
  "player_companions:grant_book_on_first_join": {
    "criteria": {
      "tick": "2024-08-03 00:14:54 +0000"
    },
    "done": true
  },
  "dungeons_arise:wda_root": {
    "criteria": {
      "WDA": "2024-08-03 00:14:54 +0000"
    },
    "done": true
  },
  "undead_revamp2:theundeadchallenges": {
    "criteria": {
      "theundeadchallenges": "2024-08-03 00:14:54 +0000"
    },
    "done": true
  },
  "minecraft:story/mine_stone": {
    "criteria": {
      "get_stone": "2024-08-03 00:14:54 +0000"
    },
    "done": true
  },
  "repurposed_structures:root": {
    "criteria": {
      "always": "2024-08-03 00:14:54 +0000"
    },
    "done": true
  },
  "mowziesmobs:root": {
    "criteria": {
      "custom_test_name": "2024-08-03 00:14:54 +0000"
    },
    "done": true
  },
  "artifacts:amateur_archaeologist": {
    "criteria": {
      "find_artifact": "2024-08-03 00:14:54 +0000"
    },
    "done": true
  },
  "betterdungeons:root": {
    "criteria": {
      "always": "2024-08-03 00:14:54 +0000"
    },
    "done": true
  },
  "lootr:root": {
    "criteria": {
      "always_true": "2024-08-03 00:14:54 +0000"
    },
    "done": true
  },
  "placeablesmod:placeables": {
    "criteria": {
      "placeables": "2024-08-03 00:14:54 +0000"
    },
    "done": true
  },
  "eeeabsmobs:eeeabsmobs/root": {
    "criteria": {
      "requirement": "2024-08-03 00:14:54 +0000"
    },
    "done": true
  },
  "tombstone:adventure/create_voodoo_poppet": {
    "criteria": {
      "has_voodoo_poppet": "2024-08-03 00:14:54 +0000"
    },
    "done": true
  },
  "betterdeserttemples:root": {
    "criteria": {
      "always": "2024-08-03 00:14:54 +0000"
    },
    "done": true
  },
  "cataclysm:root": {
    "criteria": {
      "custom_test_name": "2024-08-03 00:14:54 +0000"
    },
    "done": true
  },
  "incendium:technical/new_player": {
    "criteria": {
      "requirement": "2024-08-03 00:14:54 +0000"
    },
    "done": true
  },
  "incendium:technical/scroll_of_returning": {
    "criteria": {
      "log_spam_fixer": "2024-08-03 00:14:57 +0000"
    },
    "done": false
  },
  "incendium:technical/using/ragnarok": {
    "criteria": {
      "log_spam_fixer": "2024-08-03 00:14:57 +0000"
    },
    "done": false
  },
  "incendium:technical/using/trailblazer": {
    "criteria": {
      "log_spam_fixer": "2024-08-03 00:14:57 +0000"
    },
    "done": false
  },
  "minecraft:adventure/adventuring_time": {
    "criteria": {
      "minecraft:cherry_grove": "2024-08-03 00:14:57 +0000",
      "minecraft:sunflower_plains": "2024-08-03 00:19:22 +0000",
      "minecraft:savanna_plateau": "2024-08-03 05:18:57 +0000",
      "minecraft:beach": "2024-08-03 00:25:22 +0000",
      "minecraft:stony_peaks": "2024-08-03 05:20:17 +0000",
      "minecraft:river": "2024-08-03 00:25:08 +0000",
      "minecraft:desert": "2024-08-03 05:31:18 +0000",
      "minecraft:flower_forest": "2024-08-03 01:08:20 +0000",
      "minecraft:savanna": "2024-08-03 05:28:26 +0000",
      "minecraft:plains": "2024-08-03 00:23:31 +0000"
    },
    "done": false
  },
  "incendium:technical/using/shield": {
    "criteria": {
      "log_spam_fixer": "2024-08-03 00:14:57 +0000"
    },
    "done": false
  },
  "tombstone:adventure/root": {
    "criteria": {
      "auto": "2024-08-03 00:14:57 +0000"
    },
    "done": true
  },
  "minecraft:husbandry/balanced_diet": {
    "criteria": {
      "bread": "2024-08-03 05:42:58 +0000",
      "golden_carrot": "2024-08-03 00:16:49 +0000"
    },
    "done": false
  },
  "minecraft:husbandry/root": {
    "criteria": {
      "consumed_item": "2024-08-03 00:16:49 +0000"
    },
    "done": true
  },
  "minecraft:nether/obtain_crying_obsidian": {
    "criteria": {
      "crying_obsidian": "2024-08-03 00:17:00 +0000"
    },
    "done": true
  },
  "minecraft:adventure/shoot_arrow": {
    "criteria": {
      "shot_arrow": "2024-08-03 00:17:13 +0000"
    },
    "done": true
  },
  "alexsmobs:alexsmobs/sunbird_blessing": {
    "criteria": {
      "all_effects": "2024-08-03 00:17:37 +0000"
    },
    "done": true
  },
  "dungeons_arise:find_merchant_campsite": {
    "criteria": {
      "location0": "2024-08-03 00:20:22 +0000"
    },
    "done": true
  },
  "mutantmonsters:root": {
    "criteria": {
      "killed_something": "2024-08-03 00:21:51 +0000"
    },
    "done": true
  },
  "minecraft:adventure/root": {
    "criteria": {
      "killed_something": "2024-08-03 00:21:51 +0000"
    },
    "done": true
  },
  "iceandfire:iceandfire/kill_if_dragon": {
    "criteria": {
      "killed_fire_dragon": "2024-08-03 00:21:51 +0000"
    },
    "done": true
  },
  "iceandfire:iceandfire/kill_cyclops": {
    "criteria": {
      "killed_fire_dragon": "2024-08-03 00:22:00 +0000"
    },
    "done": true
  },
  "minecraft:adventure/kill_all_mobs": {
    "criteria": {
      "minecraft:skeleton": "2024-08-03 04:57:33 +0000",
      "minecraft:spider": "2024-08-03 00:23:42 +0000",
      "minecraft:husk": "2024-08-03 05:32:14 +0000",
      "minecraft:cave_spider": "2024-08-03 05:43:01 +0000",
      "minecraft:zombie": "2024-08-03 00:43:35 +0000"
    },
    "done": false
  },
  "minecraft:adventure/kill_a_mob": {
    "criteria": {
      "minecraft:spider": "2024-08-03 00:23:42 +0000"
    },
    "done": true
  },
  "undead_revamp2:parry": {
    "criteria": {
      "parry": "2024-08-03 00:24:22 +0000"
    },
    "done": true
  },
  "lootr:1chest": {
    "criteria": {
      "opened_chest": "2024-08-03 00:25:41 +0000"
    },
    "done": true
  },
  "lootr:social": {
    "criteria": {
      "opened_barrel": "2024-08-03 05:40:15 +0000",
      "opened_chest": "2024-08-03 00:25:41 +0000"
    },
    "done": false
  },
  "naturescompass:natures_compass_sapling": {
    "criteria": {
      "has_sapling": "2024-08-03 00:27:37 +0000"
    },
    "done": true
  },
  "naturescompass:natures_compass_log": {
    "criteria": {
      "has_log": "2024-08-03 00:27:39 +0000"
    },
    "done": true
  },
  "minecraft:story/smelt_iron": {
    "criteria": {
      "iron": "2024-08-03 00:28:20 +0000"
    },
    "done": true
  },
  "player_companions:crafting/craft_lead": {
    "criteria": {
      "crafting_table": "2024-08-03 00:28:26 +0000"
    },
    "done": true
  },
  "player_companions:crafting/root": {
    "criteria": {
      "crafting_table": "2024-08-03 00:28:26 +0000"
    },
    "done": true
  },
  "minecraft:story/root": {
    "criteria": {
      "crafting_table": "2024-08-03 00:28:26 +0000"
    },
    "done": true
  },
  "minecraft:story/mine_diamond": {
    "criteria": {
      "diamond": "2024-08-03 00:37:26 +0000"
    },
    "done": true
  },
  "ancient_elements:can_someone_ventilate": {
    "criteria": {
      "can_someone_ventilate": "2024-08-03 00:42:08 +0000"
    },
    "done": true
  },
  "comforts:sleeping_bag_white": {
    "criteria": {
      "has_white_wool": "2024-08-03 00:45:41 +0000"
    },
    "done": true
  },
  "comforts:hammock_white": {
    "criteria": {
      "has_white_wool": "2024-08-03 00:45:41 +0000"
    },
    "done": true
  },
  "minecraft:adventure/sleep_in_bed": {
    "criteria": {
      "slept_in_bed": "2024-08-03 00:46:22 +0000"
    },
    "done": true
  },
  "repurposed_structures:igloos": {
    "criteria": {
      "in_igloo_grassy": "2024-08-03 00:50:39 +0000"
    },
    "done": false
  },
  "minecraft:story/shiny_gear": {
    "criteria": {
      "diamond_leggings": "2024-08-03 00:55:47 +0000"
    },
    "done": true
  },
  "undead_revamp2:sugarcoat": {
    "criteria": {
      "sugarcoat": "2024-08-03 00:58:27 +0000"
    },
    "done": true
  },
  "minecraft:story/enchant_item": {
    "criteria": {
      "enchanted_item": "2024-08-03 04:53:39 +0000"
    },
    "done": true
  },
  "tombstone:adventure/ashes_and_bones": {
    "criteria": {
      "coded_trigger": "2024-08-03 04:57:16 +0000"
    },
    "done": true
  },
  "tombstone:adventure/find_grave_dust": {
    "criteria": {
      "from_undead": "2024-08-03 04:58:21 +0000"
    },
    "done": true
  },
  "tombstone:recipes/from_grave_dust": {
    "criteria": {
      "has_ingredient": "2024-08-03 04:58:22 +0000"
    },
    "done": true
  },
  "comforts:sleeping_bag_light_gray": {
    "criteria": {
      "has_light_gray_wool": "2024-08-03 05:09:38 +0000"
    },
    "done": true
  },
  "comforts:hammock_light_gray": {
    "criteria": {
      "has_light_gray_wool": "2024-08-03 05:09:38 +0000"
    },
    "done": true
  },
  "mowziesmobs:kill_umvuthana_raptor": {
    "criteria": {
      "umvuthana_raptor": "2024-08-03 05:22:01 +0000"
    },
    "done": true
  },
  "aether:recipes/combat/netherite_sword_repairing": {
    "criteria": {
      "has_netherite_sword": "2024-08-03 05:27:07 +0000"
    },
    "done": true
  },
  "minecraft:recipes/combat/leather_helmet": {
    "criteria": {
      "has_leather": "2024-08-03 05:33:56 +0000"
    },
    "done": true
  },
  "cfm:recipes/decorations/orange_cooler": {
    "criteria": {
      "has_chest": "2024-08-03 05:27:07 +0000"
    },
    "done": true
  },
  "aether:recipes/building_blocks/packed_ice_freezing": {
    "criteria": {
      "has_water_bucket": "2024-08-03 05:27:07 +0000"
    },
    "done": true
  },
  "deeperdarker:recipes/transportation/echo_boat": {
    "criteria": {
      "in_water": "2024-08-03 05:29:46 +0000"
    },
    "done": true
  },
  "cfm:recipes/decorations/oak_coffee_table": {
    "criteria": {
      "has_log": "2024-08-03 05:27:07 +0000"
    },
    "done": true
  },
  "aether:recipes/decorations/skyroot_loom": {
    "criteria": {
      "has_string": "2024-08-03 05:28:51 +0000"
    },
    "done": true
  },
  "ecologics:recipes/ecologics/azalea_boat": {
    "criteria": {
      "in_water": "2024-08-03 05:29:46 +0000"
    },
    "done": true
  },
  "minecraft:recipes/decorations/purple_stained_glass_pane_from_glass_pane": {
    "criteria": {
      "has_purple_dye": "2024-08-03 05:38:32 +0000"
    },
    "done": true
  },
  "ironchest:recipes/decorations/upgrades/wood_to_iron_chest_upgrade": {
    "criteria": {
      "has_iron_ingot": "2024-08-03 05:40:32 +0000"
    },
    "done": true
  },
  "cfm:recipes/decorations/blue_grill": {
    "criteria": {
      "has_iron": "2024-08-03 05:40:32 +0000"
    },
    "done": true
  },
  "cfm:recipes/decorations/light_blue_grill": {
    "criteria": {
      "has_iron": "2024-08-03 05:40:32 +0000"
    },
    "done": true
  },
  "minecraft:recipes/combat/diamond_sword": {
    "criteria": {
      "has_diamond": "2024-08-03 05:48:23 +0000"
    },
    "done": true
  },
  "minecraft:recipes/decorations/jukebox": {
    "criteria": {
      "has_diamond": "2024-08-03 05:48:23 +0000"
    },
    "done": true
  },
  "aether:recipes/transportation/skyroot_boat": {
    "criteria": {
      "in_water": "2024-08-03 05:29:46 +0000"
    },
    "done": true
  },
  "minecraft:recipes/misc/gold_nugget": {
    "criteria": {
      "has_gold_ingot": "2024-08-03 05:40:21 +0000"
    },
    "done": true
  },
  "minecraft:recipes/combat/iron_helmet": {
    "criteria": {
      "has_iron_ingot": "2024-08-03 05:40:32 +0000"
    },
    "done": true
  },
  "minecraft:recipes/tools/golden_shovel": {
    "criteria": {
      "has_gold_ingot": "2024-08-03 05:40:21 +0000"
    },
    "done": true
  },
  "minecraft:recipes/food/golden_apple": {
    "criteria": {
      "has_gold_ingot": "2024-08-03 05:40:21 +0000"
    },
    "done": true
  },
  "cfm:recipes/decorations/dark_oak_mail_box": {
    "criteria": {
      "has_chest": "2024-08-03 05:27:07 +0000"
    },
    "done": true
  },
  "cfm:recipes/decorations/stripped_acacia_kitchen_drawer": {
    "criteria": {
      "has_chest": "2024-08-03 05:27:07 +0000"
    },
    "done": true
  },
  "minecraft:recipes/combat/golden_boots": {
    "criteria": {
      "has_gold_ingot": "2024-08-03 05:40:21 +0000"
    },
    "done": true
  },
  "securitycraft:recipes/decorations/floor_trap": {
    "criteria": {
      "has_iron": "2024-08-03 05:40:32 +0000"
    },
    "done": true
  },
  "minecraft:recipes/decorations/purple_candle": {
    "criteria": {
      "has_purple_dye": "2024-08-03 05:38:32 +0000"
    },
    "done": true
  },
  "minecraft:recipes/combat/leather_chestplate": {
    "criteria": {
      "has_leather": "2024-08-03 05:33:56 +0000"
    },
    "done": true
  },
  "minecraft:recipes/misc/magenta_dye_from_blue_red_pink": {
    "criteria": {
      "has_pink_dye": "2024-08-03 05:37:37 +0000"
    },
    "done": true
  },
  "ad_astra:recipes/misc/pink_industrial_lamp": {
    "criteria": {
      "has_pink_industrial_lamp": "2024-08-03 05:37:37 +0000"
    },
    "done": true
  },
  "cfm:recipes/decorations/fridge_dark": {
    "criteria": {
      "has_chest": "2024-08-03 05:27:07 +0000"
    },
    "done": true
  },
  "minecraft:recipes/decorations/pink_candle": {
    "criteria": {
      "has_pink_dye": "2024-08-03 05:37:37 +0000"
    },
    "done": true
  },
  "supplementaries:recipes/candle_holders/candle_holder_gray": {
    "criteria": {
      "has_iron_ingot": "2024-08-03 05:40:32 +0000"
    },
    "done": true
  },
  "minecraft:recipes/decorations/crafting_table": {
    "criteria": {
      "unlock_right_away": "2024-08-03 05:27:08 +0000"
    },
    "done": true
  },
  "ironchest:recipes/decorations/chests/copper_iron_chest": {
    "criteria": {
      "has_iron_ingot": "2024-08-03 05:40:32 +0000"
    },
    "done": true
  },
  "minecraft:recipes/decorations/chest": {
    "criteria": {
      "has_lots_of_items": "2024-08-03 05:27:07 +0000"
    },
    "done": true
  },
  "naturalist:recipes/food/cooked_egg": {
    "criteria": {
      "has_eggs": "2024-08-03 05:27:07 +0000"
    },
    "done": true
  },
  "minecraft:recipes/misc/magenta_dye_from_purple_and_pink": {
    "criteria": {
      "has_pink_dye": "2024-08-03 05:37:37 +0000"
    },
    "done": true
  },
  "dungeons_arise:find_shiraz_palace": {
    "criteria": {
      "location0": "2024-08-03 05:32:05 +0000"
    },
    "done": true
  },
  "minecraft:recipes/transportation/cherry_boat": {
    "criteria": {
      "in_water": "2024-08-03 05:29:46 +0000"
    },
    "done": true
  },
  "cfm:recipes/decorations/stripped_spruce_mail_box": {
    "criteria": {
      "has_chest": "2024-08-03 05:27:07 +0000"
    },
    "done": true
  },
  "minecraft:recipes/tools/diamond_pickaxe": {
    "criteria": {
      "has_diamond": "2024-08-03 05:48:23 +0000"
    },
    "done": true
  },
  "cfm:recipes/decorations/oak_desk_cabinet": {
    "criteria": {
      "has_log": "2024-08-03 05:27:07 +0000"
    },
    "done": true
  },
  "aether:recipes/tools/aether_saddle": {
    "criteria": {
      "has_leather": "2024-08-03 05:33:56 +0000"
    },
    "done": true
  },
  "minecraft:recipes/combat/golden_chestplate": {
    "criteria": {
      "has_gold_ingot": "2024-08-03 05:40:21 +0000"
    },
    "done": true
  },
  "cfm:recipes/decorations/cyan_kitchen_drawer": {
    "criteria": {
      "has_chest": "2024-08-03 05:27:07 +0000"
    },
    "done": true
  },
  "minecraft:recipes/redstone/tripwire_hook": {
    "criteria": {
      "has_string": "2024-08-03 05:28:51 +0000"
    },
    "done": true
  },
  "supplementaries:recipes/candle_holders/candle_holder_light_gray": {
    "criteria": {
      "has_iron_ingot": "2024-08-03 05:40:32 +0000"
    },
    "done": true
  },
  "securitycraft:recipes/transportation/track_mine": {
    "criteria": {
      "has_iron": "2024-08-03 05:40:32 +0000"
    },
    "done": true
  },
  "farmersdelight:recipes/combat/golden_knife": {
    "criteria": {
      "has_gold_ingot": "2024-08-03 05:40:21 +0000"
    },
    "done": true
  },
  "minecraft:recipes/decorations/candle": {
    "criteria": {
      "has_string": "2024-08-03 05:28:51 +0000"
    },
    "done": true
  },
  "cfm:recipes/decorations/stripped_oak_kitchen_drawer": {
    "criteria": {
      "has_chest": "2024-08-03 05:27:07 +0000"
    },
    "done": true
  },
  "aether:recipes/combat/bow_repairing": {
    "criteria": {
      "has_bow": "2024-08-03 05:27:08 +0000"
    },
    "done": true
  },
  "minecraft:recipes/misc/leather_horse_armor": {
    "criteria": {
      "has_leather": "2024-08-03 05:33:56 +0000"
    },
    "done": true
  },
  "cfm:recipes/decorations/lime_trampoline": {
    "criteria": {
      "has_iron": "2024-08-03 05:40:32 +0000"
    },
    "done": true
  },
  "minecraft:recipes/tools/diamond_hoe": {
    "criteria": {
      "has_diamond": "2024-08-03 05:48:23 +0000"
    },
    "done": true
  },
  "supplementaries:recipes/wrench": {
    "criteria": {
      "has_copper_ingot": "2024-08-03 05:46:51 +0000"
    },
    "done": true
  },
  "cfm:recipes/decorations/stripped_jungle_mail_box": {
    "criteria": {
      "has_chest": "2024-08-03 05:27:07 +0000"
    },
    "done": true
  },
  "minecraft:recipes/food/pumpkin_pie": {
    "criteria": {
      "has_pumpkin": "2024-08-03 05:27:07 +0000"
    },
    "done": true
  },
  "supplementaries:recipes/feather_block": {
    "criteria": {
      "has_feather": "2024-08-03 05:27:07 +0000"
    },
    "done": true
  },
  "cfm:recipes/decorations/white_grill": {
    "criteria": {
      "has_iron": "2024-08-03 05:40:32 +0000"
    },
    "done": true
  },
  "minecraft:recipes/redstone/hopper": {
    "criteria": {
      "has_iron_ingot": "2024-08-03 05:40:32 +0000"
    },
    "done": true
  },
  "cfm:recipes/decorations/oak_upgraded_fence": {
    "criteria": {
      "has_log": "2024-08-03 05:27:07 +0000"
    },
    "done": true
  },
  "securitycraft:recipes/redstone/reinforced_fence_gate": {
    "criteria": {
      "has_iron": "2024-08-03 05:40:32 +0000"
    },
    "done": true
  },
  "aether:recipes/combat/golden_ring": {
    "criteria": {
      "has_gold_ingot": "2024-08-03 05:40:21 +0000"
    },
    "done": true
  },
  "aether:recipes/combat/iron_gloves": {
    "criteria": {
      "has_iron": "2024-08-03 05:40:32 +0000"
    },
    "done": true
  },
  "aether:recipes/redstone/skyroot_tripwire_hook": {
    "criteria": {
      "has_string": "2024-08-03 05:28:51 +0000"
    },
    "done": true
  },
  "minecraft:recipes/tools/brush": {
    "criteria": {
      "has_copper_ingot": "2024-08-03 05:46:51 +0000"
    },
    "done": true
  },
  "supplementaries:recipes/candle_holders/candle_holder_orange": {
    "criteria": {
      "has_iron_ingot": "2024-08-03 05:40:32 +0000"
    },
    "done": true
  },
  "securitycraft:recipes/misc/keycard_lv5": {
    "criteria": {
      "has_iron": "2024-08-03 05:40:32 +0000"
    },
    "done": true
  },
  "securitycraft:recipes/misc/keycard_lv3": {
    "criteria": {
      "has_iron": "2024-08-03 05:40:32 +0000"
    },
    "done": true
  },
  "securitycraft:recipes/misc/keycard_lv4": {
    "criteria": {
      "has_iron": "2024-08-03 05:40:32 +0000"
    },
    "done": true
  },
  "securitycraft:recipes/misc/keycard_lv1": {
    "criteria": {
      "has_iron": "2024-08-03 05:40:32 +0000"
    },
    "done": true
  },
  "securitycraft:recipes/misc/keycard_lv2": {
    "criteria": {
      "has_iron": "2024-08-03 05:40:32 +0000"
    },
    "done": true
  },
  "minecraft:recipes/combat/iron_boots": {
    "criteria": {
      "has_iron_ingot": "2024-08-03 05:40:32 +0000"
    },
    "done": true
  },
  "securitycraft:recipes/misc/mine": {
    "criteria": {
      "has_iron": "2024-08-03 05:40:32 +0000"
    },
    "done": true
  },
  "cfm:recipes/decorations/red_trampoline": {
    "criteria": {
      "has_iron": "2024-08-03 05:40:32 +0000"
    },
    "done": true
  },
  "supplementaries:recipes/candle_holders/candle_holder_red": {
    "criteria": {
      "has_iron_ingot": "2024-08-03 05:40:32 +0000"
    },
    "done": true
  },
  "betterdeserttemples:temple_entry": {
    "criteria": {
      "in_better_desert_temple": "2024-08-03 05:32:06 +0000"
    },
    "done": true
  },
  "supplementaries:recipes/bubble_blower": {
    "criteria": {
      "has_iron_ingot": "2024-08-03 05:40:32 +0000"
    },
    "done": true
  },
  "cfm:recipes/decorations/stripped_dark_oak_kitchen_drawer": {
    "criteria": {
      "has_chest": "2024-08-03 05:27:07 +0000"
    },
    "done": true
  },
  "farmersdelight:recipes/cooking/pasta_with_meatballs": {
    "criteria": {
      "has_any_ingredient": "2024-08-03 05:33:56 +0000"
    },
    "done": true
  },
  "ironchest:recipes/decorations/chests/iron_gold_chest": {
    "criteria": {
      "has_gold_ingot": "2024-08-03 05:40:21 +0000"
    },
    "done": true
  },
  "lootr:1barrel": {
    "criteria": {
      "opened_barrel": "2024-08-03 05:40:15 +0000"
    },
    "done": true
  },
  "ae2:recipes/misc/network/cables/smart_pink": {
    "criteria": {
      "has_dyes/black": "2024-08-03 05:37:37 +0000"
    },
    "done": true
  },
  "ad_astra:recipes/misc/small_purple_industrial_lamp": {
    "criteria": {
      "has_small_purple_industrial_lamp": "2024-08-03 05:38:32 +0000"
    },
    "done": true
  },
  "cfm:recipes/decorations/crimson_kitchen_drawer": {
    "criteria": {
      "has_chest": "2024-08-03 05:27:07 +0000"
    },
    "done": true
  },
  "player_companions:recipes/tame_wheat_seed_from_wheat_seed": {
    "criteria": {
      "has_lead": "2024-08-03 05:43:55 +0000"
    },
    "done": true
  },
  "cfm:recipes/decorations/magenta_grill": {
    "criteria": {
      "has_iron": "2024-08-03 05:40:32 +0000"
    },
    "done": true
  },
  "cfm:recipes/decorations/oak_blinds": {
    "criteria": {
      "has_log": "2024-08-03 05:27:07 +0000"
    },
    "done": true
  },
  "cfm:recipes/decorations/acacia_mail_box": {
    "criteria": {
      "has_chest": "2024-08-03 05:27:07 +0000"
    },
    "done": true
  },
  "cfm:recipes/decorations/pink_grill": {
    "criteria": {
      "has_iron": "2024-08-03 05:40:32 +0000"
    },
    "done": true
  },
  "ad_astra:recipes/misc/purple_industrial_lamp": {
    "criteria": {
      "has_purple_industrial_lamp": "2024-08-03 05:38:32 +0000"
    },
    "done": true
  },
  "supplementaries:recipes/turn_table": {
    "criteria": {
      "has_copper_ingot": "2024-08-03 05:46:51 +0000"
    },
    "done": true
  },
  "cfm:recipes/decorations/gray_trampoline": {
    "criteria": {
      "has_iron": "2024-08-03 05:40:32 +0000"
    },
    "done": true
  },
  "minecraft:recipes/combat/golden_sword": {
    "criteria": {
      "has_gold_ingot": "2024-08-03 05:40:21 +0000"
    },
    "done": true
  },
  "minecraft:recipes/redstone/dispenser": {
    "criteria": {
      "has_bow": "2024-08-03 05:27:08 +0000"
    },
    "done": true
  },
  "cfm:recipes/decorations/black_grill": {
    "criteria": {
      "has_iron": "2024-08-03 05:40:32 +0000"
    },
    "done": true
  },
  "ironchest:recipes/decorations/chests/vanilla_iron_chest": {
    "criteria": {
      "has_iron_ingot": "2024-08-03 05:40:32 +0000"
    },
    "done": true
  },
  "minecraft:recipes/building_blocks/gold_block": {
    "criteria": {
      "has_gold_ingot": "2024-08-03 05:40:21 +0000"
    },
    "done": true
  },
  "minecraft:recipes/transportation/acacia_boat": {
    "criteria": {
      "in_water": "2024-08-03 05:29:46 +0000"
    },
    "done": true
  },
  "minecraft:recipes/redstone/iron_trapdoor": {
    "criteria": {
      "has_iron_ingot": "2024-08-03 05:40:32 +0000"
    },
    "done": true
  },
  "cfm:recipes/decorations/stripped_crimson_mail_box": {
    "criteria": {
      "has_chest": "2024-08-03 05:27:07 +0000"
    },
    "done": true
  },
  "cfm:recipes/decorations/oak_table": {
    "criteria": {
      "has_log": "2024-08-03 05:27:07 +0000"
    },
    "done": true
  },
  "minecraft:recipes/building_blocks/oak_planks": {
    "criteria": {
      "has_logs": "2024-08-03 05:27:07 +0000"
    },
    "done": true
  },
  "cfm:recipes/decorations/purple_kitchen_drawer": {
    "criteria": {
      "has_chest": "2024-08-03 05:27:07 +0000"
    },
    "done": true
  },
  "cfm:recipes/decorations/green_kitchen_drawer": {
    "criteria": {
      "has_chest": "2024-08-03 05:27:07 +0000"
    },
    "done": true
  },
  "cfm:recipes/decorations/light_blue_trampoline": {
    "criteria": {
      "has_iron": "2024-08-03 05:40:32 +0000"
    },
    "done": true
  },
  "minecraft:recipes/combat/leather_boots": {
    "criteria": {
      "has_leather": "2024-08-03 05:33:56 +0000"
    },
    "done": true
  },
  "minecraft:recipes/building_blocks/diamond_block": {
    "criteria": {
      "has_diamond": "2024-08-03 05:48:23 +0000"
    },
    "done": true
  },
  "cfm:recipes/decorations/lime_cooler": {
    "criteria": {
      "has_chest": "2024-08-03 05:27:07 +0000"
    },
    "done": true
  },
  "ironchest:recipes/decorations/chests/gold_diamond_chest": {
    "criteria": {
      "has_diamonds": "2024-08-03 05:48:23 +0000"
    },
    "done": true
  },
  "player_companions:recipes/tame_raw_mutton_from_raw_mutton": {
    "criteria": {
      "has_mutton": "2024-08-03 05:27:07 +0000"
    },
    "done": true
  },
  "securitycraft:recipes/misc/speed_module": {
    "criteria": {
      "has_iron": "2024-08-03 05:40:32 +0000"
    },
    "done": true
  },
  "minecraft:recipes/misc/firework_rocket_simple": {
    "criteria": {
      "has_gunpowder": "2024-08-03 05:45:01 +0000"
    },
    "done": true
  },
  "cfm:recipes/decorations/white_kitchen_drawer": {
    "criteria": {
      "has_chest": "2024-08-03 05:27:07 +0000"
    },
    "done": true
  },
  "farmersdelight:recipes/combat/iron_knife": {
    "criteria": {
      "has_iron_ingot": "2024-08-03 05:40:32 +0000"
    },
    "done": true
  },
  "supplementaries:recipes/candle_holders/candle_holder_magenta": {
    "criteria": {
      "has_iron_ingot": "2024-08-03 05:40:32 +0000"
    },
    "done": true
  },
  "aether:recipes/combat/leather_gloves": {
    "criteria": {
      "has_leather": "2024-08-03 05:33:56 +0000"
    },
    "done": true
  },
  "aether:recipes/tools/iron_hoe_repairing": {
    "criteria": {
      "has_iron_hoe": "2024-08-03 05:47:24 +0000"
    },
    "done": true
  },
  "aether:recipes/tools/diamond_pickaxe_repairing": {
    "criteria": {
      "has_diamond_pickaxe": "2024-08-03 05:27:07 +0000"
    },
    "done": true
  },
  "securitycraft:recipes/misc/door_indestructible_iron_item": {
    "criteria": {
      "has_iron": "2024-08-03 05:40:32 +0000"
    },
    "done": true
  },
  "cfm:recipes/decorations/stripped_oak_desk": {
    "criteria": {
      "has_planks": "2024-08-03 05:27:07 +0000"
    },
    "done": true
  },
  "minecraft:recipes/transportation/jungle_boat": {
    "criteria": {
      "in_water": "2024-08-03 05:29:46 +0000"
    },
    "done": true
  },
  "supplementaries:recipes/hourglass": {
    "criteria": {
      "has_gold_ingot": "2024-08-03 05:40:21 +0000"
    },
    "done": true
  },
  "cfm:recipes/decorations/magenta_cooler": {
    "criteria": {
      "has_chest": "2024-08-03 05:27:07 +0000"
    },
    "done": true
  },
  "farmersdelight:recipes/food/horse_feed": {
    "criteria": {
      "has_golden_carrot": "2024-08-03 05:27:07 +0000"
    },
    "done": true
  },
  "farmersdelight:recipes/cooking/dog_food": {
    "criteria": {
      "has_any_ingredient": "2024-08-03 05:32:24 +0000"
    },
    "done": true
  },
  "cfm:recipes/decorations/oak_kitchen_counter": {
    "criteria": {
      "has_log": "2024-08-03 05:27:07 +0000"
    },
    "done": true
  },
  "minecraft:recipes/misc/pink_dye_from_pink_petals": {
    "criteria": {
      "has_pink_petals": "2024-08-03 05:35:31 +0000"
    },
    "done": true
  },
  "cfm:recipes/decorations/stripped_oak_kitchen_counter": {
    "criteria": {
      "has_log": "2024-08-03 05:27:07 +0000"
    },
    "done": true
  },
  "twilightforest:recipes/transportation/mining_boat": {
    "criteria": {
      "in_water": "2024-08-03 05:29:46 +0000"
    },
    "done": true
  },
  "cfm:recipes/decorations/yellow_kitchen_drawer": {
    "criteria": {
      "has_chest": "2024-08-03 05:27:07 +0000"
    },
    "done": true
  },
  "minecraft:recipes/misc/iron_nugget_from_smelting": {
    "criteria": {
      "has_iron_hoe": "2024-08-03 05:47:24 +0000"
    },
    "done": true
  },
  "cfm:recipes/decorations/stripped_oak_table": {
    "criteria": {
      "has_planks": "2024-08-03 05:27:07 +0000"
    },
    "done": true
  },
  "securitycraft:recipes/misc/blacklist_module": {
    "criteria": {
      "has_iron": "2024-08-03 05:40:32 +0000"
    },
    "done": true
  },
  "minecraft:recipes/combat/iron_chestplate": {
    "criteria": {
      "has_iron_ingot": "2024-08-03 05:40:32 +0000"
    },
    "done": true
  },
  "cfm:recipes/decorations/stripped_oak_desk_cabinet": {
    "criteria": {
      "has_planks": "2024-08-03 05:27:07 +0000"
    },
    "done": true
  },
  "cfm:recipes/decorations/birch_kitchen_drawer": {
    "criteria": {
      "has_chest": "2024-08-03 05:27:07 +0000"
    },
    "done": true
  },
  "securitycraft:recipes/misc/limited_use_keycard": {
    "criteria": {
      "has_iron": "2024-08-03 05:40:32 +0000"
    },
    "done": true
  },
  "securitycraft:recipes/misc/bouncing_betty": {
    "criteria": {
      "has_iron": "2024-08-03 05:40:32 +0000"
    },
    "done": true
  },
  "minecraft:recipes/misc/iron_nugget": {
    "criteria": {
      "has_iron_ingot": "2024-08-03 05:40:32 +0000"
    },
    "done": true
  },
  "cfm:recipes/decorations/green_grill": {
    "criteria": {
      "has_iron": "2024-08-03 05:40:32 +0000"
    },
    "done": true
  },
  "minecraft:recipes/misc/bucket": {
    "criteria": {
      "has_iron_ingot": "2024-08-03 05:40:32 +0000"
    },
    "done": true
  },
  "iceandfire:recipes/misc/blindfold": {
    "criteria": {
      "has_item": "2024-08-03 05:33:56 +0000"
    },
    "done": true
  },
  "minecraft:recipes/combat/bow": {
    "criteria": {
      "has_string": "2024-08-03 05:28:51 +0000"
    },
    "done": true
  },
  "supplementaries:recipes/faucet": {
    "criteria": {
      "has_iron_ingot": "2024-08-03 05:40:32 +0000"
    },
    "done": true
  },
  "ae2:recipes/misc/network/cables/glass_pink": {
    "criteria": {
      "has_dyes/black": "2024-08-03 05:37:37 +0000"
    },
    "done": true
  },
  "cfm:recipes/decorations/pink_trampoline": {
    "criteria": {
      "has_iron": "2024-08-03 05:40:32 +0000"
    },
    "done": true
  },
  "player_companions:recipes/tame_apple_from_apple": {
    "criteria": {
      "has_lead": "2024-08-03 05:43:55 +0000"
    },
    "done": true
  },
  "supplementaries:recipes/candle_holders/candle_holder_pink": {
    "criteria": {
      "has_iron_ingot": "2024-08-03 05:40:32 +0000"
    },
    "done": true
  },
  "securitycraft:recipes/redstone/block_change_detector": {
    "criteria": {
      "has_iron": "2024-08-03 05:40:32 +0000"
    },
    "done": true
  },
  "ae2:recipes/misc/network/cables/dense_covered_purple": {
    "criteria": {
      "has_dyes/black": "2024-08-03 05:38:32 +0000"
    },
    "done": true
  },
  "aether:recipes/building_blocks/blue_ice_freezing": {
    "criteria": {
      "has_water_bucket": "2024-08-03 05:27:07 +0000"
    },
    "done": true
  },
  "minecraft:recipes/combat/golden_helmet": {
    "criteria": {
      "has_gold_ingot": "2024-08-03 05:40:21 +0000"
    },
    "done": true
  },
  "supplementaries:recipes/gold_trapdoor": {
    "criteria": {
      "has_gold_ingot": "2024-08-03 05:40:21 +0000"
    },
    "done": true
  },
  "cfm:recipes/decorations/magenta_kitchen_drawer": {
    "criteria": {
      "has_chest": "2024-08-03 05:27:07 +0000"
    },
    "done": true
  },
  "cfm:recipes/decorations/oak_chair": {
    "criteria": {
      "has_log": "2024-08-03 05:27:07 +0000"
    },
    "done": true
  },
  "twilightforest:recipes/transportation/mangrove_boat": {
    "criteria": {
      "in_water": "2024-08-03 05:29:46 +0000"
    },
    "done": true
  },
  "cfm:recipes/decorations/purple_grill": {
    "criteria": {
      "has_iron": "2024-08-03 05:40:32 +0000"
    },
    "done": true
  },
  "supplementaries:recipes/candle_holders/candle_holder_white": {
    "criteria": {
      "has_iron_ingot": "2024-08-03 05:40:32 +0000"
    },
    "done": true
  },
  "cfm:recipes/decorations/stripped_warped_mail_box": {
    "criteria": {
      "has_chest": "2024-08-03 05:27:07 +0000"
    },
    "done": true
  },
  "cfm:recipes/decorations/stripped_oak_cabinet": {
    "criteria": {
      "has_log": "2024-08-03 05:27:07 +0000"
    },
    "done": true
  },
  "ad_astra:recipes/misc/coal_generator": {
    "criteria": {
      "has_coal_generator": "2024-08-03 05:40:32 +0000"
    },
    "done": true
  },
  "cfm:recipes/decorations/purple_cooler": {
    "criteria": {
      "has_chest": "2024-08-03 05:27:07 +0000"
    },
    "done": true
  },
  "minecraft:recipes/building_blocks/emerald_block": {
    "criteria": {
      "has_emerald": "2024-08-03 05:47:43 +0000"
    },
    "done": true
  },
  "cfm:recipes/decorations/black_cooler": {
    "criteria": {
      "has_chest": "2024-08-03 05:27:07 +0000"
    },
    "done": true
  },
  "ironchest:recipes/decorations/chests/vanilla_copper_chest": {
    "criteria": {
      "has_copper_ingot": "2024-08-03 05:46:51 +0000"
    },
    "done": true
  },
  "minecraft:recipes/misc/bone_meal": {
    "criteria": {
      "has_bone": "2024-08-03 05:28:55 +0000"
    },
    "done": true
  },
  "minecraft:recipes/building_blocks/prismarine_bricks": {
    "criteria": {
      "has_prismarine_shard": "2024-08-03 05:41:08 +0000"
    },
    "done": true
  },
  "aether:recipes/building_blocks/ice_from_bucket_freezing": {
    "criteria": {
      "has_water_bucket": "2024-08-03 05:27:07 +0000"
    },
    "done": true
  },
  "minecraft:recipes/transportation/spruce_boat": {
    "criteria": {
      "in_water": "2024-08-03 05:29:46 +0000"
    },
    "done": true
  },
  "minecraft:recipes/decorations/pink_stained_glass_pane_from_glass_pane": {
    "criteria": {
      "has_pink_dye": "2024-08-03 05:37:37 +0000"
    },
    "done": true
  },
  "player_companions:crafting/tame_items": {
    "criteria": {
      "has_lead": "2024-08-03 05:43:55 +0000"
    },
    "done": true
  },
  "cfm:recipes/decorations/orange_kitchen_drawer": {
    "criteria": {
      "has_chest": "2024-08-03 05:27:07 +0000"
    },
    "done": true
  },
  "supplementaries:recipes/candle_holders/candle_holder_brown": {
    "criteria": {
      "has_iron_ingot": "2024-08-03 05:40:32 +0000"
    },
    "done": true
  },
  "cfm:recipes/decorations/light_gray_trampoline": {
    "criteria": {
      "has_iron": "2024-08-03 05:40:32 +0000"
    },
    "done": true
  },
  "player_companions:recipes/tame_carrot_from_carrot": {
    "criteria": {
      "has_lead": "2024-08-03 05:43:55 +0000"
    },
    "done": true
  },
  "cfm:recipes/decorations/stripped_birch_mail_box": {
    "criteria": {
      "has_chest": "2024-08-03 05:27:07 +0000"
    },
    "done": true
  },
  "minecraft:recipes/combat/diamond_boots": {
    "criteria": {
      "has_diamond": "2024-08-03 05:48:23 +0000"
    },
    "done": true
  },
  "securitycraft:recipes/redstone/reinforced_dispenser": {
    "criteria": {
      "has_bow": "2024-08-03 05:27:07 +0000"
    },
    "done": true
  },
  "cfm:recipes/decorations/light_blue_cooler": {
    "criteria": {
      "has_chest": "2024-08-03 05:27:07 +0000"
    },
    "done": true
  },
  "cfm:recipes/decorations/light_blue_kitchen_drawer": {
    "criteria": {
      "has_chest": "2024-08-03 05:27:07 +0000"
    },
    "done": true
  },
  "minecraft:recipes/combat/iron_sword": {
    "criteria": {
      "has_iron_ingot": "2024-08-03 05:40:32 +0000"
    },
    "done": true
  },
  "minecraft:recipes/tools/iron_pickaxe": {
    "criteria": {
      "has_iron_ingot": "2024-08-03 05:40:32 +0000"
    },
    "done": true
  },
  "minecraft:recipes/transportation/mangrove_boat": {
    "criteria": {
      "in_water": "2024-08-03 05:29:46 +0000"
    },
    "done": true
  },
  "supplementaries:recipes/iron_gate": {
    "criteria": {
      "has_iron_ingot": "2024-08-03 05:40:32 +0000"
    },
    "done": true
  },
  "minecraft:recipes/combat/shield": {
    "criteria": {
      "has_iron_ingot": "2024-08-03 05:40:32 +0000"
    },
    "done": true
  },
  "minecraft:recipes/misc/dune_armor_trim_smithing_template": {
    "criteria": {
      "has_dune_armor_trim_smithing_template": "2024-08-03 05:40:34 +0000"
    },
    "done": true
  },
  "minecraft:recipes/decorations/iron_bars": {
    "criteria": {
      "has_iron_ingot": "2024-08-03 05:40:32 +0000"
    },
    "done": true
  },
  "minecraft:recipes/building_blocks/dye_purple_wool": {
    "criteria": {
      "has_needed_dye": "2024-08-03 05:38:32 +0000"
    },
    "done": true
  },
  "supplementaries:recipes/candle_holders/candle_holder_black": {
    "criteria": {
      "has_iron_ingot": "2024-08-03 05:40:32 +0000"
    },
    "done": true
  },
  "cfm:recipes/decorations/post_box": {
    "criteria": {
      "has_iron": "2024-08-03 05:40:32 +0000"
    },
    "done": true
  },
  "aether:recipes/decorations/skyroot_smithing_table": {
    "criteria": {
      "has_iron_ingot": "2024-08-03 05:40:32 +0000"
    },
    "done": true
  },
  "supplementaries:recipes/altimeter": {
    "criteria": {
      "has_copper_ingot": "2024-08-03 05:46:51 +0000"
    },
    "done": true
  },
  "minecraft:recipes/brewing/fermented_spider_eye": {
    "criteria": {
      "has_spider_eye": "2024-08-03 05:41:42 +0000"
    },
    "done": true
  },
  "aether:recipes/combat/skyroot_iron_vanilla_shield": {
    "criteria": {
      "has_iron_ingot": "2024-08-03 05:40:32 +0000"
    },
    "done": true
  },
  "supplementaries:recipes/candle_holders/candle_holder_green": {
    "criteria": {
      "has_iron_ingot": "2024-08-03 05:40:32 +0000"
    },
    "done": true
  },
  "twilightforest:recipes/transportation/canopy_boat": {
    "criteria": {
      "in_water": "2024-08-03 05:29:46 +0000"
    },
    "done": true
  },
  "minecraft:recipes/building_blocks/dye_purple_carpet": {
    "criteria": {
      "has_needed_dye": "2024-08-03 05:38:32 +0000"
    },
    "done": true
  },
  "tombstone:adventure/bone_crusher": {
    "criteria": {
      "coded_trigger": "2024-08-03 05:44:25 +0000"
    },
    "done": true
  },
  "cfm:recipes/decorations/oak_park_bench": {
    "criteria": {
      "has_log": "2024-08-03 05:27:07 +0000"
    },
    "done": true
  },
  "ecologics:recipes/ecologics/coconut_boat": {
    "criteria": {
      "in_water": "2024-08-03 05:29:46 +0000"
    },
    "done": true
  },
  "farmersdelight:recipes/cooking/bone_broth": {
    "criteria": {
      "has_bone": "2024-08-03 05:28:55 +0000"
    },
    "done": true
  },
  "cfm:recipes/decorations/black_kitchen_drawer": {
    "criteria": {
      "has_chest": "2024-08-03 05:27:07 +0000"
    },
    "done": true
  },
  "sophisticatedbackpacks:recipes/misc/upgrade_base": {
    "criteria": {
      "has_leather": "2024-08-03 05:33:56 +0000"
    },
    "done": true
  },
  "securitycraft:recipes/misc/smart_module": {
    "criteria": {
      "has_iron": "2024-08-03 05:40:32 +0000"
    },
    "done": true
  },
  "cfm:recipes/decorations/mangrove_kitchen_drawer": {
    "criteria": {
      "has_chest": "2024-08-03 05:27:07 +0000"
    },
    "done": true
  },
  "cfm:recipes/decorations/stripped_dark_oak_mail_box": {
    "criteria": {
      "has_chest": "2024-08-03 05:27:07 +0000"
    },
    "done": true
  },
  "supplementaries:recipes/candle_holders/candle_holder": {
    "criteria": {
      "has_iron_ingot": "2024-08-03 05:40:32 +0000"
    },
    "done": true
  },
  "minecraft:recipes/food/cooked_mutton_from_campfire_cooking": {
    "criteria": {
      "has_mutton": "2024-08-03 05:27:07 +0000"
    },
    "done": true
  },
  "cfm:recipes/decorations/mangrove_mail_box": {
    "criteria": {
      "has_chest": "2024-08-03 05:27:07 +0000"
    },
    "done": true
  },
  "farmersdelight:recipes/cooking/pasta_with_mutton_chop": {
    "criteria": {
      "has_any_ingredient": "2024-08-03 05:27:07 +0000"
    },
    "done": true
  },
  "ecologics:recipes/ecologics/flowering_azalea_boat": {
    "criteria": {
      "in_water": "2024-08-03 05:29:46 +0000"
    },
    "done": true
  },
  "cfm:recipes/decorations/cyan_grill": {
    "criteria": {
      "has_iron": "2024-08-03 05:40:32 +0000"
    },
    "done": true
  },
  "cfm:recipes/decorations/yellow_cooler": {
    "criteria": {
      "has_chest": "2024-08-03 05:27:07 +0000"
    },
    "done": true
  },
  "cfm:recipes/decorations/spruce_mail_box": {
    "criteria": {
      "has_chest": "2024-08-03 05:27:07 +0000"
    },
    "done": true
  },
  "cfm:recipes/decorations/white_cooler": {
    "criteria": {
      "has_chest": "2024-08-03 05:27:07 +0000"
    },
    "done": true
  },
  "farmersdelight:recipes/building_blocks/organic_compost_from_rotten_flesh": {
    "criteria": {
      "has_rotten_flesh": "2024-08-03 05:32:24 +0000"
    },
    "done": true
  },
  "cfm:recipes/decorations/stripped_spruce_kitchen_drawer": {
    "criteria": {
      "has_chest": "2024-08-03 05:27:07 +0000"
    },
    "done": true
  },
  "minecraft:recipes/tools/iron_axe": {
    "criteria": {
      "has_iron_ingot": "2024-08-03 05:40:32 +0000"
    },
    "done": true
  },
  "cfm:recipes/decorations/oak_cabinet": {
    "criteria": {
      "has_log": "2024-08-03 05:27:07 +0000"
    },
    "done": true
  },
  "cfm:recipes/decorations/warped_kitchen_drawer": {
    "criteria": {
      "has_chest": "2024-08-03 05:27:07 +0000"
    },
    "done": true
  },
  "cfm:recipes/decorations/spruce_kitchen_drawer": {
    "criteria": {
      "has_chest": "2024-08-03 05:27:07 +0000"
    },
    "done": true
  },
  "cfm:recipes/decorations/lime_kitchen_drawer": {
    "criteria": {
      "has_chest": "2024-08-03 05:27:07 +0000"
    },
    "done": true
  },
  "minecraft:recipes/tools/golden_hoe": {
    "criteria": {
      "has_gold_ingot": "2024-08-03 05:40:21 +0000"
    },
    "done": true
  },
  "ad_astra:recipes/misc/compressor": {
    "criteria": {
      "has_compressor": "2024-08-03 05:40:32 +0000"
    },
    "done": true
  },
  "supplementaries:recipes/gold_door": {
    "criteria": {
      "has_gold_ingot": "2024-08-03 05:40:21 +0000"
    },
    "done": true
  },
  "cfm:recipes/decorations/oak_kitchen_drawer": {
    "criteria": {
      "has_chest": "2024-08-03 05:27:07 +0000"
    },
    "done": true
  },
  "twilightforest:recipes/transportation/sorting_boat": {
    "criteria": {
      "in_water": "2024-08-03 05:29:46 +0000"
    },
    "done": true
  },
  "tombstone:adventure/create_magic_scroll": {
    "criteria": {
      "has_magic_scroll": "2024-08-03 05:47:44 +0000"
    },
    "done": true
  },
  "aether:recipes/combat/golden_pendant": {
    "criteria": {
      "has_gold_ingot": "2024-08-03 05:40:21 +0000"
    },
    "done": true
  },
  "cfm:recipes/decorations/brown_cooler": {
    "criteria": {
      "has_chest": "2024-08-03 05:27:07 +0000"
    },
    "done": true
  },
  "iceandfire:recipes/misc/copper_ingot_to_nuggets": {
    "criteria": {
      "has_item": "2024-08-03 05:46:51 +0000"
    },
    "done": true
  },
  "supplementaries:recipes/candle_holders/candle_holder_yellow": {
    "criteria": {
      "has_iron_ingot": "2024-08-03 05:40:32 +0000"
    },
    "done": true
  },
  "minecraft:recipes/redstone/iron_door": {
    "criteria": {
      "has_iron_ingot": "2024-08-03 05:40:32 +0000"
    },
    "done": true
  },
  "minecraft:recipes/transportation/dark_oak_boat": {
    "criteria": {
      "in_water": "2024-08-03 05:29:46 +0000"
    },
    "done": true
  },
  "minecraft:recipes/misc/mojang_banner_pattern": {
    "criteria": {
      "has_enchanted_golden_apple": "2024-08-03 05:42:39 +0000"
    },
    "done": true
  },
  "cfm:recipes/decorations/stripped_warped_kitchen_drawer": {
    "criteria": {
      "has_chest": "2024-08-03 05:27:07 +0000"
    },
    "done": true
  },
  "securitycraft:recipes/misc/sentry": {
    "criteria": {
      "has_iron": "2024-08-03 05:40:32 +0000"
    },
    "done": true
  },
  "aether:recipes/combat/iron_pendant": {
    "criteria": {
      "has_iron_ingot": "2024-08-03 05:40:32 +0000"
    },
    "done": true
  },
  "botania:recipes/decorations/fel_pumpkin": {
    "criteria": {
      "has_item": "2024-08-03 05:27:07 +0000"
    },
    "done": true
  },
  "minecraft:recipes/food/cooked_mutton_from_smoking": {
    "criteria": {
      "has_mutton": "2024-08-03 05:27:07 +0000"
    },
    "done": true
  },
  "cfm:recipes/decorations/dye_pink_picket_fence": {
    "criteria": {
      "has_dye": "2024-08-03 05:37:37 +0000"
    },
    "done": true
  },
  "farmersdelight:recipes/cooking/stuffed_pumpkin_block": {
    "criteria": {
      "has_pumpkin": "2024-08-03 05:27:07 +0000"
    },
    "done": true
  },
  "minecraft:recipes/tools/golden_axe": {
    "criteria": {
      "has_gold_ingot": "2024-08-03 05:40:21 +0000"
    },
    "done": true
  },
  "cfm:recipes/decorations/brown_kitchen_drawer": {
    "criteria": {
      "has_chest": "2024-08-03 05:27:07 +0000"
    },
    "done": true
  },
  "minecraft:recipes/tools/golden_pickaxe": {
    "criteria": {
      "has_gold_ingot": "2024-08-03 05:40:21 +0000"
    },
    "done": true
  },
  "supplementaries:recipes/spring_launcher": {
    "criteria": {
      "has_iron_ingot": "2024-08-03 05:40:32 +0000"
    },
    "done": true
  },
  "ae2:recipes/misc/decorative/light_detector": {
    "criteria": {
      "has_iron_ingot": "2024-08-03 05:40:32 +0000"
    },
    "done": true
  },
  "minecraft:recipes/building_blocks/prismarine": {
    "criteria": {
      "has_prismarine_shard": "2024-08-03 05:41:08 +0000"
    },
    "done": true
  },
  "cfm:recipes/decorations/brown_grill": {
    "criteria": {
      "has_iron": "2024-08-03 05:40:32 +0000"
    },
    "done": true
  },
  "player_companions:recipes/tame_honeycomb_from_honeycomb": {
    "criteria": {
      "has_lead": "2024-08-03 05:43:55 +0000"
    },
    "done": true
  },
  "supplementaries:recipes/candle_holders/candle_holder_blue": {
    "criteria": {
      "has_iron_ingot": "2024-08-03 05:40:32 +0000"
    },
    "done": true
  },
  "minecraft:recipes/combat/diamond_chestplate": {
    "criteria": {
      "has_diamond": "2024-08-03 05:48:23 +0000"
    },
    "done": true
  },
  "supplementaries:recipes/candle_holders/candle_holder_lime": {
    "criteria": {
      "has_iron_ingot": "2024-08-03 05:40:32 +0000"
    },
    "done": true
  },
  "cfm:recipes/decorations/gray_kitchen_drawer": {
    "criteria": {
      "has_chest": "2024-08-03 05:27:07 +0000"
    },
    "done": true
  },
  "supplementaries:recipes/soap": {
    "criteria": {
      "has_water_bucket": "2024-08-03 05:27:07 +0000"
    },
    "done": true
  },
  "supplementaries:recipes/lock_block": {
    "criteria": {
      "has_iron_ingot": "2024-08-03 05:40:32 +0000"
    },
    "done": true
  },
  "cfm:recipes/decorations/birch_mail_box": {
    "criteria": {
      "has_chest": "2024-08-03 05:27:07 +0000"
    },
    "done": true
  },
  "cfm:recipes/decorations/blue_cooler": {
    "criteria": {
      "has_chest": "2024-08-03 05:27:07 +0000"
    },
    "done": true
  },
  "supplementaries:recipes/candle_holders/candle_holder_light_blue": {
    "criteria": {
      "has_iron_ingot": "2024-08-03 05:40:32 +0000"
    },
    "done": true
  },
  "securitycraft:recipes/misc/storage_module": {
    "criteria": {
      "has_iron": "2024-08-03 05:40:32 +0000"
    },
    "done": true
  },
  "cfm:recipes/decorations/black_trampoline": {
    "criteria": {
      "has_iron": "2024-08-03 05:40:32 +0000"
    },
    "done": true
  },
  "minecraft:recipes/tools/shears": {
    "criteria": {
      "has_iron_ingot": "2024-08-03 05:40:32 +0000"
    },
    "done": true
  },
  "ae2:recipes/misc/misc/tiny_tnt": {
    "criteria": {
      "has_gunpowder": "2024-08-03 05:45:01 +0000"
    },
    "done": true
  },
  "supplementaries:recipes/cage": {
    "criteria": {
      "has_iron_ingot": "2024-08-03 05:40:32 +0000"
    },
    "done": true
  },
  "botania:recipes/redstone/red_string_container": {
    "criteria": {
      "has_base_block": "2024-08-03 05:27:07 +0000"
    },
    "done": true
  },
  "minecraft:recipes/building_blocks/dye_pink_bed": {
    "criteria": {
      "has_needed_dye": "2024-08-03 05:37:37 +0000"
    },
    "done": true
  },
  "minecraft:recipes/food/cooked_mutton_from_grill_cooking": {
    "criteria": {
      "has_mutton": "2024-08-03 05:27:07 +0000"
    },
    "done": true
  },
  "cfm:recipes/decorations/yellow_grill": {
    "criteria": {
      "has_iron": "2024-08-03 05:40:32 +0000"
    },
    "done": true
  },
  "minecraft:recipes/redstone/lightning_rod": {
    "criteria": {
      "has_copper_ingot": "2024-08-03 05:46:51 +0000"
    },
    "done": true
  },
  "cfm:recipes/decorations/oak_crate": {
    "criteria": {
      "has_log": "2024-08-03 05:27:07 +0000"
    },
    "done": true
  },
  "ae2:recipes/misc/network/cables/smart_purple": {
    "criteria": {
      "has_dyes/black": "2024-08-03 05:38:32 +0000"
    },
    "done": true
  },
  "cfm:recipes/decorations/fridge_light": {
    "criteria": {
      "has_chest": "2024-08-03 05:27:07 +0000"
    },
    "done": true
  },
  "minecraft:recipes/building_blocks/iron_block": {
    "criteria": {
      "has_iron_ingot": "2024-08-03 05:40:32 +0000"
    },
    "done": true
  },
  "supplementaries:recipes/cog_block": {
    "criteria": {
      "has_copper_ingot": "2024-08-03 05:46:51 +0000"
    },
    "done": true
  },
  "ironchest:recipes/decorations/upgrades/wood_to_copper_chest_upgrade": {
    "criteria": {
      "has_copper_ingot": "2024-08-03 05:46:51 +0000"
    },
    "done": true
  },
  "farmersdelight:recipes/decorations/cooking_pot": {
    "criteria": {
      "has_iron_ingot": "2024-08-03 05:40:32 +0000"
    },
    "done": true
  },
  "minecraft:recipes/transportation/bamboo_raft": {
    "criteria": {
      "in_water": "2024-08-03 05:29:46 +0000"
    },
    "done": true
  },
  "supplementaries:recipes/bomb": {
    "criteria": {
      "has_string": "2024-08-03 05:28:51 +0000"
    },
    "done": true
  },
  "cfm:recipes/decorations/stripped_mangrove_kitchen_drawer": {
    "criteria": {
      "has_chest": "2024-08-03 05:27:07 +0000"
    },
    "done": true
  },
  "ae2:recipes/misc/network/cables/dense_covered_pink": {
    "criteria": {
      "has_dyes/black": "2024-08-03 05:37:37 +0000"
    },
    "done": true
  },
  "cfm:recipes/decorations/blue_trampoline": {
    "criteria": {
      "has_iron": "2024-08-03 05:40:32 +0000"
    },
    "done": true
  },
  "securitycraft:recipes/misc/whitelist_module": {
    "criteria": {
      "has_iron": "2024-08-03 05:40:32 +0000"
    },
    "done": true
  },
  "cfm:recipes/decorations/stripped_mangrove_mail_box": {
    "criteria": {
      "has_chest": "2024-08-03 05:27:07 +0000"
    },
    "done": true
  },
  "minecraft:recipes/tools/diamond_shovel": {
    "criteria": {
      "has_diamond": "2024-08-03 05:48:23 +0000"
    },
    "done": true
  },
  "sophisticatedbackpacks:recipes/misc/netherite_backpack": {
    "criteria": {
      "has_diamond_backpack": "2024-08-03 05:27:07 +0000"
    },
    "done": true
  },
  "minecraft:recipes/redstone/light_weighted_pressure_plate": {
    "criteria": {
      "has_gold_ingot": "2024-08-03 05:40:21 +0000"
    },
    "done": true
  },
  "securitycraft:recipes/misc/security_camera": {
    "criteria": {
      "has_iron": "2024-08-03 05:40:32 +0000"
    },
    "done": true
  },
  "ecologics:recipes/ecologics/walnut_boat": {
    "criteria": {
      "in_water": "2024-08-03 05:29:46 +0000"
    },
    "done": true
  },
  "minecraft:recipes/building_blocks/copper_block": {
    "criteria": {
      "has_copper_ingot": "2024-08-03 05:46:51 +0000"
    },
    "done": true
  },
  "minecraft:recipes/misc/popped_chorus_fruit": {
    "criteria": {
      "has_chorus_fruit": "2024-08-03 05:43:54 +0000"
    },
    "done": true
  },
  "cfm:recipes/decorations/yellow_trampoline": {
    "criteria": {
      "has_iron": "2024-08-03 05:40:32 +0000"
    },
    "done": true
  },
  "cfm:recipes/decorations/stripped_oak_mail_box": {
    "criteria": {
      "has_chest": "2024-08-03 05:27:07 +0000"
    },
    "done": true
  },
  "securitycraft:recipes/misc/briefcase": {
    "criteria": {
      "has_iron": "2024-08-03 05:40:32 +0000"
    },
    "done": true
  },
  "cfm:recipes/decorations/acacia_kitchen_drawer": {
    "criteria": {
      "has_chest": "2024-08-03 05:27:07 +0000"
    },
    "done": true
  },
  "ad_astra:recipes/misc/small_pink_industrial_lamp": {
    "criteria": {
      "has_small_pink_industrial_lamp": "2024-08-03 05:37:37 +0000"
    },
    "done": true
  },
  "cfm:recipes/decorations/cyan_cooler": {
    "criteria": {
      "has_chest": "2024-08-03 05:27:07 +0000"
    },
    "done": true
  },
  "sophisticatedbackpacks:recipes/misc/backpack": {
    "criteria": {
      "has_leather": "2024-08-03 05:33:56 +0000"
    },
    "done": true
  },
  "minecraft:recipes/food/cooked_beef_from_smoking": {
    "criteria": {
      "has_beef": "2024-08-03 05:33:56 +0000"
    },
    "done": true
  },
  "cfm:recipes/decorations/orange_trampoline": {
    "criteria": {
      "has_iron": "2024-08-03 05:40:32 +0000"
    },
    "done": true
  },
  "securitycraft:recipes/misc/electrified_iron_fence": {
    "criteria": {
      "has_iron": "2024-08-03 05:40:32 +0000"
    },
    "done": true
  },
  "supplementaries:recipes/candle_holders/candle_holder_purple": {
    "criteria": {
      "has_iron_ingot": "2024-08-03 05:40:32 +0000"
    },
    "done": true
  },
  "aether:recipes/combat/netherite_boots_repairing": {
    "criteria": {
      "has_netherite_boots": "2024-08-03 05:27:07 +0000"
    },
    "done": true
  },
  "minecraft:recipes/decorations/lantern": {
    "criteria": {
      "has_iron_ingot": "2024-08-03 05:40:32 +0000"
    },
    "done": true
  },
  "cfm:recipes/decorations/crimson_mail_box": {
    "criteria": {
      "has_chest": "2024-08-03 05:27:07 +0000"
    },
    "done": true
  },
  "hangglider:recipes/tools/glider_wing": {
    "criteria": {
      "has_leather": "2024-08-03 05:33:56 +0000"
    },
    "done": true
  },
  "cfm:recipes/decorations/gray_grill": {
    "criteria": {
      "has_iron": "2024-08-03 05:40:32 +0000"
    },
    "done": true
  },
  "cfm:recipes/decorations/red_kitchen_drawer": {
    "criteria": {
      "has_chest": "2024-08-03 05:27:07 +0000"
    },
    "done": true
  },
  "cfm:recipes/decorations/jungle_kitchen_drawer": {
    "criteria": {
      "has_chest": "2024-08-03 05:27:07 +0000"
    },
    "done": true
  },
  "minecraft:recipes/misc/charcoal": {
    "criteria": {
      "has_log": "2024-08-03 05:27:07 +0000"
    },
    "done": true
  },
  "minecraft:recipes/tools/iron_shovel": {
    "criteria": {
      "has_iron_ingot": "2024-08-03 05:40:32 +0000"
    },
    "done": true
  },
  "cfm:recipes/decorations/red_cooler": {
    "criteria": {
      "has_chest": "2024-08-03 05:27:07 +0000"
    },
    "done": true
  },
  "minecraft:recipes/decorations/item_frame": {
    "criteria": {
      "has_leather": "2024-08-03 05:33:56 +0000"
    },
    "done": true
  },
  "cfm:recipes/decorations/oak_upgraded_gate": {
    "criteria": {
      "has_log": "2024-08-03 05:27:07 +0000"
    },
    "done": true
  },
  "minecraft:recipes/combat/diamond_helmet": {
    "criteria": {
      "has_diamond": "2024-08-03 05:48:23 +0000"
    },
    "done": true
  },
  "cfm:recipes/decorations/oak_desk": {
    "criteria": {
      "has_log": "2024-08-03 05:27:07 +0000"
    },
    "done": true
  },
  "supplementaries:recipes/slingshot": {
    "criteria": {
      "has_string": "2024-08-03 05:28:51 +0000"
    },
    "done": true
  },
  "aether:recipes/combat/diamond_chestplate_repairing": {
    "criteria": {
      "has_diamond_chestplate": "2024-08-03 05:27:07 +0000"
    },
    "done": true
  },
  "cfm:recipes/decorations/pink_cooler": {
    "criteria": {
      "has_chest": "2024-08-03 05:27:07 +0000"
    },
    "done": true
  },
  "ironchest:recipes/decorations/upgrades/copper_to_iron_chest_upgrade": {
    "criteria": {
      "has_iron_ingot": "2024-08-03 05:40:32 +0000"
    },
    "done": true
  },
  "cfm:recipes/decorations/brown_trampoline": {
    "criteria": {
      "has_iron": "2024-08-03 05:40:32 +0000"
    },
    "done": true
  },
  "aether:recipes/combat/diamond_gloves": {
    "criteria": {
      "has_diamond": "2024-08-03 05:48:23 +0000"
    },
    "done": true
  },
  "cfm:recipes/decorations/jungle_mail_box": {
    "criteria": {
      "has_chest": "2024-08-03 05:27:07 +0000"
    },
    "done": true
  },
  "player_companions:recipes/tame_cake_from_cake": {
    "criteria": {
      "has_lead": "2024-08-03 05:43:55 +0000"
    },
    "done": true
  },
  "securitycraft:recipes/misc/trophy_system": {
    "criteria": {
      "has_iron": "2024-08-03 05:40:32 +0000"
    },
    "done": true
  },
  "minecraft:recipes/brewing/cauldron": {
    "criteria": {
      "has_water_bucket": "2024-08-03 05:27:07 +0000"
    },
    "done": true
  },
  "cfm:recipes/decorations/green_cooler": {
    "criteria": {
      "has_chest": "2024-08-03 05:27:07 +0000"
    },
    "done": true
  },
  "cfm:recipes/decorations/blue_kitchen_drawer": {
    "criteria": {
      "has_chest": "2024-08-03 05:27:07 +0000"
    },
    "done": true
  },
  "minecraft:recipes/combat/crossbow": {
    "criteria": {
      "has_string": "2024-08-03 05:28:51 +0000"
    },
    "done": true
  },
  "ae2:recipes/misc/network/cables/dense_smart_purple": {
    "criteria": {
      "has_dyes/black": "2024-08-03 05:38:32 +0000"
    },
    "done": true
  },
  "securitycraft:recipes/misc/camera_monitor": {
    "criteria": {
      "has_iron": "2024-08-03 05:40:32 +0000"
    },
    "done": true
  },
  "securitycraft:recipes/misc/sc_manual": {
    "criteria": {
      "has_wood": "2024-08-03 05:27:07 +0000"
    },
    "done": true
  },
  "supplementaries:recipes/sack": {
    "criteria": {
      "has_string": "2024-08-03 05:28:51 +0000"
    },
    "done": true
  },
  "cfm:recipes/decorations/stripped_crimson_kitchen_drawer": {
    "criteria": {
      "has_chest": "2024-08-03 05:27:07 +0000"
    },
    "done": true
  },
  "securitycraft:recipes/misc/redstone_module": {
    "criteria": {
      "has_iron": "2024-08-03 05:40:32 +0000"
    },
    "done": true
  },
  "minecraft:recipes/misc/pink_dye_from_peony": {
    "criteria": {
      "has_peony": "2024-08-03 05:46:49 +0000"
    },
    "done": true
  },
  "cfm:recipes/decorations/warped_mail_box": {
    "criteria": {
      "has_chest": "2024-08-03 05:27:07 +0000"
    },
    "done": true
  },
  "minecraft:recipes/misc/ice_from_freezing": {
    "criteria": {
      "has_water": "2024-08-03 05:27:07 +0000"
    },
    "done": true
  },
  "player_companions:recipes/tame_bone_from_bone": {
    "criteria": {
      "has_bone": "2024-08-03 05:28:55 +0000"
    },
    "done": true
  },
  "minecraft:recipes/building_blocks/oak_wood": {
    "criteria": {
      "has_log": "2024-08-03 05:27:07 +0000"
    },
    "done": true
  },
  "minecraft:recipes/food/cooked_beef": {
    "criteria": {
      "has_beef": "2024-08-03 05:33:56 +0000"
    },
    "done": true
  },
  "securitycraft:recipes/tools/universal_block_remover": {
    "criteria": {
      "has_iron": "2024-08-03 05:40:32 +0000"
    },
    "done": true
  },
  "minecraft:recipes/redstone/heavy_weighted_pressure_plate": {
    "criteria": {
      "has_iron_ingot": "2024-08-03 05:40:32 +0000"
    },
    "done": true
  },
  "cfm:recipes/decorations/stripped_oak_crate": {
    "criteria": {
      "has_planks": "2024-08-03 05:27:07 +0000"
    },
    "done": true
  },
  "cfm:recipes/decorations/gray_cooler": {
    "criteria": {
      "has_chest": "2024-08-03 05:27:07 +0000"
    },
    "done": true
  },
  "ae2:recipes/misc/network/blocks/crank": {
    "criteria": {
      "has_copper_ingot": "2024-08-03 05:46:51 +0000"
    },
    "done": true
  },
  "twilightforest:recipes/transportation/twilight_oak_boat": {
    "criteria": {
      "in_water": "2024-08-03 05:29:46 +0000"
    },
    "done": true
  },
  "minecraft:recipes/misc/magenta_dye_from_lilac": {
    "criteria": {
      "has_lilac": "2024-08-03 05:46:47 +0000"
    },
    "done": true
  },
  "farmersdelight:recipes/combat/diamond_knife": {
    "criteria": {
      "has_diamond": "2024-08-03 05:48:23 +0000"
    },
    "done": true
  },
  "twilightforest:recipes/transportation/time_boat": {
    "criteria": {
      "in_water": "2024-08-03 05:29:46 +0000"
    },
    "done": true
  },
  "minecraft:recipes/combat/iron_leggings": {
    "criteria": {
      "has_iron_ingot": "2024-08-03 05:40:32 +0000"
    },
    "done": true
  },
  "iceandfire:recipes/misc/dragon_meal": {
    "criteria": {
      "has_item": "2024-08-03 05:27:07 +0000"
    },
    "done": true
  },
  "minecraft:recipes/combat/leather_leggings": {
    "criteria": {
      "has_leather": "2024-08-03 05:33:56 +0000"
    },
    "done": true
  },
  "cfm:recipes/decorations/stripped_jungle_kitchen_drawer": {
    "criteria": {
      "has_chest": "2024-08-03 05:27:07 +0000"
    },
    "done": true
  },
  "minecraft:recipes/combat/diamond_leggings": {
    "criteria": {
      "has_diamond": "2024-08-03 05:48:23 +0000"
    },
    "done": true
  },
  "player_companions:recipes/tame_seagrass_from_seagrass": {
    "criteria": {
      "has_lead": "2024-08-03 05:43:55 +0000"
    },
    "done": true
  },
  "minecraft:recipes/misc/dune_armor_trim_smithing_template_smithing_trim": {
    "criteria": {
      "has_smithing_trim_template": "2024-08-03 05:40:34 +0000"
    },
    "done": true
  },
  "aether:recipes/combat/diamond_leggings_repairing": {
    "criteria": {
      "has_diamond_leggings": "2024-08-03 05:27:07 +0000"
    },
    "done": true
  },
  "cfm:recipes/decorations/oak_bedside_cabinet": {
    "criteria": {
      "has_log": "2024-08-03 05:27:07 +0000"
    },
    "done": true
  },
  "cfm:recipes/decorations/light_gray_grill": {
    "criteria": {
      "has_iron": "2024-08-03 05:40:32 +0000"
    },
    "done": true
  },
  "securitycraft:recipes/misc/disguise_module": {
    "criteria": {
      "has_iron": "2024-08-03 05:40:32 +0000"
    },
    "done": true
  },
  "minecraft:recipes/transportation/minecart": {
    "criteria": {
      "has_iron_ingot": "2024-08-03 05:40:32 +0000"
    },
    "done": true
  },
  "minecraft:recipes/tools/iron_hoe": {
    "criteria": {
      "has_iron_ingot": "2024-08-03 05:40:32 +0000"
    },
    "done": true
  },
  "cfm:recipes/decorations/stripped_oak_bedside_cabinet": {
    "criteria": {
      "has_planks": "2024-08-03 05:27:07 +0000"
    },
    "done": true
  },
  "cfm:recipes/tools/spatula": {
    "criteria": {
      "has_iron": "2024-08-03 05:40:32 +0000"
    },
    "done": true
  },
  "cfm:recipes/decorations/dye_purple_picket_gate": {
    "criteria": {
      "has_dye": "2024-08-03 05:38:32 +0000"
    },
    "done": true
  },
  "aether:recipes/decorations/skyroot_jukebox": {
    "criteria": {
      "has_diamond": "2024-08-03 05:48:23 +0000"
    },
    "done": true
  },
  "minecraft:recipes/combat/arrow": {
    "criteria": {
      "has_feather": "2024-08-03 05:27:07 +0000"
    },
    "done": true
  },
  "cfm:recipes/decorations/oak_mail_box": {
    "criteria": {
      "has_chest": "2024-08-03 05:27:07 +0000"
    },
    "done": true
  },
  "minecraft:recipes/misc/vex_armor_trim_smithing_template_smithing_trim": {
    "criteria": {
      "has_smithing_trim_template": "2024-08-03 05:41:08 +0000"
    },
    "done": true
  },
  "aether:recipes/combat/golden_dart": {
    "criteria": {
      "has_feather": "2024-08-03 05:27:07 +0000"
    },
    "done": true
  },
  "minecraft:recipes/tools/fishing_rod": {
    "criteria": {
      "has_string": "2024-08-03 05:28:51 +0000"
    },
    "done": true
  },
  "minecraft:recipes/misc/pumpkin_seeds": {
    "criteria": {
      "has_pumpkin": "2024-08-03 05:27:07 +0000"
    },
    "done": true
  },
  "minecraft:recipes/building_blocks/dye_pink_wool": {
    "criteria": {
      "has_needed_dye": "2024-08-03 05:37:37 +0000"
    },
    "done": true
  },
  "twilightforest:recipes/transportation/transformation_boat": {
    "criteria": {
      "in_water": "2024-08-03 05:29:46 +0000"
    },
    "done": true
  },
  "minecraft:recipes/decorations/chain": {
    "criteria": {
      "has_iron_ingot": "2024-08-03 05:40:32 +0000"
    },
    "done": true
  },
  "farmersdelight:recipes/cooking/pumpkin_soup": {
    "criteria": {
      "has_any_ingredient": "2024-08-03 05:27:07 +0000"
    },
    "done": true
  },
  "supplementaries:recipes/sconce": {
    "criteria": {
      "has_torch": "2024-08-03 05:41:59 +0000"
    },
    "done": true
  },
  "ad_astra:recipes/compressing/compressing/iron_plate_from_compressing_iron_ingot": {
    "criteria": {
      "has_item": "2024-08-03 05:40:32 +0000"
    },
    "done": true
  },
  "minecraft:recipes/decorations/smithing_table": {
    "criteria": {
      "has_iron_ingot": "2024-08-03 05:40:32 +0000"
    },
    "done": true
  },
  "supplementaries:recipes/speaker_block": {
    "criteria": {
      "has_emerald": "2024-08-03 05:47:43 +0000"
    },
    "done": true
  },
  "supplementaries:recipes/bellows": {
    "criteria": {
      "has_leather": "2024-08-03 05:33:56 +0000"
    },
    "done": true
  },
  "supplementaries:recipes/candle_holders/candle_holder_pink_dye": {
    "criteria": {
      "forge:dyes/pink": "2024-08-03 05:37:37 +0000"
    },
    "done": true
  },
  "minecraft:recipes/building_blocks/dark_prismarine": {
    "criteria": {
      "has_prismarine_shard": "2024-08-03 05:41:08 +0000"
    },
    "done": true
  },
  "minecraft:recipes/building_blocks/dye_pink_carpet": {
    "criteria": {
      "has_needed_dye": "2024-08-03 05:37:37 +0000"
    },
    "done": true
  },
  "cfm:recipes/decorations/dark_oak_kitchen_drawer": {
    "criteria": {
      "has_chest": "2024-08-03 05:27:07 +0000"
    },
    "done": true
  },
  "minecraft:recipes/transportation/birch_boat": {
    "criteria": {
      "in_water": "2024-08-03 05:29:46 +0000"
    },
    "done": true
  },
  "cfm:recipes/decorations/stripped_oak_park_bench": {
    "criteria": {
      "has_log": "2024-08-03 05:27:07 +0000"
    },
    "done": true
  },
  "ae2:recipes/misc/network/cables/dense_smart_pink": {
    "criteria": {
      "has_dyes/black": "2024-08-03 05:37:37 +0000"
    },
    "done": true
  },
  "minecraft:recipes/transportation/oak_boat": {
    "criteria": {
      "in_water": "2024-08-03 05:29:46 +0000"
    },
    "done": true
  },
  "supplementaries:recipes/goblet": {
    "criteria": {
      "has_iron_ingot": "2024-08-03 05:40:32 +0000"
    },
    "done": true
  },
  "tombstone:adventure/create_magic_tablet": {
    "criteria": {
      "has_magic_tablet": "2024-08-03 05:40:21 +0000"
    },
    "done": true
  },
  "cfm:recipes/decorations/pink_kitchen_drawer": {
    "criteria": {
      "has_chest": "2024-08-03 05:27:07 +0000"
    },
    "done": true
  },
  "minecraft:recipes/misc/vex_armor_trim_smithing_template": {
    "criteria": {
      "has_vex_armor_trim_smithing_template": "2024-08-03 05:41:08 +0000"
    },
    "done": true
  },
  "cfm:recipes/decorations/stripped_oak_coffee_table": {
    "criteria": {
      "has_planks": "2024-08-03 05:27:07 +0000"
    },
    "done": true
  },
  "minecraft:recipes/building_blocks/dye_purple_bed": {
    "criteria": {
      "has_needed_dye": "2024-08-03 05:38:32 +0000"
    },
    "done": true
  },
  "ae2:recipes/misc/network/cables/glass_purple": {
    "criteria": {
      "has_dyes/black": "2024-08-03 05:38:32 +0000"
    },
    "done": true
  },
  "cfm:recipes/decorations/white_trampoline": {
    "criteria": {
      "has_iron": "2024-08-03 05:40:32 +0000"
    },
    "done": true
  },
  "supplementaries:recipes/key": {
    "criteria": {
      "has_gold_ingot": "2024-08-03 05:40:21 +0000"
    },
    "done": true
  },
  "farmersdelight:recipes/cooking/beef_stew": {
    "criteria": {
      "has_any_ingredient": "2024-08-03 05:33:56 +0000"
    },
    "done": true
  },
  "minecraft:recipes/food/cooked_mutton": {
    "criteria": {
      "has_mutton": "2024-08-03 05:27:07 +0000"
    },
    "done": true
  },
  "minecraft:recipes/food/cooked_beef_from_grill_cooking": {
    "criteria": {
      "has_beef": "2024-08-03 05:33:56 +0000"
    },
    "done": true
  },
  "cfm:recipes/decorations/light_gray_cooler": {
    "criteria": {
      "has_chest": "2024-08-03 05:27:07 +0000"
    },
    "done": true
  },
  "cfm:recipes/decorations/cyan_trampoline": {
    "criteria": {
      "has_iron": "2024-08-03 05:40:32 +0000"
    },
    "done": true
  },
  "twilightforest:recipes/transportation/dark_boat": {
    "criteria": {
      "in_water": "2024-08-03 05:29:46 +0000"
    },
    "done": true
  },
  "player_companions:recipes/tame_sweet_berries": {
    "criteria": {
      "has_lead": "2024-08-03 05:43:55 +0000"
    },
    "done": true
  },
  "hangglider:recipes/tools/glider_framework": {
    "criteria": {
      "has_iron_ingot": "2024-08-03 05:40:32 +0000"
    },
    "done": true
  },
  "securitycraft:recipes/misc/harming_module": {
    "criteria": {
      "has_iron": "2024-08-03 05:40:32 +0000"
    },
    "done": true
  },
  "friendsandfoes:recipes/redstone/copper_button": {
    "criteria": {
      "has_copper_ingot": "2024-08-03 05:46:51 +0000"
    },
    "done": true
  },
  "lootr:10loot": {
    "criteria": {
      "loot_stat": "2024-08-03 05:45:37 +0000"
    },
    "done": true
  },
  "aether:recipes/combat/golden_gloves": {
    "criteria": {
      "has_gold": "2024-08-03 05:40:21 +0000"
    },
    "done": true
  },
  "cfm:recipes/decorations/purple_trampoline": {
    "criteria": {
      "has_iron": "2024-08-03 05:40:32 +0000"
    },
    "done": true
  },
  "aether:recipes/decorations/skyroot_chest": {
    "criteria": {
      "has_lots_of_items": "2024-08-03 05:27:07 +0000"
    },
    "done": true
  },
  "ironchest:recipes/decorations/upgrades/iron_to_gold_chest_upgrade": {
    "criteria": {
      "has_iron_ingot": "2024-08-03 05:40:32 +0000"
    },
    "done": true
  },
  "aether:recipes/combat/iron_ring": {
    "criteria": {
      "has_iron_ingot": "2024-08-03 05:40:32 +0000"
    },
    "done": true
  },
  "cfm:recipes/decorations/green_trampoline": {
    "criteria": {
      "has_iron": "2024-08-03 05:40:32 +0000"
    },
    "done": true
  },
  "supplementaries:recipes/candle_holders/candle_holder_purple_dye": {
    "criteria": {
      "forge:dyes/purple": "2024-08-03 05:38:32 +0000"
    },
    "done": true
  },
  "minecraft:recipes/building_blocks/white_wool_from_string": {
    "criteria": {
      "has_string": "2024-08-03 05:28:51 +0000"
    },
    "done": true
  },
  "cfm:recipes/decorations/stripped_oak_chair": {
    "criteria": {
      "has_planks": "2024-08-03 05:27:07 +0000"
    },
    "done": true
  },
  "cfm:recipes/decorations/orange_grill": {
    "criteria": {
      "has_iron": "2024-08-03 05:40:32 +0000"
    },
    "done": true
  },
  "supplementaries:recipes/candle_holders/candle_holder_cyan": {
    "criteria": {
      "has_iron_ingot": "2024-08-03 05:40:32 +0000"
    },
    "done": true
  },
  "cfm:recipes/decorations/magenta_trampoline": {
    "criteria": {
      "has_iron": "2024-08-03 05:40:32 +0000"
    },
    "done": true
  },
  "minecraft:recipes/misc/iron_nugget_from_blasting": {
    "criteria": {
      "has_iron_hoe": "2024-08-03 05:47:24 +0000"
    },
    "done": true
  },
  "cfm:recipes/decorations/dye_pink_picket_gate": {
    "criteria": {
      "has_dye": "2024-08-03 05:37:37 +0000"
    },
    "done": true
  },
  "supplementaries:recipes/pulley": {
    "criteria": {
      "has_iron_ingot": "2024-08-03 05:40:32 +0000"
    },
    "done": true
  },
  "aether:recipes/food/moa_egg_pumpkin_pie": {
    "criteria": {
      "has_pumpkin": "2024-08-03 05:27:07 +0000"
    },
    "done": true
  },
  "ae2:main/root": {
    "criteria": {
      "copper": "2024-08-03 05:46:51 +0000"
    },
    "done": true
  },
  "cfm:recipes/decorations/lime_grill": {
    "criteria": {
      "has_iron": "2024-08-03 05:40:32 +0000"
    },
    "done": true
  },
  "cfm:recipes/decorations/stripped_acacia_mail_box": {
    "criteria": {
      "has_chest": "2024-08-03 05:27:07 +0000"
    },
    "done": true
  },
  "cfm:recipes/decorations/stripped_birch_kitchen_drawer": {
    "criteria": {
      "has_chest": "2024-08-03 05:27:07 +0000"
    },
    "done": true
  },
  "securitycraft:recipes/tools/universal_owner_changer": {
    "criteria": {
      "has_name_tag": "2024-08-03 05:45:41 +0000"
    },
    "done": true
  },
  "minecraft:recipes/redstone/tnt": {
    "criteria": {
      "has_gunpowder": "2024-08-03 05:45:01 +0000"
    },
    "done": true
  },
  "minecraft:recipes/decorations/loom": {
    "criteria": {
      "has_string": "2024-08-03 05:28:51 +0000"
    },
    "done": true
  },
  "minecraft:recipes/tools/diamond_axe": {
    "criteria": {
      "has_diamond": "2024-08-03 05:48:23 +0000"
    },
    "done": true
  },
  "aether:recipes/tools/diamond_shovel_repairing": {
    "criteria": {
      "has_diamond_shovel": "2024-08-03 05:27:07 +0000"
    },
    "done": true
  },
  "cfm:recipes/decorations/light_gray_kitchen_drawer": {
    "criteria": {
      "has_chest": "2024-08-03 05:27:07 +0000"
    },
    "done": true
  },
  "cfm:recipes/decorations/red_grill": {
    "criteria": {
      "has_iron": "2024-08-03 05:40:32 +0000"
    },
    "done": true
  },
  "cfm:recipes/decorations/dye_purple_picket_fence": {
    "criteria": {
      "has_dye": "2024-08-03 05:38:32 +0000"
    },
    "done": true
  },
  "minecraft:recipes/combat/golden_leggings": {
    "criteria": {
      "has_gold_ingot": "2024-08-03 05:40:21 +0000"
    },
    "done": true
  },
  "minecraft:recipes/food/cooked_beef_from_campfire_cooking": {
    "criteria": {
      "has_beef": "2024-08-03 05:33:56 +0000"
    },
    "done": true
  },
  "DataVersion": 3465
}