{
  "explorerscompass:explorers_compass_cracked_stone_bricks": {
    "criteria": {
      "has_recipe": "2024-07-25 22:47:17 +0000"
    },
    "done": true
  },
  "friendsandfoes:misc/yellow_dye_from_buttercup": {
    "criteria": {
      "has_the_recipe": "2024-07-25 22:47:17 +0000"
    },
    "done": true
  },
  "farmersdelight:main/root": {
    "criteria": {
      "seeds": "2024-07-25 22:47:17 +0000"
    },
    "done": true
  },
  "naturescompass:natures_compass_log": {
    "criteria": {
      "has_recipe": "2024-07-25 22:47:17 +0000"
    },
    "done": true
  },
  "ironfurnaces:coal": {
    "criteria": {
      "rainbowcoal": "2024-07-25 22:47:17 +0000"
    },
    "done": true
  },
  "naturescompass:natures_compass": {
    "criteria": {
      "has_recipe": "2024-07-25 22:47:17 +0000"
    },
    "done": true
  },
  "naturescompass:natures_compass_sapling": {
    "criteria": {
      "has_recipe": "2024-07-25 22:47:17 +0000"
    },
    "done": true
  },
  "explorerscompass:explorers_compass_cobweb": {
    "criteria": {
      "has_recipe": "2024-07-25 22:47:17 +0000"
    },
    "done": true
  },
  "explorerscompass:explorers_compass": {
    "criteria": {
      "has_recipe": "2024-07-25 22:47:17 +0000"
    },
    "done": true
  },
  "iceandfire:iceandfire/root": {
    "criteria": {
      "tick": "2024-07-25 22:47:18 +0000"
    },
    "done": true
  },
  "takesapillage:root": {
    "criteria": {
      "always": "2024-07-25 22:47:18 +0000"
    },
    "done": true
  },
  "player_companions:grant_book_on_first_join": {
    "criteria": {
      "tick": "2024-07-25 22:47:18 +0000"
    },
    "done": true
  },
  "dungeons_arise:wda_root": {
    "criteria": {
      "WDA": "2024-07-25 22:47:18 +0000"
    },
    "done": true
  },
  "undead_revamp2:theundeadchallenges": {
    "criteria": {
      "theundeadchallenges": "2024-07-25 22:47:18 +0000"
    },
    "done": true
  },
  "repurposed_structures:root": {
    "criteria": {
      "always": "2024-07-25 22:47:18 +0000"
    },
    "done": true
  },
  "mowziesmobs:root": {
    "criteria": {
      "custom_test_name": "2024-07-25 22:47:18 +0000"
    },
    "done": true
  },
  "betterdungeons:root": {
    "criteria": {
      "always": "2024-07-25 22:47:18 +0000"
    },
    "done": true
  },
  "placeablesmod:placeables": {
    "criteria": {
      "placeables": "2024-07-25 22:47:18 +0000"
    },
    "done": true
  },
  "eeeabsmobs:eeeabsmobs/root": {
    "criteria": {
      "requirement": "2024-07-25 22:47:18 +0000"
    },
    "done": true
  },
  "betterdeserttemples:root": {
    "criteria": {
      "always": "2024-07-25 22:47:18 +0000"
    },
    "done": true
  },
  "cataclysm:root": {
    "criteria": {
      "custom_test_name": "2024-07-25 22:47:18 +0000"
    },
    "done": true
  },
  "incendium:technical/new_player": {
    "criteria": {
      "requirement": "2024-07-25 22:47:18 +0000"
    },
    "done": true
  },
  "incendium:technical/scroll_of_returning": {
    "criteria": {
      "log_spam_fixer": "2024-07-25 22:47:19 +0000"
    },
    "done": false
  },
  "incendium:technical/using/ragnarok": {
    "criteria": {
      "log_spam_fixer": "2024-07-25 22:47:19 +0000"
    },
    "done": false
  },
  "incendium:technical/using/trailblazer": {
    "criteria": {
      "log_spam_fixer": "2024-07-25 22:47:19 +0000"
    },
    "done": false
  },
  "minecraft:adventure/adventuring_time": {
    "criteria": {
      "quark:glimmering_weald": "2024-07-26 00:21:50 +0000",
      "minecraft:savanna_plateau": "2024-07-26 00:20:47 +0000",
      "minecraft:stony_peaks": "2024-07-26 00:21:27 +0000",
      "minecraft:mangrove_swamp": "2024-07-25 23:01:47 +0000",
      "minecraft:sparse_jungle": "2024-07-25 23:48:38 +0000",
      "minecraft:river": "2024-07-25 23:50:40 +0000",
      "minecraft:dripstone_caves": "2024-07-26 00:21:45 +0000",
      "minecraft:forest": "2024-07-25 23:52:55 +0000",
      "minecraft:desert": "2024-07-25 22:47:19 +0000",
      "minecraft:jungle": "2024-07-25 23:50:46 +0000",
      "minecraft:savanna": "2024-07-25 23:41:15 +0000",
      "minecraft:plains": "2024-07-25 23:41:48 +0000"
    },
    "done": false
  },
  "incendium:technical/using/shield": {
    "criteria": {
      "log_spam_fixer": "2024-07-25 22:47:19 +0000"
    },
    "done": false
  },
  "tombstone:adventure/root": {
    "criteria": {
      "auto": "2024-07-25 22:47:19 +0000"
    },
    "done": true
  },
  "player_companions:crafting/craft_lead": {
    "criteria": {
      "crafting_table": "2024-07-25 23:06:26 +0000"
    },
    "done": true
  },
  "player_companions:crafting/root": {
    "criteria": {
      "crafting_table": "2024-07-25 23:06:26 +0000"
    },
    "done": true
  },
  "minecraft:story/root": {
    "criteria": {
      "crafting_table": "2024-07-25 23:06:26 +0000"
    },
    "done": true
  },
  "minecraft:story/mine_stone": {
    "criteria": {
      "get_stone": "2024-07-25 23:08:14 +0000"
    },
    "done": true
  },
  "minecraft:story/upgrade_tools": {
    "criteria": {
      "stone_pickaxe": "2024-07-25 23:08:19 +0000"
    },
    "done": true
  },
  "minecraft:husbandry/root": {
    "criteria": {
      "consumed_item": "2024-07-25 23:12:49 +0000"
    },
    "done": true
  },
  "minecraft:husbandry/balanced_diet": {
    "criteria": {
      "cooked_beef": "2024-07-25 23:13:43 +0000",
      "bread": "2024-07-25 23:45:03 +0000"
    },
    "done": false
  },
  "betterdeserttemples:temple_entry": {
    "criteria": {
      "in_better_desert_temple": "2024-07-25 23:13:48 +0000"
    },
    "done": true
  },
  "mutantmonsters:root": {
    "criteria": {
      "killed_something": "2024-07-25 23:17:02 +0000"
    },
    "done": true
  },
  "minecraft:adventure/root": {
    "criteria": {
      "killed_something": "2024-07-25 23:17:02 +0000"
    },
    "done": true
  },
  "minecraft:adventure/kill_all_mobs": {
    "criteria": {
      "minecraft:husk": "2024-07-25 23:17:02 +0000",
      "minecraft:cave_spider": "2024-07-25 23:31:30 +0000",
      "minecraft:zombie": "2024-07-25 23:18:25 +0000"
    },
    "done": false
  },
  "minecraft:adventure/kill_a_mob": {
    "criteria": {
      "minecraft:husk": "2024-07-25 23:17:02 +0000"
    },
    "done": true
  },
  "tombstone:adventure/find_grave_dust": {
    "criteria": {
      "from_undead": "2024-07-25 23:18:25 +0000"
    },
    "done": true
  },
  "tombstone:recipes/from_grave_dust": {
    "criteria": {
      "has_ingredient": "2024-07-25 23:18:25 +0000"
    },
    "done": true
  },
  "alexsmobs:alexsmobs/tarantula_hawk": {
    "criteria": {
      "killed_by": "2024-07-25 23:19:52 +0000"
    },
    "done": true
  },
  "alexsmobs:alexsmobs/rattlesnake": {
    "criteria": {
      "killed_by": "2024-07-25 23:20:15 +0000"
    },
    "done": true
  },
  "lootr:root": {
    "criteria": {
      "always_true": "2024-07-25 23:27:29 +0000"
    },
    "done": true
  },
  "enemyexpansion:hunted": {
    "criteria": {
      "hunted_0": "2024-07-25 23:30:22 +0000"
    },
    "done": true
  },
  "dungeons_arise:find_shiraz_palace": {
    "criteria": {
      "location0": "2024-07-25 23:31:03 +0000"
    },
    "done": true
  },
  "lootr:1chest": {
    "criteria": {
      "opened_chest": "2024-07-25 23:32:56 +0000"
    },
    "done": true
  },
  "lootr:social": {
    "criteria": {
      "opened_barrel": "2024-07-26 00:25:04 +0000",
      "opened_chest": "2024-07-25 23:32:56 +0000",
      "opened_cart": "2024-07-25 23:53:45 +0000"
    },
    "done": false
  },
  "artifacts:amateur_archaeologist": {
    "criteria": {
      "find_artifact": "2024-07-25 23:36:47 +0000"
    },
    "done": true
  },
  "lootr:10loot": {
    "criteria": {
      "loot_stat": "2024-07-25 23:37:04 +0000"
    },
    "done": true
  },
  "iceandfire:iceandfire/kill_ghost": {
    "criteria": {
      "killed_fire_dragon": "2024-07-25 23:42:17 +0000"
    },
    "done": true
  },
  "tombstone:adventure/first_knowledge": {
    "criteria": {
      "coded_trigger": "2024-07-25 23:42:57 +0000"
    },
    "done": true
  },
  "tombstone:adventure/ashes_and_bones": {
    "criteria": {
      "coded_trigger": "2024-07-25 23:42:57 +0000"
    },
    "done": true
  },
  "dungeons_arise:find_lighthouse": {
    "criteria": {
      "location0": "2024-07-25 23:43:52 +0000"
    },
    "done": true
  },
  "minecraft:adventure/sleep_in_bed": {
    "criteria": {
      "slept_in_bed": "2024-07-25 23:44:28 +0000"
    },
    "done": true
  },
  "minecraft:story/smelt_iron": {
    "criteria": {
      "iron": "2024-07-25 23:45:22 +0000"
    },
    "done": true
  },
  "evilcraft:root": {
    "criteria": {
      "criteria_0": "2024-07-25 23:47:46 +0000"
    },
    "done": true
  },
  "endrem:main/rogue_eye": {
    "criteria": {
      "rogue_eye": "2024-07-25 23:51:30 +0000"
    },
    "done": true
  },
  "endrem:main/root": {
    "criteria": {
      "rogue_eye": "2024-07-25 23:51:30 +0000"
    },
    "done": true
  },
  "evilcraft:evil_source": {
    "criteria": {
      "criteria_0": "2024-07-25 23:51:31 +0000"
    },
    "done": true
  },
  "portablemobs:basiccelladvancement": {
    "criteria": {
      "basiccell": "2024-07-25 23:52:11 +0000"
    },
    "done": true
  },
  "portablemobs:captureadvancement": {
    "criteria": {
      "capture": "2024-07-25 23:52:15 +0000"
    },
    "done": true
  },
  "lootr:1cart": {
    "criteria": {
      "opened_cart": "2024-07-25 23:53:45 +0000"
    },
    "done": true
  },
  "endrem:main/lost_eye": {
    "criteria": {
      "lost_eye": "2024-07-25 23:53:47 +0000"
    },
    "done": true
  },
  "tombstone:adventure/create_familiar_receptacle": {
    "criteria": {
      "has_familiar_receptacle": "2024-07-25 23:54:13 +0000"
    },
    "done": true
  },
  "artifacts:chest_slayer": {
    "criteria": {
      "kill_mimic": "2024-07-26 00:24:31 +0000"
    },
    "done": true
  },
  "lootr:1barrel": {
    "criteria": {
      "opened_barrel": "2024-07-26 00:25:04 +0000"
    },
    "done": true
  },
  "DataVersion": 3465
}