{
  "comforts:sleeping_bag_light_blue": {
    "criteria": {
      "has_the_recipe": "2024-07-31 07:37:58 +0000"
    },
    "done": true
  },
  "iceandfire:iceandfire/root": {
    "criteria": {
      "tick": "2024-07-31 07:37:58 +0000"
    },
    "done": true
  },
  "comforts:hammock_purple": {
    "criteria": {
      "has_the_recipe": "2024-07-31 07:37:58 +0000"
    },
    "done": true
  },
  "comforts:sleeping_bag_pink": {
    "criteria": {
      "has_the_recipe": "2024-07-31 07:37:58 +0000"
    },
    "done": true
  },
  "comforts:hammock_magenta": {
    "criteria": {
      "has_the_recipe": "2024-07-31 07:37:58 +0000"
    },
    "done": true
  },
  "takesapillage:root": {
    "criteria": {
      "always": "2024-07-31 07:37:58 +0000"
    },
    "done": true
  },
  "comforts:hammock_red": {
    "criteria": {
      "has_the_recipe": "2024-07-31 07:37:58 +0000"
    },
    "done": true
  },
  "ancient_elements:ancient_elements": {
    "criteria": {
      "ancient_elements": "2024-07-31 07:37:58 +0000"
    },
    "done": true
  },
  "comforts:sleeping_bag_white": {
    "criteria": {
      "has_the_recipe": "2024-07-31 07:37:58 +0000"
    },
    "done": true
  },
  "comforts:sleeping_bag_gray": {
    "criteria": {
      "has_the_recipe": "2024-07-31 07:37:58 +0000"
    },
    "done": true
  },
  "player_companions:grant_book_on_first_join": {
    "criteria": {
      "tick": "2024-07-31 07:37:58 +0000"
    },
    "done": true
  },
  "comforts:rope_and_nail": {
    "criteria": {
      "has_the_recipe": "2024-07-31 07:37:58 +0000"
    },
    "done": true
  },
  "explorerscompass:explorers_compass_cracked_stone_bricks": {
    "criteria": {
      "has_recipe": "2024-07-31 07:37:58 +0000"
    },
    "done": true
  },
  "comforts:sleeping_bag_cyan": {
    "criteria": {
      "has_the_recipe": "2024-07-31 07:37:58 +0000"
    },
    "done": true
  },
  "dungeons_arise:wda_root": {
    "criteria": {
      "WDA": "2024-07-31 07:37:58 +0000"
    },
    "done": true
  },
  "comforts:sleeping_bag_light_gray": {
    "criteria": {
      "has_the_recipe": "2024-07-31 07:37:58 +0000"
    },
    "done": true
  },
  "comforts:hammock_black": {
    "criteria": {
      "has_the_recipe": "2024-07-31 07:37:58 +0000"
    },
    "done": true
  },
  "undead_revamp2:theundeadchallenges": {
    "criteria": {
      "theundeadchallenges": "2024-07-31 07:37:58 +0000"
    },
    "done": true
  },
  "friendsandfoes:misc/yellow_dye_from_buttercup": {
    "criteria": {
      "has_the_recipe": "2024-07-31 07:37:58 +0000"
    },
    "done": true
  },
  "farmersdelight:main/root": {
    "criteria": {
      "seeds": "2024-07-31 07:37:58 +0000"
    },
    "done": true
  },
  "naturescompass:natures_compass_log": {
    "criteria": {
      "has_recipe": "2024-07-31 07:37:58 +0000"
    },
    "done": true
  },
  "comforts:hammock_gray": {
    "criteria": {
      "has_the_recipe": "2024-07-31 07:37:58 +0000"
    },
    "done": true
  },
  "comforts:hammock_cyan": {
    "criteria": {
      "has_the_recipe": "2024-07-31 07:37:58 +0000"
    },
    "done": true
  },
  "comforts:sleeping_bag_purple": {
    "criteria": {
      "has_the_recipe": "2024-07-31 07:37:58 +0000"
    },
    "done": true
  },
  "comforts:sleeping_bag_green": {
    "criteria": {
      "has_the_recipe": "2024-07-31 07:37:58 +0000"
    },
    "done": true
  },
  "comforts:hammock_light_blue": {
    "criteria": {
      "has_the_recipe": "2024-07-31 07:37:58 +0000"
    },
    "done": true
  },
  "ironfurnaces:coal": {
    "criteria": {
      "rainbowcoal": "2024-07-31 07:37:58 +0000"
    },
    "done": true
  },
  "comforts:sleeping_bag_magenta": {
    "criteria": {
      "has_the_recipe": "2024-07-31 07:37:58 +0000"
    },
    "done": true
  },
  "comforts:hammock_green": {
    "criteria": {
      "has_the_recipe": "2024-07-31 07:37:58 +0000"
    },
    "done": true
  },
  "repurposed_structures:root": {
    "criteria": {
      "always": "2024-07-31 07:37:58 +0000"
    },
    "done": true
  },
  "naturescompass:natures_compass": {
    "criteria": {
      "has_recipe": "2024-07-31 07:37:58 +0000"
    },
    "done": true
  },
  "comforts:sleeping_bag_black": {
    "criteria": {
      "has_the_recipe": "2024-07-31 07:37:58 +0000"
    },
    "done": true
  },
  "comforts:hammock_lime": {
    "criteria": {
      "has_the_recipe": "2024-07-31 07:37:58 +0000"
    },
    "done": true
  },
  "naturescompass:natures_compass_sapling": {
    "criteria": {
      "has_recipe": "2024-07-31 07:37:58 +0000"
    },
    "done": true
  },
  "comforts:sleeping_bag_red": {
    "criteria": {
      "has_the_recipe": "2024-07-31 07:37:58 +0000"
    },
    "done": true
  },
  "comforts:sleeping_bag_orange": {
    "criteria": {
      "has_the_recipe": "2024-07-31 07:37:58 +0000"
    },
    "done": true
  },
  "comforts:hammock_blue": {
    "criteria": {
      "has_the_recipe": "2024-07-31 07:37:58 +0000"
    },
    "done": true
  },
  "comforts:hammock_white": {
    "criteria": {
      "has_the_recipe": "2024-07-31 07:37:58 +0000"
    },
    "done": true
  },
  "mowziesmobs:root": {
    "criteria": {
      "custom_test_name": "2024-07-31 07:37:58 +0000"
    },
    "done": true
  },
  "comforts:hammock_light_gray": {
    "criteria": {
      "has_the_recipe": "2024-07-31 07:37:58 +0000"
    },
    "done": true
  },
  "comforts:sleeping_bag_brown": {
    "criteria": {
      "has_the_recipe": "2024-07-31 07:37:58 +0000"
    },
    "done": true
  },
  "betterdungeons:root": {
    "criteria": {
      "always": "2024-07-31 07:37:58 +0000"
    },
    "done": true
  },
  "lootr:root": {
    "criteria": {
      "always_true": "2024-07-31 07:37:58 +0000"
    },
    "done": true
  },
  "placeablesmod:placeables": {
    "criteria": {
      "placeables": "2024-07-31 07:37:58 +0000"
    },
    "done": true
  },
  "comforts:hammock_pink": {
    "criteria": {
      "has_the_recipe": "2024-07-31 07:37:58 +0000"
    },
    "done": true
  },
  "comforts:hammock_brown": {
    "criteria": {
      "has_the_recipe": "2024-07-31 07:37:58 +0000"
    },
    "done": true
  },
  "comforts:sleeping_bag_lime": {
    "criteria": {
      "has_the_recipe": "2024-07-31 07:37:58 +0000"
    },
    "done": true
  },
  "comforts:hammock_yellow": {
    "criteria": {
      "has_the_recipe": "2024-07-31 07:37:58 +0000"
    },
    "done": true
  },
  "explorerscompass:explorers_compass_cobweb": {
    "criteria": {
      "has_recipe": "2024-07-31 07:37:58 +0000"
    },
    "done": true
  },
  "eeeabsmobs:eeeabsmobs/root": {
    "criteria": {
      "requirement": "2024-07-31 07:37:58 +0000"
    },
    "done": true
  },
  "comforts:sleeping_bag_blue": {
    "criteria": {
      "has_the_recipe": "2024-07-31 07:37:58 +0000"
    },
    "done": true
  },
  "betterdeserttemples:root": {
    "criteria": {
      "always": "2024-07-31 07:37:58 +0000"
    },
    "done": true
  },
  "cataclysm:root": {
    "criteria": {
      "custom_test_name": "2024-07-31 07:37:58 +0000"
    },
    "done": true
  },
  "comforts:sleeping_bag_yellow": {
    "criteria": {
      "has_the_recipe": "2024-07-31 07:37:58 +0000"
    },
    "done": true
  },
  "incendium:technical/new_player": {
    "criteria": {
      "requirement": "2024-07-31 07:37:58 +0000"
    },
    "done": true
  },
  "explorerscompass:explorers_compass": {
    "criteria": {
      "has_recipe": "2024-07-31 07:37:58 +0000"
    },
    "done": true
  },
  "comforts:hammock_orange": {
    "criteria": {
      "has_the_recipe": "2024-07-31 07:37:58 +0000"
    },
    "done": true
  },
  "incendium:technical/scroll_of_returning": {
    "criteria": {
      "log_spam_fixer": "2024-07-31 07:38:00 +0000"
    },
    "done": false
  },
  "incendium:technical/using/ragnarok": {
    "criteria": {
      "log_spam_fixer": "2024-07-31 07:38:00 +0000"
    },
    "done": false
  },
  "incendium:technical/using/trailblazer": {
    "criteria": {
      "log_spam_fixer": "2024-07-31 07:38:00 +0000"
    },
    "done": false
  },
  "minecraft:adventure/adventuring_time": {
    "criteria": {
      "minecraft:snowy_slopes": "2024-07-31 07:54:40 +0000",
      "quark:glimmering_weald": "2024-08-02 02:05:05 +0000",
      "minecraft:cherry_grove": "2024-07-31 07:49:07 +0000",
      "minecraft:sunflower_plains": "2024-07-31 07:45:42 +0000",
      "minecraft:savanna_plateau": "2024-07-31 08:23:27 +0000",
      "minecraft:stony_peaks": "2024-08-02 02:01:18 +0000",
      "minecraft:river": "2024-07-31 07:53:04 +0000",
      "minecraft:dripstone_caves": "2024-08-02 02:00:04 +0000",
      "minecraft:desert": "2024-07-31 07:38:00 +0000",
      "minecraft:frozen_peaks": "2024-07-31 07:54:41 +0000",
      "minecraft:deep_dark": "2024-08-02 02:05:00 +0000",
      "minecraft:meadow": "2024-07-31 07:53:07 +0000",
      "minecraft:savanna": "2024-07-31 07:40:08 +0000",
      "minecraft:plains": "2024-07-31 07:45:25 +0000"
    },
    "done": false
  },
  "incendium:technical/using/shield": {
    "criteria": {
      "log_spam_fixer": "2024-07-31 07:38:00 +0000"
    },
    "done": false
  },
  "tombstone:adventure/root": {
    "criteria": {
      "auto": "2024-07-31 07:38:00 +0000"
    },
    "done": true
  },
  "betterdeserttemples:temple_entry": {
    "criteria": {
      "in_better_desert_temple": "2024-07-31 07:38:46 +0000"
    },
    "done": true
  },
  "dungeons_arise:find_shiraz_palace": {
    "criteria": {
      "location0": "2024-07-31 07:39:44 +0000"
    },
    "done": true
  },
  "mutantmonsters:root": {
    "criteria": {
      "killed_something": "2024-07-31 07:53:11 +0000"
    },
    "done": true
  },
  "minecraft:adventure/root": {
    "criteria": {
      "killed_something": "2024-07-31 07:53:11 +0000"
    },
    "done": true
  },
  "iceandfire:iceandfire/kill_if_dragon": {
    "criteria": {
      "killed_fire_dragon": "2024-07-31 07:53:11 +0000"
    },
    "done": true
  },
  "ancient_elements:can_someone_ventilate": {
    "criteria": {
      "can_someone_ventilate": "2024-08-02 01:29:45 +0000"
    },
    "done": true
  },
  "minecraft:story/iron_tools": {
    "criteria": {
      "iron_pickaxe": "2024-08-02 01:30:28 +0000"
    },
    "done": true
  },
  "minecraft:story/obtain_armor": {
    "criteria": {
      "iron_helmet": "2024-08-02 01:30:35 +0000"
    },
    "done": true
  },
  "repurposed_structures:mineshafts": {
    "criteria": {
      "in_mineshaft_stone": "2024-08-02 01:41:04 +0000"
    },
    "done": false
  },
  "minecraft:story/mine_stone": {
    "criteria": {
      "get_stone": "2024-08-02 01:41:05 +0000"
    },
    "done": true
  },
  "lootr:social": {
    "criteria": {
      "opened_barrel": "2024-08-02 02:07:35 +0000",
      "opened_chest": "2024-08-02 02:24:58 +0000",
      "opened_cart": "2024-08-02 01:41:10 +0000"
    },
    "done": false
  },
  "lootr:1cart": {
    "criteria": {
      "opened_cart": "2024-08-02 01:41:10 +0000"
    },
    "done": true
  },
  "minecraft:story/smelt_iron": {
    "criteria": {
      "iron": "2024-08-02 01:41:14 +0000"
    },
    "done": true
  },
  "farmersdelight:main/get_fd_seed": {
    "criteria": {
      "tomato_seeds": "2024-08-02 01:41:15 +0000"
    },
    "done": true
  },
  "ancient_elements:cosmic_discoverer": {
    "criteria": {
      "cosmic_discoverer": "2024-08-02 01:55:36 +0000"
    },
    "done": true
  },
  "minecraft:husbandry/balanced_diet": {
    "criteria": {
      "golden_carrot": "2024-08-02 01:58:01 +0000"
    },
    "done": false
  },
  "minecraft:husbandry/root": {
    "criteria": {
      "consumed_item": "2024-08-02 01:58:01 +0000"
    },
    "done": true
  },
  "minecraft:adventure/kill_all_mobs": {
    "criteria": {
      "minecraft:skeleton": "2024-08-02 02:19:45 +0000",
      "minecraft:spider": "2024-08-02 02:01:19 +0000",
      "minecraft:creeper": "2024-08-02 19:46:11 +0000",
      "minecraft:wither_skeleton": "2024-08-02 03:33:21 +0000",
      "minecraft:husk": "2024-08-02 03:04:13 +0000",
      "minecraft:cave_spider": "2024-08-02 02:00:23 +0000",
      "minecraft:zombie": "2024-08-02 02:21:16 +0000",
      "minecraft:zombie_villager": "2024-08-02 02:07:40 +0000"
    },
    "done": false
  },
  "minecraft:adventure/kill_a_mob": {
    "criteria": {
      "minecraft:cave_spider": "2024-08-02 02:00:23 +0000"
    },
    "done": true
  },
  "undead_revamp2:nowyouknow": {
    "criteria": {
      "nowyouknow": "2024-08-02 02:02:52 +0000"
    },
    "done": true
  },
  "tombstone:adventure/discreet_search": {
    "criteria": {
      "coded_trigger": "2024-08-02 02:03:02 +0000"
    },
    "done": true
  },
  "tombstone:recipes/from_grave_dust": {
    "criteria": {
      "has_ingredient": "2024-08-02 02:03:07 +0000"
    },
    "done": true
  },
  "deeperdarker:main/root": {
    "criteria": {
      "deep_dark": "2024-08-02 02:05:00 +0000"
    },
    "done": true
  },
  "endrem:main/root": {
    "criteria": {
      "lost_eye": "2024-08-02 02:05:18 +0000"
    },
    "done": true
  },
  "endrem:main/lost_eye": {
    "criteria": {
      "lost_eye": "2024-08-02 02:05:18 +0000"
    },
    "done": true
  },
  "lootr:1barrel": {
    "criteria": {
      "opened_barrel": "2024-08-02 02:07:35 +0000"
    },
    "done": true
  },
  "tombstone:adventure/create_magic_scroll": {
    "criteria": {
      "has_magic_scroll": "2024-08-02 02:07:37 +0000"
    },
    "done": true
  },
  "vampirism:main/root": {
    "criteria": {
      "main": "2024-08-02 02:10:51 +0000"
    },
    "done": true
  },
  "minecraft:story/mine_diamond": {
    "criteria": {
      "diamond": "2024-08-02 02:11:56 +0000"
    },
    "done": true
  },
  "tombstone:adventure/first_grave": {
    "criteria": {
      "coded_trigger": "2024-08-02 02:22:52 +0000"
    },
    "done": true
  },
  "tombstone:adventure/strong_or_careful": {
    "criteria": {
      "coded_trigger": "2024-08-02 02:22:52 +0000"
    },
    "done": true
  },
  "tombstone:adventure/first_knowledge": {
    "criteria": {
      "coded_trigger": "2024-08-02 02:22:52 +0000"
    },
    "done": true
  },
  "tombstone:recipes/from_grave_key": {
    "criteria": {
      "has_ingredient": "2024-08-02 02:22:55 +0000"
    },
    "done": true
  },
  "tombstone:adventure/combine_in_inventory": {
    "criteria": {
      "coded_trigger": "2024-08-02 02:23:16 +0000"
    },
    "done": true
  },
  "tombstone:adventure/enchant_grave_key": {
    "criteria": {
      "has_upgraded_grave_key": "2024-08-02 02:23:16 +0000"
    },
    "done": true
  },
  "tombstone:adventure/teleport_to_grave": {
    "criteria": {
      "coded_trigger": "2024-08-02 02:23:21 +0000"
    },
    "done": true
  },
  "lootr:1chest": {
    "criteria": {
      "opened_chest": "2024-08-02 02:24:58 +0000"
    },
    "done": true
  },
  "minecraft:adventure/sleep_in_bed": {
    "criteria": {
      "slept_in_bed": "2024-08-02 02:25:30 +0000"
    },
    "done": true
  },
  "undead_revamp2:legendaryweapon": {
    "criteria": {
      "legendaryweapon": "2024-08-02 02:29:58 +0000"
    },
    "done": true
  },
  "tombstone:adventure/ashes_and_bones": {
    "criteria": {
      "coded_trigger": "2024-08-02 03:02:33 +0000"
    },
    "done": true
  },
  "repurposed_structures:igloos": {
    "criteria": {
      "in_igloo_grassy": "2024-08-02 03:03:07 +0000"
    },
    "done": false
  },
  "tombstone:adventure/find_grave_dust": {
    "criteria": {
      "from_undead": "2024-08-02 03:04:13 +0000"
    },
    "done": true
  },
  "tombstone:adventure/choose_knowledge": {
    "criteria": {
      "coded_trigger": "2024-08-02 03:04:27 +0000"
    },
    "done": true
  },
  "alexsmobs:alexsmobs/rattlesnake": {
    "criteria": {
      "killed_by": "2024-08-02 03:07:44 +0000"
    },
    "done": true
  },
  "artifacts:amateur_archaeologist": {
    "criteria": {
      "find_artifact": "2024-08-02 03:08:06 +0000"
    },
    "done": true
  },
  "lootr:10loot": {
    "criteria": {
      "loot_stat": "2024-08-02 03:08:29 +0000"
    },
    "done": true
  },
  "alexscaves:alexscaves/cave_tablet": {
    "criteria": {
      "cave_tablet": "2024-08-02 03:08:34 +0000"
    },
    "done": true
  },
  "evilcraft:evil_source": {
    "criteria": {
      "criteria_0": "2024-08-02 03:08:44 +0000"
    },
    "done": true
  },
  "minecraft:story/shiny_gear": {
    "criteria": {
      "diamond_chestplate": "2024-08-02 03:19:44 +0000"
    },
    "done": true
  },
  "undead_revamp2:thineded": {
    "criteria": {
      "thineded": "2024-08-02 03:20:38 +0000"
    },
    "done": true
  },
  "undead_revamp2:oneskelly": {
    "criteria": {
      "oneskelly": "2024-08-02 03:20:41 +0000"
    },
    "done": true
  },
  "tombstone:adventure/create_magic_tablet": {
    "criteria": {
      "has_magic_tablet": "2024-08-02 03:22:50 +0000"
    },
    "done": true
  },
  "player_companions:crafting/craft_lead": {
    "criteria": {
      "crafting_table": "2024-08-02 03:26:04 +0000"
    },
    "done": true
  },
  "player_companions:crafting/root": {
    "criteria": {
      "crafting_table": "2024-08-02 03:26:04 +0000"
    },
    "done": true
  },
  "minecraft:story/root": {
    "criteria": {
      "crafting_table": "2024-08-02 03:26:04 +0000"
    },
    "done": true
  },
  "tombstone:adventure/use_reach": {
    "criteria": {
      "has_magic_scroll": "2024-08-02 03:30:00 +0000"
    },
    "done": true
  },
  "tombstone:adventure/mutual_aid": {
    "criteria": {
      "coded_trigger": "2024-08-02 03:30:00 +0000"
    },
    "done": true
  },
  "lootr:25loot": {
    "criteria": {
      "loot_stat": "2024-08-02 03:30:46 +0000"
    },
    "done": true
  },
  "minecraft:nether/get_wither_skull": {
    "criteria": {
      "wither_skull": "2024-08-02 03:31:48 +0000"
    },
    "done": true
  },
  "vampirism:vampire/become_vampire": {
    "criteria": {
      "main": "2024-08-02 03:33:23 +0000"
    },
    "done": true
  },
  "tombstone:adventure/bone_crusher": {
    "criteria": {
      "coded_trigger": "2024-08-02 03:38:38 +0000"
    },
    "done": true
  },
  "minecraft:story/form_obsidian": {
    "criteria": {
      "obsidian": "2024-08-02 03:43:19 +0000"
    },
    "done": true
  },
  "minecraft:husbandry/obtain_netherite_hoe": {
    "criteria": {
      "netherite_hoe": "2024-08-02 03:49:33 +0000"
    },
    "done": true
  },
  "tombstone:adventure/create_voodoo_poppet": {
    "criteria": {
      "has_voodoo_poppet": "2024-08-02 03:51:47 +0000"
    },
    "done": true
  },
  "tombstone:adventure/enchant_voodoo_poppet": {
    "criteria": {
      "has_enchanted_voodoo_poppet": "2024-08-02 03:51:47 +0000"
    },
    "done": true
  },
  "minecraft:nether/obtain_ancient_debris": {
    "criteria": {
      "ancient_debris": "2024-08-02 04:02:21 +0000"
    },
    "done": true
  },
  "lootr:50loot": {
    "criteria": {
      "loot_stat": "2024-08-02 04:08:45 +0000"
    },
    "done": true
  },
  "minecraft:adventure/shoot_arrow": {
    "criteria": {
      "shot_arrow": "2024-08-02 04:11:31 +0000"
    },
    "done": true
  },
  "undead_revamp2:mommy": {
    "criteria": {
      "mommy": "2024-08-02 19:30:46 +0000"
    },
    "done": true
  },
  "ae2:main/root": {
    "criteria": {
      "copper": "2024-08-02 19:45:11 +0000"
    },
    "done": true
  },
  "DataVersion": 3465
}