{
  "minecraft:story/obtain_armor": {
    "criteria": {
      "iron_leggings": "2024-08-03 00:14:44 +0000"
    },
    "done": true
  },
  "farmersdelight:main/root": {
    "criteria": {
      "seeds": "2024-08-03 00:14:44 +0000"
    },
    "done": true
  },
  "ironfurnaces:coal": {
    "criteria": {
      "rainbowcoal": "2024-08-03 00:14:44 +0000"
    },
    "done": true
  },
  "tombstone:adventure/enchant_voodoo_poppet": {
    "criteria": {
      "has_enchanted_voodoo_poppet": "2024-08-03 00:14:44 +0000"
    },
    "done": true
  },
  "iceandfire:iceandfire/root": {
    "criteria": {
      "tick": "2024-08-03 00:14:54 +0000"
    },
    "done": true
  },
  "takesapillage:root": {
    "criteria": {
      "always": "2024-08-03 00:14:54 +0000"
    },
    "done": true
  },
  "ancient_elements:ancient_elements": {
    "criteria": {
      "ancient_elements": "2024-08-03 00:14:54 +0000"
    },
    "done": true
  },
  "player_companions:grant_book_on_first_join": {
    "criteria": {
      "tick": "2024-08-03 00:14:54 +0000"
    },
    "done": true
  },
  "dungeons_arise:wda_root": {
    "criteria": {
      "WDA": "2024-08-03 00:14:54 +0000"
    },
    "done": true
  },
  "undead_revamp2:theundeadchallenges": {
    "criteria": {
      "theundeadchallenges": "2024-08-03 00:14:54 +0000"
    },
    "done": true
  },
  "minecraft:story/mine_stone": {
    "criteria": {
      "get_stone": "2024-08-03 00:14:54 +0000"
    },
    "done": true
  },
  "repurposed_structures:root": {
    "criteria": {
      "always": "2024-08-03 00:14:54 +0000"
    },
    "done": true
  },
  "mowziesmobs:root": {
    "criteria": {
      "custom_test_name": "2024-08-03 00:14:54 +0000"
    },
    "done": true
  },
  "artifacts:amateur_archaeologist": {
    "criteria": {
      "find_artifact": "2024-08-03 00:14:54 +0000"
    },
    "done": true
  },
  "betterdungeons:root": {
    "criteria": {
      "always": "2024-08-03 00:14:54 +0000"
    },
    "done": true
  },
  "lootr:root": {
    "criteria": {
      "always_true": "2024-08-03 00:14:54 +0000"
    },
    "done": true
  },
  "placeablesmod:placeables": {
    "criteria": {
      "placeables": "2024-08-03 00:14:54 +0000"
    },
    "done": true
  },
  "eeeabsmobs:eeeabsmobs/root": {
    "criteria": {
      "requirement": "2024-08-03 00:14:54 +0000"
    },
    "done": true
  },
  "tombstone:adventure/create_voodoo_poppet": {
    "criteria": {
      "has_voodoo_poppet": "2024-08-03 00:14:54 +0000"
    },
    "done": true
  },
  "betterdeserttemples:root": {
    "criteria": {
      "always": "2024-08-03 00:14:54 +0000"
    },
    "done": true
  },
  "cataclysm:root": {
    "criteria": {
      "custom_test_name": "2024-08-03 00:14:54 +0000"
    },
    "done": true
  },
  "incendium:technical/new_player": {
    "criteria": {
      "requirement": "2024-08-03 00:14:54 +0000"
    },
    "done": true
  },
  "incendium:technical/scroll_of_returning": {
    "criteria": {
      "log_spam_fixer": "2024-08-03 00:14:57 +0000"
    },
    "done": false
  },
  "incendium:technical/using/ragnarok": {
    "criteria": {
      "log_spam_fixer": "2024-08-03 00:14:57 +0000"
    },
    "done": false
  },
  "incendium:technical/using/trailblazer": {
    "criteria": {
      "log_spam_fixer": "2024-08-03 00:14:57 +0000"
    },
    "done": false
  },
  "minecraft:adventure/adventuring_time": {
    "criteria": {
      "minecraft:cherry_grove": "2024-08-03 00:14:57 +0000",
      "minecraft:sunflower_plains": "2024-08-03 00:19:22 +0000",
      "minecraft:savanna_plateau": "2024-08-03 05:18:57 +0000",
      "minecraft:beach": "2024-08-03 00:25:22 +0000",
      "minecraft:stony_peaks": "2024-08-03 05:20:17 +0000",
      "minecraft:sparse_jungle": "2024-08-03 07:04:41 +0000",
      "minecraft:river": "2024-08-03 00:25:08 +0000",
      "minecraft:cold_ocean": "2024-08-03 19:26:04 +0000",
      "minecraft:desert": "2024-08-03 05:31:18 +0000",
      "minecraft:jungle": "2024-08-03 07:02:40 +0000",
      "minecraft:flower_forest": "2024-08-03 01:08:20 +0000",
      "minecraft:meadow": "2024-08-03 19:40:46 +0000",
      "minecraft:savanna": "2024-08-03 05:28:26 +0000",
      "minecraft:plains": "2024-08-03 00:23:31 +0000"
    },
    "done": false
  },
  "incendium:technical/using/shield": {
    "criteria": {
      "log_spam_fixer": "2024-08-03 00:14:57 +0000"
    },
    "done": false
  },
  "tombstone:adventure/root": {
    "criteria": {
      "auto": "2024-08-03 00:14:57 +0000"
    },
    "done": true
  },
  "minecraft:husbandry/balanced_diet": {
    "criteria": {
      "cooked_porkchop": "2024-08-03 19:43:28 +0000",
      "bread": "2024-08-03 05:42:58 +0000",
      "golden_apple": "2024-08-03 07:20:09 +0000",
      "golden_carrot": "2024-08-03 00:16:49 +0000"
    },
    "done": false
  },
  "minecraft:husbandry/root": {
    "criteria": {
      "consumed_item": "2024-08-03 00:16:49 +0000"
    },
    "done": true
  },
  "minecraft:nether/obtain_crying_obsidian": {
    "criteria": {
      "crying_obsidian": "2024-08-03 00:17:00 +0000"
    },
    "done": true
  },
  "minecraft:adventure/shoot_arrow": {
    "criteria": {
      "shot_arrow": "2024-08-03 00:17:13 +0000"
    },
    "done": true
  },
  "alexsmobs:alexsmobs/sunbird_blessing": {
    "criteria": {
      "all_effects": "2024-08-03 00:17:37 +0000"
    },
    "done": true
  },
  "dungeons_arise:find_merchant_campsite": {
    "criteria": {
      "location0": "2024-08-03 00:20:22 +0000"
    },
    "done": true
  },
  "mutantmonsters:root": {
    "criteria": {
      "killed_something": "2024-08-03 00:21:51 +0000"
    },
    "done": true
  },
  "minecraft:adventure/root": {
    "criteria": {
      "killed_something": "2024-08-03 00:21:51 +0000"
    },
    "done": true
  },
  "iceandfire:iceandfire/kill_if_dragon": {
    "criteria": {
      "killed_fire_dragon": "2024-08-03 00:21:51 +0000"
    },
    "done": true
  },
  "iceandfire:iceandfire/kill_cyclops": {
    "criteria": {
      "killed_fire_dragon": "2024-08-03 00:22:00 +0000"
    },
    "done": true
  },
  "minecraft:adventure/kill_all_mobs": {
    "criteria": {
      "minecraft:skeleton": "2024-08-03 04:57:33 +0000",
      "minecraft:hoglin": "2024-08-03 19:32:48 +0000",
      "minecraft:spider": "2024-08-03 00:23:42 +0000",
      "minecraft:creeper": "2024-08-03 07:41:15 +0000",
      "minecraft:phantom": "2024-08-03 19:33:48 +0000",
      "minecraft:wither_skeleton": "2024-08-03 06:24:50 +0000",
      "minecraft:husk": "2024-08-03 05:32:14 +0000",
      "minecraft:cave_spider": "2024-08-03 05:43:01 +0000",
      "minecraft:enderman": "2024-08-03 18:57:12 +0000",
      "minecraft:zombie": "2024-08-03 00:43:35 +0000"
    },
    "done": false
  },
  "minecraft:adventure/kill_a_mob": {
    "criteria": {
      "minecraft:spider": "2024-08-03 00:23:42 +0000"
    },
    "done": true
  },
  "undead_revamp2:parry": {
    "criteria": {
      "parry": "2024-08-03 00:24:22 +0000"
    },
    "done": true
  },
  "lootr:1chest": {
    "criteria": {
      "opened_chest": "2024-08-03 00:25:41 +0000"
    },
    "done": true
  },
  "lootr:social": {
    "criteria": {
      "opened_barrel": "2024-08-03 05:40:15 +0000",
      "opened_chest": "2024-08-03 00:25:41 +0000"
    },
    "done": false
  },
  "naturescompass:natures_compass_sapling": {
    "criteria": {
      "has_sapling": "2024-08-03 00:27:37 +0000"
    },
    "done": true
  },
  "naturescompass:natures_compass_log": {
    "criteria": {
      "has_log": "2024-08-03 00:27:39 +0000"
    },
    "done": true
  },
  "minecraft:story/smelt_iron": {
    "criteria": {
      "iron": "2024-08-03 00:28:20 +0000"
    },
    "done": true
  },
  "player_companions:crafting/craft_lead": {
    "criteria": {
      "crafting_table": "2024-08-03 00:28:26 +0000"
    },
    "done": true
  },
  "player_companions:crafting/root": {
    "criteria": {
      "crafting_table": "2024-08-03 00:28:26 +0000"
    },
    "done": true
  },
  "minecraft:story/root": {
    "criteria": {
      "crafting_table": "2024-08-03 00:28:26 +0000"
    },
    "done": true
  },
  "minecraft:story/mine_diamond": {
    "criteria": {
      "diamond": "2024-08-03 00:37:26 +0000"
    },
    "done": true
  },
  "ancient_elements:can_someone_ventilate": {
    "criteria": {
      "can_someone_ventilate": "2024-08-03 00:42:08 +0000"
    },
    "done": true
  },
  "comforts:sleeping_bag_white": {
    "criteria": {
      "has_white_wool": "2024-08-03 00:45:41 +0000"
    },
    "done": true
  },
  "comforts:hammock_white": {
    "criteria": {
      "has_white_wool": "2024-08-03 00:45:41 +0000"
    },
    "done": true
  },
  "minecraft:adventure/sleep_in_bed": {
    "criteria": {
      "slept_in_bed": "2024-08-03 00:46:22 +0000"
    },
    "done": true
  },
  "repurposed_structures:igloos": {
    "criteria": {
      "in_igloo_grassy": "2024-08-03 00:50:39 +0000"
    },
    "done": false
  },
  "minecraft:story/shiny_gear": {
    "criteria": {
      "diamond_leggings": "2024-08-03 00:55:47 +0000"
    },
    "done": true
  },
  "undead_revamp2:sugarcoat": {
    "criteria": {
      "sugarcoat": "2024-08-03 00:58:27 +0000"
    },
    "done": true
  },
  "minecraft:story/enchant_item": {
    "criteria": {
      "enchanted_item": "2024-08-03 04:53:39 +0000"
    },
    "done": true
  },
  "tombstone:adventure/ashes_and_bones": {
    "criteria": {
      "coded_trigger": "2024-08-03 04:57:16 +0000"
    },
    "done": true
  },
  "tombstone:adventure/find_grave_dust": {
    "criteria": {
      "from_undead": "2024-08-03 04:58:21 +0000"
    },
    "done": true
  },
  "tombstone:recipes/from_grave_dust": {
    "criteria": {
      "has_ingredient": "2024-08-03 04:58:22 +0000"
    },
    "done": true
  },
  "comforts:sleeping_bag_light_gray": {
    "criteria": {
      "has_light_gray_wool": "2024-08-03 05:09:38 +0000"
    },
    "done": true
  },
  "comforts:hammock_light_gray": {
    "criteria": {
      "has_light_gray_wool": "2024-08-03 05:09:38 +0000"
    },
    "done": true
  },
  "mowziesmobs:kill_umvuthana_raptor": {
    "criteria": {
      "umvuthana_raptor": "2024-08-03 05:22:01 +0000"
    },
    "done": true
  },
  "dungeons_arise:find_shiraz_palace": {
    "criteria": {
      "location0": "2024-08-03 05:32:05 +0000"
    },
    "done": true
  },
  "betterdeserttemples:temple_entry": {
    "criteria": {
      "in_better_desert_temple": "2024-08-03 05:32:06 +0000"
    },
    "done": true
  },
  "lootr:1barrel": {
    "criteria": {
      "opened_barrel": "2024-08-03 05:40:15 +0000"
    },
    "done": true
  },
  "tombstone:adventure/create_magic_tablet": {
    "criteria": {
      "has_magic_tablet": "2024-08-03 05:40:21 +0000"
    },
    "done": true
  },
  "player_companions:crafting/tame_items": {
    "criteria": {
      "has_lead": "2024-08-03 05:43:55 +0000"
    },
    "done": true
  },
  "tombstone:adventure/bone_crusher": {
    "criteria": {
      "coded_trigger": "2024-08-03 05:44:25 +0000"
    },
    "done": true
  },
  "lootr:10loot": {
    "criteria": {
      "loot_stat": "2024-08-03 05:45:37 +0000"
    },
    "done": true
  },
  "ae2:main/root": {
    "criteria": {
      "copper": "2024-08-03 05:46:51 +0000"
    },
    "done": true
  },
  "tombstone:adventure/create_magic_scroll": {
    "criteria": {
      "has_magic_scroll": "2024-08-03 05:47:44 +0000"
    },
    "done": true
  },
  "tombstone:adventure/use_feather_fall": {
    "criteria": {
      "has_magic_scroll": "2024-08-03 06:04:02 +0000"
    },
    "done": true
  },
  "tombstone:adventure/mutual_aid": {
    "criteria": {
      "coded_trigger": "2024-08-03 06:04:02 +0000"
    },
    "done": true
  },
  "tombstone:adventure/choose_knowledge": {
    "criteria": {
      "coded_trigger": "2024-08-03 06:04:15 +0000"
    },
    "done": true
  },
  "minecraft:nether/get_wither_skull": {
    "criteria": {
      "wither_skull": "2024-08-03 06:04:36 +0000"
    },
    "done": true
  },
  "lootr:25loot": {
    "criteria": {
      "loot_stat": "2024-08-03 06:05:39 +0000"
    },
    "done": true
  },
  "lootr:50loot": {
    "criteria": {
      "loot_stat": "2024-08-03 06:30:19 +0000"
    },
    "done": true
  },
  "tombstone:adventure/use_knowledge": {
    "criteria": {
      "coded_trigger": "2024-08-03 06:32:22 +0000"
    },
    "done": true
  },
  "comforts:sleeping_bag_cyan": {
    "criteria": {
      "has_cyan_wool": "2024-08-03 06:38:36 +0000"
    },
    "done": true
  },
  "comforts:hammock_cyan": {
    "criteria": {
      "has_cyan_wool": "2024-08-03 06:38:36 +0000"
    },
    "done": true
  },
  "minecraft:nether/obtain_ancient_debris": {
    "criteria": {
      "ancient_debris": "2024-08-03 06:39:06 +0000"
    },
    "done": true
  },
  "evilcraft:root": {
    "criteria": {
      "criteria_0": "2024-08-03 06:59:19 +0000"
    },
    "done": true
  },
  "alexsmobs:alexsmobs/tarantula_hawk": {
    "criteria": {
      "killed_by": "2024-08-03 07:01:18 +0000"
    },
    "done": true
  },
  "portablemobs:basiccelladvancement": {
    "criteria": {
      "basiccell": "2024-08-03 07:02:37 +0000"
    },
    "done": true
  },
  "portablemobs:captureadvancement": {
    "criteria": {
      "capture": "2024-08-03 07:03:06 +0000"
    },
    "done": true
  },
  "minecraft:nether/summon_wither": {
    "criteria": {
      "summoned": "2024-08-03 07:06:34 +0000"
    },
    "done": true
  },
  "endrem:main/wither_eye": {
    "criteria": {
      "wither_eye": "2024-08-03 07:07:37 +0000"
    },
    "done": true
  },
  "endrem:main/root": {
    "criteria": {
      "wither_eye": "2024-08-03 07:07:37 +0000"
    },
    "done": true
  },
  "tombstone:adventure/prevent_death_darkness": {
    "criteria": {
      "coded_trigger": "2024-08-03 07:08:10 +0000"
    },
    "done": true
  },
  "tombstone:adventure/exorcism": {
    "criteria": {
      "coded_trigger": "2024-08-03 07:28:01 +0000"
    },
    "done": true
  },
  "tombstone:adventure/choose_grave_type": {
    "criteria": {
      "coded_trigger": "2024-08-03 07:30:48 +0000"
    },
    "done": true
  },
  "minecraft:adventure/trade": {
    "criteria": {
      "traded": "2024-08-03 07:37:46 +0000"
    },
    "done": true
  },
  "ancient_elements:glacial_vengeance": {
    "criteria": {
      "glacial_vengeance": "2024-08-03 07:40:37 +0000"
    },
    "done": true
  },
  "tombstone:recipes/from_white_marble": {
    "criteria": {
      "has_ingredient": "2024-08-03 07:57:40 +0000"
    },
    "done": true
  },
  "tombstone:adventure/create_grave_marble": {
    "criteria": {
      "has_grave_marble": "2024-08-03 07:57:40 +0000"
    },
    "done": true
  },
  "tombstone:adventure/create_decorative_grave": {
    "criteria": {
      "has_decorative_grave": "2024-08-03 07:57:48 +0000"
    },
    "done": true
  },
  "tombstone:recipes/from_decorative_grave": {
    "criteria": {
      "has_ingredient": "2024-08-03 07:57:48 +0000"
    },
    "done": true
  },
  "minecraft:story/cure_zombie_villager": {
    "criteria": {
      "cured_zombie": "2024-08-03 08:05:23 +0000"
    },
    "done": true
  },
  "incendium:technical/on_inventory_change": {
    "criteria": {
      "requirement": "2024-08-03 19:44:54 +0000"
    },
    "done": false
  },
  "undead_revamp2:cloggeradvance": {
    "criteria": {
      "cloggeradvance": "2024-08-03 18:55:52 +0000"
    },
    "done": true
  },
  "botania:challenge/root": {
    "criteria": {
      "flower": "2024-08-03 18:36:22 +0000"
    },
    "done": true
  },
  "dungeons_arise:find_lighthouse": {
    "criteria": {
      "location0": "2024-08-03 18:56:59 +0000"
    },
    "done": true
  },
  "botania:main/root": {
    "criteria": {
      "flower": "2024-08-03 18:36:22 +0000"
    },
    "done": true
  },
  "tombstone:adventure/stolen_magic": {
    "criteria": {
      "coded_trigger": "2024-08-03 17:44:56 +0000"
    },
    "done": true
  },
  "alexsmobs:alexsmobs/orcas_might": {
    "criteria": {
      "all_effects": "2024-08-03 19:26:06 +0000"
    },
    "done": true
  },
  "tombstone:adventure/ambush": {
    "criteria": {
      "coded_trigger": "2024-08-03 18:40:02 +0000"
    },
    "done": true
  },
  "comforts:hammock_black": {
    "criteria": {
      "has_black_wool": "2024-08-03 18:54:10 +0000"
    },
    "done": true
  },
  "botania:main/flower_pickup_lexicon": {
    "criteria": {
      "flower": "2024-08-03 18:36:22 +0000"
    },
    "done": true
  },
  "tombstone:adventure/magic_siphoner": {
    "criteria": {
      "coded_trigger": "2024-08-03 19:42:40 +0000"
    },
    "done": true
  },
  "comforts:sleeping_bag_black": {
    "criteria": {
      "has_black_wool": "2024-08-03 18:54:10 +0000"
    },
    "done": true
  },
  "betterdungeons:all_dungeons": {
    "criteria": {
      "in_better_spider_dungeon": "2024-08-03 19:24:37 +0000"
    },
    "done": false
  },
  "alexsmobs:alexsmobs/seagull_steal": {
    "criteria": {
      "ex": "2024-08-03 19:25:46 +0000"
    },
    "done": true
  },
  "ancient_elements:cosmic_discoverer": {
    "criteria": {
      "cosmic_discoverer": "2024-08-03 18:52:33 +0000"
    },
    "done": true
  },
  "dungeons_arise:find_heavenly_rider": {
    "criteria": {
      "location0": "2024-08-03 19:32:37 +0000"
    },
    "done": true
  },
  "deeperdarker:main/kill_all_sculk_mobs": {
    "criteria": {
      "phantom": "2024-08-03 19:33:48 +0000"
    },
    "done": false
  },
  "tombstone:adventure/create_familiar_receptacle": {
    "criteria": {
      "has_familiar_receptacle": "2024-08-03 19:37:29 +0000"
    },
    "done": true
  },
  "betterdungeons:spider_dungeon": {
    "criteria": {
      "in_better_spider_dungeon": "2024-08-03 19:24:37 +0000"
    },
    "done": true
  },
  "botania:main/flower_pickup": {
    "criteria": {
      "flower": "2024-08-03 18:36:22 +0000"
    },
    "done": true
  },
  "DataVersion": 3465
}