{
  "minecraft:story/obtain_armor": {
    "criteria": {
      "iron_leggings": "2024-08-03 00:14:44 +0000"
    },
    "done": true
  },
  "farmersdelight:main/root": {
    "criteria": {
      "seeds": "2024-08-03 00:14:44 +0000"
    },
    "done": true
  },
  "ironfurnaces:coal": {
    "criteria": {
      "rainbowcoal": "2024-08-03 00:14:44 +0000"
    },
    "done": true
  },
  "tombstone:adventure/enchant_voodoo_poppet": {
    "criteria": {
      "has_enchanted_voodoo_poppet": "2024-08-03 00:14:44 +0000"
    },
    "done": true
  },
  "iceandfire:iceandfire/root": {
    "criteria": {
      "tick": "2024-08-03 00:14:54 +0000"
    },
    "done": true
  },
  "takesapillage:root": {
    "criteria": {
      "always": "2024-08-03 00:14:54 +0000"
    },
    "done": true
  },
  "ancient_elements:ancient_elements": {
    "criteria": {
      "ancient_elements": "2024-08-03 00:14:54 +0000"
    },
    "done": true
  },
  "player_companions:grant_book_on_first_join": {
    "criteria": {
      "tick": "2024-08-03 00:14:54 +0000"
    },
    "done": true
  },
  "dungeons_arise:wda_root": {
    "criteria": {
      "WDA": "2024-08-03 00:14:54 +0000"
    },
    "done": true
  },
  "undead_revamp2:theundeadchallenges": {
    "criteria": {
      "theundeadchallenges": "2024-08-03 00:14:54 +0000"
    },
    "done": true
  },
  "minecraft:story/mine_stone": {
    "criteria": {
      "get_stone": "2024-08-03 00:14:54 +0000"
    },
    "done": true
  },
  "repurposed_structures:root": {
    "criteria": {
      "always": "2024-08-03 00:14:54 +0000"
    },
    "done": true
  },
  "mowziesmobs:root": {
    "criteria": {
      "custom_test_name": "2024-08-03 00:14:54 +0000"
    },
    "done": true
  },
  "artifacts:amateur_archaeologist": {
    "criteria": {
      "find_artifact": "2024-08-03 00:14:54 +0000"
    },
    "done": true
  },
  "betterdungeons:root": {
    "criteria": {
      "always": "2024-08-03 00:14:54 +0000"
    },
    "done": true
  },
  "lootr:root": {
    "criteria": {
      "always_true": "2024-08-03 00:14:54 +0000"
    },
    "done": true
  },
  "placeablesmod:placeables": {
    "criteria": {
      "placeables": "2024-08-03 00:14:54 +0000"
    },
    "done": true
  },
  "eeeabsmobs:eeeabsmobs/root": {
    "criteria": {
      "requirement": "2024-08-03 00:14:54 +0000"
    },
    "done": true
  },
  "tombstone:adventure/create_voodoo_poppet": {
    "criteria": {
      "has_voodoo_poppet": "2024-08-03 00:14:54 +0000"
    },
    "done": true
  },
  "betterdeserttemples:root": {
    "criteria": {
      "always": "2024-08-03 00:14:54 +0000"
    },
    "done": true
  },
  "cataclysm:root": {
    "criteria": {
      "custom_test_name": "2024-08-03 00:14:54 +0000"
    },
    "done": true
  },
  "incendium:technical/new_player": {
    "criteria": {
      "requirement": "2024-08-03 00:14:54 +0000"
    },
    "done": true
  },
  "incendium:technical/scroll_of_returning": {
    "criteria": {
      "log_spam_fixer": "2024-08-03 00:14:57 +0000"
    },
    "done": false
  },
  "incendium:technical/using/ragnarok": {
    "criteria": {
      "log_spam_fixer": "2024-08-03 00:14:57 +0000"
    },
    "done": false
  },
  "incendium:technical/using/trailblazer": {
    "criteria": {
      "log_spam_fixer": "2024-08-03 00:14:57 +0000"
    },
    "done": false
  },
  "minecraft:adventure/adventuring_time": {
    "criteria": {
      "minecraft:cherry_grove": "2024-08-03 00:14:57 +0000",
      "minecraft:sunflower_plains": "2024-08-03 00:19:22 +0000",
      "minecraft:beach": "2024-08-03 00:25:22 +0000",
      "minecraft:river": "2024-08-03 00:25:08 +0000",
      "minecraft:flower_forest": "2024-08-03 01:08:20 +0000",
      "minecraft:plains": "2024-08-03 00:23:31 +0000"
    },
    "done": false
  },
  "incendium:technical/using/shield": {
    "criteria": {
      "log_spam_fixer": "2024-08-03 00:14:57 +0000"
    },
    "done": false
  },
  "tombstone:adventure/root": {
    "criteria": {
      "auto": "2024-08-03 00:14:57 +0000"
    },
    "done": true
  },
  "minecraft:husbandry/balanced_diet": {
    "criteria": {
      "golden_carrot": "2024-08-03 00:16:49 +0000"
    },
    "done": false
  },
  "minecraft:husbandry/root": {
    "criteria": {
      "consumed_item": "2024-08-03 00:16:49 +0000"
    },
    "done": true
  },
  "minecraft:nether/obtain_crying_obsidian": {
    "criteria": {
      "crying_obsidian": "2024-08-03 00:17:00 +0000"
    },
    "done": true
  },
  "minecraft:adventure/shoot_arrow": {
    "criteria": {
      "shot_arrow": "2024-08-03 00:17:13 +0000"
    },
    "done": true
  },
  "alexsmobs:alexsmobs/sunbird_blessing": {
    "criteria": {
      "all_effects": "2024-08-03 00:17:37 +0000"
    },
    "done": true
  },
  "dungeons_arise:find_merchant_campsite": {
    "criteria": {
      "location0": "2024-08-03 00:20:22 +0000"
    },
    "done": true
  },
  "mutantmonsters:root": {
    "criteria": {
      "killed_something": "2024-08-03 00:21:51 +0000"
    },
    "done": true
  },
  "minecraft:adventure/root": {
    "criteria": {
      "killed_something": "2024-08-03 00:21:51 +0000"
    },
    "done": true
  },
  "iceandfire:iceandfire/kill_if_dragon": {
    "criteria": {
      "killed_fire_dragon": "2024-08-03 00:21:51 +0000"
    },
    "done": true
  },
  "iceandfire:iceandfire/kill_cyclops": {
    "criteria": {
      "killed_fire_dragon": "2024-08-03 00:22:00 +0000"
    },
    "done": true
  },
  "minecraft:adventure/kill_all_mobs": {
    "criteria": {
      "minecraft:skeleton": "2024-08-03 04:57:33 +0000",
      "minecraft:spider": "2024-08-03 00:23:42 +0000",
      "minecraft:zombie": "2024-08-03 00:43:35 +0000"
    },
    "done": false
  },
  "minecraft:adventure/kill_a_mob": {
    "criteria": {
      "minecraft:spider": "2024-08-03 00:23:42 +0000"
    },
    "done": true
  },
  "undead_revamp2:parry": {
    "criteria": {
      "parry": "2024-08-03 00:24:22 +0000"
    },
    "done": true
  },
  "lootr:1chest": {
    "criteria": {
      "opened_chest": "2024-08-03 00:25:41 +0000"
    },
    "done": true
  },
  "lootr:social": {
    "criteria": {
      "opened_chest": "2024-08-03 00:25:41 +0000"
    },
    "done": false
  },
  "naturescompass:natures_compass_sapling": {
    "criteria": {
      "has_sapling": "2024-08-03 00:27:37 +0000"
    },
    "done": true
  },
  "naturescompass:natures_compass_log": {
    "criteria": {
      "has_log": "2024-08-03 00:27:39 +0000"
    },
    "done": true
  },
  "minecraft:story/smelt_iron": {
    "criteria": {
      "iron": "2024-08-03 00:28:20 +0000"
    },
    "done": true
  },
  "player_companions:crafting/craft_lead": {
    "criteria": {
      "crafting_table": "2024-08-03 00:28:26 +0000"
    },
    "done": true
  },
  "player_companions:crafting/root": {
    "criteria": {
      "crafting_table": "2024-08-03 00:28:26 +0000"
    },
    "done": true
  },
  "minecraft:story/root": {
    "criteria": {
      "crafting_table": "2024-08-03 00:28:26 +0000"
    },
    "done": true
  },
  "minecraft:story/mine_diamond": {
    "criteria": {
      "diamond": "2024-08-03 00:37:26 +0000"
    },
    "done": true
  },
  "ancient_elements:can_someone_ventilate": {
    "criteria": {
      "can_someone_ventilate": "2024-08-03 00:42:08 +0000"
    },
    "done": true
  },
  "comforts:sleeping_bag_white": {
    "criteria": {
      "has_white_wool": "2024-08-03 00:45:41 +0000"
    },
    "done": true
  },
  "comforts:hammock_white": {
    "criteria": {
      "has_white_wool": "2024-08-03 00:45:41 +0000"
    },
    "done": true
  },
  "minecraft:adventure/sleep_in_bed": {
    "criteria": {
      "slept_in_bed": "2024-08-03 00:46:22 +0000"
    },
    "done": true
  },
  "repurposed_structures:igloos": {
    "criteria": {
      "in_igloo_grassy": "2024-08-03 00:50:39 +0000"
    },
    "done": false
  },
  "minecraft:story/shiny_gear": {
    "criteria": {
      "diamond_leggings": "2024-08-03 00:55:47 +0000"
    },
    "done": true
  },
  "undead_revamp2:sugarcoat": {
    "criteria": {
      "sugarcoat": "2024-08-03 00:58:27 +0000"
    },
    "done": true
  },
  "comforts:sleeping_bag_light_gray": {
    "criteria": {
      "has_light_gray_wool": "2024-08-03 05:09:38 +0000"
    },
    "done": true
  },
  "tombstone:adventure/find_grave_dust": {
    "criteria": {
      "from_undead": "2024-08-03 04:58:21 +0000"
    },
    "done": true
  },
  "minecraft:story/enchant_item": {
    "criteria": {
      "enchanted_item": "2024-08-03 04:53:39 +0000"
    },
    "done": true
  },
  "comforts:hammock_light_gray": {
    "criteria": {
      "has_light_gray_wool": "2024-08-03 05:09:38 +0000"
    },
    "done": true
  },
  "tombstone:recipes/from_grave_dust": {
    "criteria": {
      "has_ingredient": "2024-08-03 04:58:22 +0000"
    },
    "done": true
  },
  "tombstone:adventure/ashes_and_bones": {
    "criteria": {
      "coded_trigger": "2024-08-03 04:57:16 +0000"
    },
    "done": true
  },
  "DataVersion": 3465
}